ISO-10303-21;
HEADER;
/* Generated by software containing ST-Developer
 * from STEP Tools, Inc. (www.steptools.com) 
 */

FILE_DESCRIPTION(
/* description */ (''),
/* implementation_level */ '2;1');

FILE_NAME(
/* name */ '1.27mm Right Angle Pinhead 20.step',
/* time_stamp */ '2025-11-21T10:02:59+06:00',
/* author */ (''),
/* organization */ (''),
/* preprocessor_version */ 'ST-DEVELOPER v20.1',
/* originating_system */ 'Autodesk Translation Framework v14.21.0.0',
/* authorisation */ '');

FILE_SCHEMA (('AUTOMOTIVE_DESIGN { 1 0 10303 214 3 1 1 }'));
ENDSEC;

DATA;
#10=MECHANICAL_DESIGN_GEOMETRIC_PRESENTATION_REPRESENTATION('',(#53,#54,
#55,#56,#57,#58,#59,#60,#61,#62,#63,#64,#65,#66,#67,#68,#69,#70,#71,#72,
#73,#74,#75,#76,#77,#78,#79,#80,#81,#82,#83,#84,#85,#86,#87,#88,#89,#90,
#91,#92),#20632);
#11=SHAPE_REPRESENTATION_RELATIONSHIP('SRR','None',#20639,#12);
#12=ADVANCED_BREP_SHAPE_REPRESENTATION('',(#93,#94,#95,#96,#97,#98,#99,
#100,#101,#102,#103,#104,#105,#106,#107,#108,#109,#110,#111,#112,#113,#114,
#115,#116,#117,#118,#119,#120,#121,#122,#123,#124,#125,#126,#127,#128,#129,
#130,#131,#132),#20631);
#13=FACE_BOUND('',#992,.T.);
#14=FACE_BOUND('',#1010,.T.);
#15=FACE_BOUND('',#1354,.T.);
#16=FACE_BOUND('',#1372,.T.);
#17=FACE_BOUND('',#1374,.T.);
#18=FACE_BOUND('',#1392,.T.);
#19=FACE_BOUND('',#1394,.T.);
#20=FACE_BOUND('',#1412,.T.);
#21=FACE_BOUND('',#1414,.T.);
#22=FACE_BOUND('',#1432,.T.);
#23=FACE_BOUND('',#1434,.T.);
#24=FACE_BOUND('',#1452,.T.);
#25=FACE_BOUND('',#1454,.T.);
#26=FACE_BOUND('',#1472,.T.);
#27=FACE_BOUND('',#1474,.T.);
#28=FACE_BOUND('',#1492,.T.);
#29=FACE_BOUND('',#1494,.T.);
#30=FACE_BOUND('',#1512,.T.);
#31=FACE_BOUND('',#1514,.T.);
#32=FACE_BOUND('',#1532,.T.);
#33=FACE_BOUND('',#1534,.T.);
#34=FACE_BOUND('',#1552,.T.);
#35=FACE_BOUND('',#1554,.T.);
#36=FACE_BOUND('',#1572,.T.);
#37=FACE_BOUND('',#1574,.T.);
#38=FACE_BOUND('',#1592,.T.);
#39=FACE_BOUND('',#1594,.T.);
#40=FACE_BOUND('',#1612,.T.);
#41=FACE_BOUND('',#1614,.T.);
#42=FACE_BOUND('',#1632,.T.);
#43=FACE_BOUND('',#1634,.T.);
#44=FACE_BOUND('',#1652,.T.);
#45=FACE_BOUND('',#1654,.T.);
#46=FACE_BOUND('',#1672,.T.);
#47=FACE_BOUND('',#1674,.T.);
#48=FACE_BOUND('',#1692,.T.);
#49=FACE_BOUND('',#1694,.T.);
#50=FACE_BOUND('',#1712,.T.);
#51=FACE_BOUND('',#1714,.T.);
#52=FACE_BOUND('',#1732,.T.);
#53=STYLED_ITEM('',(#20649),#93);
#54=STYLED_ITEM('',(#20650),#94);
#55=STYLED_ITEM('',(#20649),#95);
#56=STYLED_ITEM('',(#20649),#96);
#57=STYLED_ITEM('',(#20649),#97);
#58=STYLED_ITEM('',(#20649),#98);
#59=STYLED_ITEM('',(#20649),#99);
#60=STYLED_ITEM('',(#20649),#100);
#61=STYLED_ITEM('',(#20649),#101);
#62=STYLED_ITEM('',(#20649),#102);
#63=STYLED_ITEM('',(#20649),#103);
#64=STYLED_ITEM('',(#20649),#104);
#65=STYLED_ITEM('',(#20649),#105);
#66=STYLED_ITEM('',(#20649),#106);
#67=STYLED_ITEM('',(#20649),#107);
#68=STYLED_ITEM('',(#20649),#108);
#69=STYLED_ITEM('',(#20649),#109);
#70=STYLED_ITEM('',(#20649),#110);
#71=STYLED_ITEM('',(#20649),#111);
#72=STYLED_ITEM('',(#20649),#112);
#73=STYLED_ITEM('',(#20649),#113);
#74=STYLED_ITEM('',(#20650),#114);
#75=STYLED_ITEM('',(#20650),#115);
#76=STYLED_ITEM('',(#20650),#116);
#77=STYLED_ITEM('',(#20650),#117);
#78=STYLED_ITEM('',(#20650),#118);
#79=STYLED_ITEM('',(#20650),#119);
#80=STYLED_ITEM('',(#20650),#120);
#81=STYLED_ITEM('',(#20650),#121);
#82=STYLED_ITEM('',(#20650),#122);
#83=STYLED_ITEM('',(#20650),#123);
#84=STYLED_ITEM('',(#20650),#124);
#85=STYLED_ITEM('',(#20650),#125);
#86=STYLED_ITEM('',(#20650),#126);
#87=STYLED_ITEM('',(#20650),#127);
#88=STYLED_ITEM('',(#20650),#128);
#89=STYLED_ITEM('',(#20650),#129);
#90=STYLED_ITEM('',(#20650),#130);
#91=STYLED_ITEM('',(#20650),#131);
#92=STYLED_ITEM('',(#20650),#132);
#93=MANIFOLD_SOLID_BREP('Body1',#12893);
#94=MANIFOLD_SOLID_BREP('Body2',#12894);
#95=MANIFOLD_SOLID_BREP('Body3',#12895);
#96=MANIFOLD_SOLID_BREP('Body4',#12896);
#97=MANIFOLD_SOLID_BREP('Body5',#12897);
#98=MANIFOLD_SOLID_BREP('Body6',#12898);
#99=MANIFOLD_SOLID_BREP('Body7',#12899);
#100=MANIFOLD_SOLID_BREP('Body8',#12900);
#101=MANIFOLD_SOLID_BREP('Body9',#12901);
#102=MANIFOLD_SOLID_BREP('Body10',#12902);
#103=MANIFOLD_SOLID_BREP('Body11',#12903);
#104=MANIFOLD_SOLID_BREP('Body12',#12904);
#105=MANIFOLD_SOLID_BREP('Body13',#12905);
#106=MANIFOLD_SOLID_BREP('Body14',#12906);
#107=MANIFOLD_SOLID_BREP('Body15',#12907);
#108=MANIFOLD_SOLID_BREP('Body16',#12908);
#109=MANIFOLD_SOLID_BREP('Body17',#12909);
#110=MANIFOLD_SOLID_BREP('Body18',#12910);
#111=MANIFOLD_SOLID_BREP('Body19',#12911);
#112=MANIFOLD_SOLID_BREP('Body20',#12912);
#113=MANIFOLD_SOLID_BREP('Body21',#12913);
#114=MANIFOLD_SOLID_BREP('Body22',#12914);
#115=MANIFOLD_SOLID_BREP('Body23',#12915);
#116=MANIFOLD_SOLID_BREP('Body24',#12916);
#117=MANIFOLD_SOLID_BREP('Body25',#12917);
#118=MANIFOLD_SOLID_BREP('Body26',#12918);
#119=MANIFOLD_SOLID_BREP('Body27',#12919);
#120=MANIFOLD_SOLID_BREP('Body28',#12920);
#121=MANIFOLD_SOLID_BREP('Body29',#12921);
#122=MANIFOLD_SOLID_BREP('Body30',#12922);
#123=MANIFOLD_SOLID_BREP('Body31',#12923);
#124=MANIFOLD_SOLID_BREP('Body32',#12924);
#125=MANIFOLD_SOLID_BREP('Body33',#12925);
#126=MANIFOLD_SOLID_BREP('Body34',#12926);
#127=MANIFOLD_SOLID_BREP('Body35',#12927);
#128=MANIFOLD_SOLID_BREP('Body36',#12928);
#129=MANIFOLD_SOLID_BREP('Body37',#12929);
#130=MANIFOLD_SOLID_BREP('Body38',#12930);
#131=MANIFOLD_SOLID_BREP('Body39',#12931);
#132=MANIFOLD_SOLID_BREP('Body40',#12932);
#133=CYLINDRICAL_SURFACE('',#12965,0.6);
#134=CYLINDRICAL_SURFACE('',#12966,0.199999999999999);
#135=CYLINDRICAL_SURFACE('',#13005,0.6);
#136=CYLINDRICAL_SURFACE('',#13006,0.199999999999999);
#137=CYLINDRICAL_SURFACE('',#13027,0.6);
#138=CYLINDRICAL_SURFACE('',#13028,0.199999999999999);
#139=CYLINDRICAL_SURFACE('',#13049,0.6);
#140=CYLINDRICAL_SURFACE('',#13050,0.199999999999999);
#141=CYLINDRICAL_SURFACE('',#13071,0.6);
#142=CYLINDRICAL_SURFACE('',#13072,0.199999999999999);
#143=CYLINDRICAL_SURFACE('',#13093,0.6);
#144=CYLINDRICAL_SURFACE('',#13094,0.199999999999999);
#145=CYLINDRICAL_SURFACE('',#13115,0.6);
#146=CYLINDRICAL_SURFACE('',#13116,0.199999999999999);
#147=CYLINDRICAL_SURFACE('',#13137,0.6);
#148=CYLINDRICAL_SURFACE('',#13138,0.199999999999999);
#149=CYLINDRICAL_SURFACE('',#13159,0.6);
#150=CYLINDRICAL_SURFACE('',#13160,0.199999999999999);
#151=CYLINDRICAL_SURFACE('',#13181,0.6);
#152=CYLINDRICAL_SURFACE('',#13182,0.199999999999999);
#153=CYLINDRICAL_SURFACE('',#13203,0.6);
#154=CYLINDRICAL_SURFACE('',#13204,0.199999999999999);
#155=CYLINDRICAL_SURFACE('',#13225,0.6);
#156=CYLINDRICAL_SURFACE('',#13226,0.199999999999999);
#157=CYLINDRICAL_SURFACE('',#13247,0.6);
#158=CYLINDRICAL_SURFACE('',#13248,0.199999999999999);
#159=CYLINDRICAL_SURFACE('',#13269,0.6);
#160=CYLINDRICAL_SURFACE('',#13270,0.199999999999999);
#161=CYLINDRICAL_SURFACE('',#13291,0.6);
#162=CYLINDRICAL_SURFACE('',#13292,0.199999999999999);
#163=CYLINDRICAL_SURFACE('',#13313,0.6);
#164=CYLINDRICAL_SURFACE('',#13314,0.199999999999999);
#165=CYLINDRICAL_SURFACE('',#13335,0.6);
#166=CYLINDRICAL_SURFACE('',#13336,0.199999999999999);
#167=CYLINDRICAL_SURFACE('',#13357,0.6);
#168=CYLINDRICAL_SURFACE('',#13358,0.199999999999999);
#169=CYLINDRICAL_SURFACE('',#13379,0.6);
#170=CYLINDRICAL_SURFACE('',#13380,0.199999999999999);
#171=CYLINDRICAL_SURFACE('',#13401,0.6);
#172=CYLINDRICAL_SURFACE('',#13402,0.199999999999999);
#173=CIRCLE('',#12952,0.2);
#174=CIRCLE('',#12953,0.599999999999999);
#175=CIRCLE('',#12961,0.599999999999999);
#176=CIRCLE('',#12962,0.2);
#177=CIRCLE('',#12992,0.2);
#178=CIRCLE('',#12993,0.599999999999999);
#179=CIRCLE('',#13001,0.599999999999999);
#180=CIRCLE('',#13002,0.2);
#181=CIRCLE('',#13014,0.2);
#182=CIRCLE('',#13015,0.599999999999999);
#183=CIRCLE('',#13023,0.599999999999999);
#184=CIRCLE('',#13024,0.2);
#185=CIRCLE('',#13036,0.2);
#186=CIRCLE('',#13037,0.599999999999999);
#187=CIRCLE('',#13045,0.599999999999999);
#188=CIRCLE('',#13046,0.2);
#189=CIRCLE('',#13058,0.2);
#190=CIRCLE('',#13059,0.599999999999999);
#191=CIRCLE('',#13067,0.599999999999999);
#192=CIRCLE('',#13068,0.2);
#193=CIRCLE('',#13080,0.2);
#194=CIRCLE('',#13081,0.599999999999999);
#195=CIRCLE('',#13089,0.599999999999999);
#196=CIRCLE('',#13090,0.2);
#197=CIRCLE('',#13102,0.2);
#198=CIRCLE('',#13103,0.599999999999999);
#199=CIRCLE('',#13111,0.599999999999999);
#200=CIRCLE('',#13112,0.2);
#201=CIRCLE('',#13124,0.2);
#202=CIRCLE('',#13125,0.599999999999999);
#203=CIRCLE('',#13133,0.599999999999999);
#204=CIRCLE('',#13134,0.2);
#205=CIRCLE('',#13146,0.2);
#206=CIRCLE('',#13147,0.599999999999999);
#207=CIRCLE('',#13155,0.599999999999999);
#208=CIRCLE('',#13156,0.2);
#209=CIRCLE('',#13168,0.2);
#210=CIRCLE('',#13169,0.599999999999999);
#211=CIRCLE('',#13177,0.599999999999999);
#212=CIRCLE('',#13178,0.2);
#213=CIRCLE('',#13190,0.2);
#214=CIRCLE('',#13191,0.599999999999999);
#215=CIRCLE('',#13199,0.599999999999999);
#216=CIRCLE('',#13200,0.2);
#217=CIRCLE('',#13212,0.2);
#218=CIRCLE('',#13213,0.599999999999999);
#219=CIRCLE('',#13221,0.599999999999999);
#220=CIRCLE('',#13222,0.2);
#221=CIRCLE('',#13234,0.2);
#222=CIRCLE('',#13235,0.599999999999999);
#223=CIRCLE('',#13243,0.599999999999999);
#224=CIRCLE('',#13244,0.2);
#225=CIRCLE('',#13256,0.2);
#226=CIRCLE('',#13257,0.599999999999999);
#227=CIRCLE('',#13265,0.599999999999999);
#228=CIRCLE('',#13266,0.2);
#229=CIRCLE('',#13278,0.2);
#230=CIRCLE('',#13279,0.599999999999999);
#231=CIRCLE('',#13287,0.599999999999999);
#232=CIRCLE('',#13288,0.2);
#233=CIRCLE('',#13300,0.2);
#234=CIRCLE('',#13301,0.599999999999999);
#235=CIRCLE('',#13309,0.599999999999999);
#236=CIRCLE('',#13310,0.2);
#237=CIRCLE('',#13322,0.2);
#238=CIRCLE('',#13323,0.599999999999999);
#239=CIRCLE('',#13331,0.599999999999999);
#240=CIRCLE('',#13332,0.2);
#241=CIRCLE('',#13344,0.2);
#242=CIRCLE('',#13345,0.599999999999999);
#243=CIRCLE('',#13353,0.599999999999999);
#244=CIRCLE('',#13354,0.2);
#245=CIRCLE('',#13366,0.2);
#246=CIRCLE('',#13367,0.599999999999999);
#247=CIRCLE('',#13375,0.599999999999999);
#248=CIRCLE('',#13376,0.2);
#249=CIRCLE('',#13388,0.2);
#250=CIRCLE('',#13389,0.599999999999999);
#251=CIRCLE('',#13397,0.599999999999999);
#252=CIRCLE('',#13398,0.2);
#253=FACE_OUTER_BOUND('',#973,.T.);
#254=FACE_OUTER_BOUND('',#974,.T.);
#255=FACE_OUTER_BOUND('',#975,.T.);
#256=FACE_OUTER_BOUND('',#976,.T.);
#257=FACE_OUTER_BOUND('',#977,.T.);
#258=FACE_OUTER_BOUND('',#978,.T.);
#259=FACE_OUTER_BOUND('',#979,.T.);
#260=FACE_OUTER_BOUND('',#980,.T.);
#261=FACE_OUTER_BOUND('',#981,.T.);
#262=FACE_OUTER_BOUND('',#982,.T.);
#263=FACE_OUTER_BOUND('',#983,.T.);
#264=FACE_OUTER_BOUND('',#984,.T.);
#265=FACE_OUTER_BOUND('',#985,.T.);
#266=FACE_OUTER_BOUND('',#986,.T.);
#267=FACE_OUTER_BOUND('',#987,.T.);
#268=FACE_OUTER_BOUND('',#988,.T.);
#269=FACE_OUTER_BOUND('',#989,.T.);
#270=FACE_OUTER_BOUND('',#990,.T.);
#271=FACE_OUTER_BOUND('',#991,.T.);
#272=FACE_OUTER_BOUND('',#993,.T.);
#273=FACE_OUTER_BOUND('',#994,.T.);
#274=FACE_OUTER_BOUND('',#995,.T.);
#275=FACE_OUTER_BOUND('',#996,.T.);
#276=FACE_OUTER_BOUND('',#997,.T.);
#277=FACE_OUTER_BOUND('',#998,.T.);
#278=FACE_OUTER_BOUND('',#999,.T.);
#279=FACE_OUTER_BOUND('',#1000,.T.);
#280=FACE_OUTER_BOUND('',#1001,.T.);
#281=FACE_OUTER_BOUND('',#1002,.T.);
#282=FACE_OUTER_BOUND('',#1003,.T.);
#283=FACE_OUTER_BOUND('',#1004,.T.);
#284=FACE_OUTER_BOUND('',#1005,.T.);
#285=FACE_OUTER_BOUND('',#1006,.T.);
#286=FACE_OUTER_BOUND('',#1007,.T.);
#287=FACE_OUTER_BOUND('',#1008,.T.);
#288=FACE_OUTER_BOUND('',#1009,.T.);
#289=FACE_OUTER_BOUND('',#1011,.T.);
#290=FACE_OUTER_BOUND('',#1012,.T.);
#291=FACE_OUTER_BOUND('',#1013,.T.);
#292=FACE_OUTER_BOUND('',#1014,.T.);
#293=FACE_OUTER_BOUND('',#1015,.T.);
#294=FACE_OUTER_BOUND('',#1016,.T.);
#295=FACE_OUTER_BOUND('',#1017,.T.);
#296=FACE_OUTER_BOUND('',#1018,.T.);
#297=FACE_OUTER_BOUND('',#1019,.T.);
#298=FACE_OUTER_BOUND('',#1020,.T.);
#299=FACE_OUTER_BOUND('',#1021,.T.);
#300=FACE_OUTER_BOUND('',#1022,.T.);
#301=FACE_OUTER_BOUND('',#1023,.T.);
#302=FACE_OUTER_BOUND('',#1024,.T.);
#303=FACE_OUTER_BOUND('',#1025,.T.);
#304=FACE_OUTER_BOUND('',#1026,.T.);
#305=FACE_OUTER_BOUND('',#1027,.T.);
#306=FACE_OUTER_BOUND('',#1028,.T.);
#307=FACE_OUTER_BOUND('',#1029,.T.);
#308=FACE_OUTER_BOUND('',#1030,.T.);
#309=FACE_OUTER_BOUND('',#1031,.T.);
#310=FACE_OUTER_BOUND('',#1032,.T.);
#311=FACE_OUTER_BOUND('',#1033,.T.);
#312=FACE_OUTER_BOUND('',#1034,.T.);
#313=FACE_OUTER_BOUND('',#1035,.T.);
#314=FACE_OUTER_BOUND('',#1036,.T.);
#315=FACE_OUTER_BOUND('',#1037,.T.);
#316=FACE_OUTER_BOUND('',#1038,.T.);
#317=FACE_OUTER_BOUND('',#1039,.T.);
#318=FACE_OUTER_BOUND('',#1040,.T.);
#319=FACE_OUTER_BOUND('',#1041,.T.);
#320=FACE_OUTER_BOUND('',#1042,.T.);
#321=FACE_OUTER_BOUND('',#1043,.T.);
#322=FACE_OUTER_BOUND('',#1044,.T.);
#323=FACE_OUTER_BOUND('',#1045,.T.);
#324=FACE_OUTER_BOUND('',#1046,.T.);
#325=FACE_OUTER_BOUND('',#1047,.T.);
#326=FACE_OUTER_BOUND('',#1048,.T.);
#327=FACE_OUTER_BOUND('',#1049,.T.);
#328=FACE_OUTER_BOUND('',#1050,.T.);
#329=FACE_OUTER_BOUND('',#1051,.T.);
#330=FACE_OUTER_BOUND('',#1052,.T.);
#331=FACE_OUTER_BOUND('',#1053,.T.);
#332=FACE_OUTER_BOUND('',#1054,.T.);
#333=FACE_OUTER_BOUND('',#1055,.T.);
#334=FACE_OUTER_BOUND('',#1056,.T.);
#335=FACE_OUTER_BOUND('',#1057,.T.);
#336=FACE_OUTER_BOUND('',#1058,.T.);
#337=FACE_OUTER_BOUND('',#1059,.T.);
#338=FACE_OUTER_BOUND('',#1060,.T.);
#339=FACE_OUTER_BOUND('',#1061,.T.);
#340=FACE_OUTER_BOUND('',#1062,.T.);
#341=FACE_OUTER_BOUND('',#1063,.T.);
#342=FACE_OUTER_BOUND('',#1064,.T.);
#343=FACE_OUTER_BOUND('',#1065,.T.);
#344=FACE_OUTER_BOUND('',#1066,.T.);
#345=FACE_OUTER_BOUND('',#1067,.T.);
#346=FACE_OUTER_BOUND('',#1068,.T.);
#347=FACE_OUTER_BOUND('',#1069,.T.);
#348=FACE_OUTER_BOUND('',#1070,.T.);
#349=FACE_OUTER_BOUND('',#1071,.T.);
#350=FACE_OUTER_BOUND('',#1072,.T.);
#351=FACE_OUTER_BOUND('',#1073,.T.);
#352=FACE_OUTER_BOUND('',#1074,.T.);
#353=FACE_OUTER_BOUND('',#1075,.T.);
#354=FACE_OUTER_BOUND('',#1076,.T.);
#355=FACE_OUTER_BOUND('',#1077,.T.);
#356=FACE_OUTER_BOUND('',#1078,.T.);
#357=FACE_OUTER_BOUND('',#1079,.T.);
#358=FACE_OUTER_BOUND('',#1080,.T.);
#359=FACE_OUTER_BOUND('',#1081,.T.);
#360=FACE_OUTER_BOUND('',#1082,.T.);
#361=FACE_OUTER_BOUND('',#1083,.T.);
#362=FACE_OUTER_BOUND('',#1084,.T.);
#363=FACE_OUTER_BOUND('',#1085,.T.);
#364=FACE_OUTER_BOUND('',#1086,.T.);
#365=FACE_OUTER_BOUND('',#1087,.T.);
#366=FACE_OUTER_BOUND('',#1088,.T.);
#367=FACE_OUTER_BOUND('',#1089,.T.);
#368=FACE_OUTER_BOUND('',#1090,.T.);
#369=FACE_OUTER_BOUND('',#1091,.T.);
#370=FACE_OUTER_BOUND('',#1092,.T.);
#371=FACE_OUTER_BOUND('',#1093,.T.);
#372=FACE_OUTER_BOUND('',#1094,.T.);
#373=FACE_OUTER_BOUND('',#1095,.T.);
#374=FACE_OUTER_BOUND('',#1096,.T.);
#375=FACE_OUTER_BOUND('',#1097,.T.);
#376=FACE_OUTER_BOUND('',#1098,.T.);
#377=FACE_OUTER_BOUND('',#1099,.T.);
#378=FACE_OUTER_BOUND('',#1100,.T.);
#379=FACE_OUTER_BOUND('',#1101,.T.);
#380=FACE_OUTER_BOUND('',#1102,.T.);
#381=FACE_OUTER_BOUND('',#1103,.T.);
#382=FACE_OUTER_BOUND('',#1104,.T.);
#383=FACE_OUTER_BOUND('',#1105,.T.);
#384=FACE_OUTER_BOUND('',#1106,.T.);
#385=FACE_OUTER_BOUND('',#1107,.T.);
#386=FACE_OUTER_BOUND('',#1108,.T.);
#387=FACE_OUTER_BOUND('',#1109,.T.);
#388=FACE_OUTER_BOUND('',#1110,.T.);
#389=FACE_OUTER_BOUND('',#1111,.T.);
#390=FACE_OUTER_BOUND('',#1112,.T.);
#391=FACE_OUTER_BOUND('',#1113,.T.);
#392=FACE_OUTER_BOUND('',#1114,.T.);
#393=FACE_OUTER_BOUND('',#1115,.T.);
#394=FACE_OUTER_BOUND('',#1116,.T.);
#395=FACE_OUTER_BOUND('',#1117,.T.);
#396=FACE_OUTER_BOUND('',#1118,.T.);
#397=FACE_OUTER_BOUND('',#1119,.T.);
#398=FACE_OUTER_BOUND('',#1120,.T.);
#399=FACE_OUTER_BOUND('',#1121,.T.);
#400=FACE_OUTER_BOUND('',#1122,.T.);
#401=FACE_OUTER_BOUND('',#1123,.T.);
#402=FACE_OUTER_BOUND('',#1124,.T.);
#403=FACE_OUTER_BOUND('',#1125,.T.);
#404=FACE_OUTER_BOUND('',#1126,.T.);
#405=FACE_OUTER_BOUND('',#1127,.T.);
#406=FACE_OUTER_BOUND('',#1128,.T.);
#407=FACE_OUTER_BOUND('',#1129,.T.);
#408=FACE_OUTER_BOUND('',#1130,.T.);
#409=FACE_OUTER_BOUND('',#1131,.T.);
#410=FACE_OUTER_BOUND('',#1132,.T.);
#411=FACE_OUTER_BOUND('',#1133,.T.);
#412=FACE_OUTER_BOUND('',#1134,.T.);
#413=FACE_OUTER_BOUND('',#1135,.T.);
#414=FACE_OUTER_BOUND('',#1136,.T.);
#415=FACE_OUTER_BOUND('',#1137,.T.);
#416=FACE_OUTER_BOUND('',#1138,.T.);
#417=FACE_OUTER_BOUND('',#1139,.T.);
#418=FACE_OUTER_BOUND('',#1140,.T.);
#419=FACE_OUTER_BOUND('',#1141,.T.);
#420=FACE_OUTER_BOUND('',#1142,.T.);
#421=FACE_OUTER_BOUND('',#1143,.T.);
#422=FACE_OUTER_BOUND('',#1144,.T.);
#423=FACE_OUTER_BOUND('',#1145,.T.);
#424=FACE_OUTER_BOUND('',#1146,.T.);
#425=FACE_OUTER_BOUND('',#1147,.T.);
#426=FACE_OUTER_BOUND('',#1148,.T.);
#427=FACE_OUTER_BOUND('',#1149,.T.);
#428=FACE_OUTER_BOUND('',#1150,.T.);
#429=FACE_OUTER_BOUND('',#1151,.T.);
#430=FACE_OUTER_BOUND('',#1152,.T.);
#431=FACE_OUTER_BOUND('',#1153,.T.);
#432=FACE_OUTER_BOUND('',#1154,.T.);
#433=FACE_OUTER_BOUND('',#1155,.T.);
#434=FACE_OUTER_BOUND('',#1156,.T.);
#435=FACE_OUTER_BOUND('',#1157,.T.);
#436=FACE_OUTER_BOUND('',#1158,.T.);
#437=FACE_OUTER_BOUND('',#1159,.T.);
#438=FACE_OUTER_BOUND('',#1160,.T.);
#439=FACE_OUTER_BOUND('',#1161,.T.);
#440=FACE_OUTER_BOUND('',#1162,.T.);
#441=FACE_OUTER_BOUND('',#1163,.T.);
#442=FACE_OUTER_BOUND('',#1164,.T.);
#443=FACE_OUTER_BOUND('',#1165,.T.);
#444=FACE_OUTER_BOUND('',#1166,.T.);
#445=FACE_OUTER_BOUND('',#1167,.T.);
#446=FACE_OUTER_BOUND('',#1168,.T.);
#447=FACE_OUTER_BOUND('',#1169,.T.);
#448=FACE_OUTER_BOUND('',#1170,.T.);
#449=FACE_OUTER_BOUND('',#1171,.T.);
#450=FACE_OUTER_BOUND('',#1172,.T.);
#451=FACE_OUTER_BOUND('',#1173,.T.);
#452=FACE_OUTER_BOUND('',#1174,.T.);
#453=FACE_OUTER_BOUND('',#1175,.T.);
#454=FACE_OUTER_BOUND('',#1176,.T.);
#455=FACE_OUTER_BOUND('',#1177,.T.);
#456=FACE_OUTER_BOUND('',#1178,.T.);
#457=FACE_OUTER_BOUND('',#1179,.T.);
#458=FACE_OUTER_BOUND('',#1180,.T.);
#459=FACE_OUTER_BOUND('',#1181,.T.);
#460=FACE_OUTER_BOUND('',#1182,.T.);
#461=FACE_OUTER_BOUND('',#1183,.T.);
#462=FACE_OUTER_BOUND('',#1184,.T.);
#463=FACE_OUTER_BOUND('',#1185,.T.);
#464=FACE_OUTER_BOUND('',#1186,.T.);
#465=FACE_OUTER_BOUND('',#1187,.T.);
#466=FACE_OUTER_BOUND('',#1188,.T.);
#467=FACE_OUTER_BOUND('',#1189,.T.);
#468=FACE_OUTER_BOUND('',#1190,.T.);
#469=FACE_OUTER_BOUND('',#1191,.T.);
#470=FACE_OUTER_BOUND('',#1192,.T.);
#471=FACE_OUTER_BOUND('',#1193,.T.);
#472=FACE_OUTER_BOUND('',#1194,.T.);
#473=FACE_OUTER_BOUND('',#1195,.T.);
#474=FACE_OUTER_BOUND('',#1196,.T.);
#475=FACE_OUTER_BOUND('',#1197,.T.);
#476=FACE_OUTER_BOUND('',#1198,.T.);
#477=FACE_OUTER_BOUND('',#1199,.T.);
#478=FACE_OUTER_BOUND('',#1200,.T.);
#479=FACE_OUTER_BOUND('',#1201,.T.);
#480=FACE_OUTER_BOUND('',#1202,.T.);
#481=FACE_OUTER_BOUND('',#1203,.T.);
#482=FACE_OUTER_BOUND('',#1204,.T.);
#483=FACE_OUTER_BOUND('',#1205,.T.);
#484=FACE_OUTER_BOUND('',#1206,.T.);
#485=FACE_OUTER_BOUND('',#1207,.T.);
#486=FACE_OUTER_BOUND('',#1208,.T.);
#487=FACE_OUTER_BOUND('',#1209,.T.);
#488=FACE_OUTER_BOUND('',#1210,.T.);
#489=FACE_OUTER_BOUND('',#1211,.T.);
#490=FACE_OUTER_BOUND('',#1212,.T.);
#491=FACE_OUTER_BOUND('',#1213,.T.);
#492=FACE_OUTER_BOUND('',#1214,.T.);
#493=FACE_OUTER_BOUND('',#1215,.T.);
#494=FACE_OUTER_BOUND('',#1216,.T.);
#495=FACE_OUTER_BOUND('',#1217,.T.);
#496=FACE_OUTER_BOUND('',#1218,.T.);
#497=FACE_OUTER_BOUND('',#1219,.T.);
#498=FACE_OUTER_BOUND('',#1220,.T.);
#499=FACE_OUTER_BOUND('',#1221,.T.);
#500=FACE_OUTER_BOUND('',#1222,.T.);
#501=FACE_OUTER_BOUND('',#1223,.T.);
#502=FACE_OUTER_BOUND('',#1224,.T.);
#503=FACE_OUTER_BOUND('',#1225,.T.);
#504=FACE_OUTER_BOUND('',#1226,.T.);
#505=FACE_OUTER_BOUND('',#1227,.T.);
#506=FACE_OUTER_BOUND('',#1228,.T.);
#507=FACE_OUTER_BOUND('',#1229,.T.);
#508=FACE_OUTER_BOUND('',#1230,.T.);
#509=FACE_OUTER_BOUND('',#1231,.T.);
#510=FACE_OUTER_BOUND('',#1232,.T.);
#511=FACE_OUTER_BOUND('',#1233,.T.);
#512=FACE_OUTER_BOUND('',#1234,.T.);
#513=FACE_OUTER_BOUND('',#1235,.T.);
#514=FACE_OUTER_BOUND('',#1236,.T.);
#515=FACE_OUTER_BOUND('',#1237,.T.);
#516=FACE_OUTER_BOUND('',#1238,.T.);
#517=FACE_OUTER_BOUND('',#1239,.T.);
#518=FACE_OUTER_BOUND('',#1240,.T.);
#519=FACE_OUTER_BOUND('',#1241,.T.);
#520=FACE_OUTER_BOUND('',#1242,.T.);
#521=FACE_OUTER_BOUND('',#1243,.T.);
#522=FACE_OUTER_BOUND('',#1244,.T.);
#523=FACE_OUTER_BOUND('',#1245,.T.);
#524=FACE_OUTER_BOUND('',#1246,.T.);
#525=FACE_OUTER_BOUND('',#1247,.T.);
#526=FACE_OUTER_BOUND('',#1248,.T.);
#527=FACE_OUTER_BOUND('',#1249,.T.);
#528=FACE_OUTER_BOUND('',#1250,.T.);
#529=FACE_OUTER_BOUND('',#1251,.T.);
#530=FACE_OUTER_BOUND('',#1252,.T.);
#531=FACE_OUTER_BOUND('',#1253,.T.);
#532=FACE_OUTER_BOUND('',#1254,.T.);
#533=FACE_OUTER_BOUND('',#1255,.T.);
#534=FACE_OUTER_BOUND('',#1256,.T.);
#535=FACE_OUTER_BOUND('',#1257,.T.);
#536=FACE_OUTER_BOUND('',#1258,.T.);
#537=FACE_OUTER_BOUND('',#1259,.T.);
#538=FACE_OUTER_BOUND('',#1260,.T.);
#539=FACE_OUTER_BOUND('',#1261,.T.);
#540=FACE_OUTER_BOUND('',#1262,.T.);
#541=FACE_OUTER_BOUND('',#1263,.T.);
#542=FACE_OUTER_BOUND('',#1264,.T.);
#543=FACE_OUTER_BOUND('',#1265,.T.);
#544=FACE_OUTER_BOUND('',#1266,.T.);
#545=FACE_OUTER_BOUND('',#1267,.T.);
#546=FACE_OUTER_BOUND('',#1268,.T.);
#547=FACE_OUTER_BOUND('',#1269,.T.);
#548=FACE_OUTER_BOUND('',#1270,.T.);
#549=FACE_OUTER_BOUND('',#1271,.T.);
#550=FACE_OUTER_BOUND('',#1272,.T.);
#551=FACE_OUTER_BOUND('',#1273,.T.);
#552=FACE_OUTER_BOUND('',#1274,.T.);
#553=FACE_OUTER_BOUND('',#1275,.T.);
#554=FACE_OUTER_BOUND('',#1276,.T.);
#555=FACE_OUTER_BOUND('',#1277,.T.);
#556=FACE_OUTER_BOUND('',#1278,.T.);
#557=FACE_OUTER_BOUND('',#1279,.T.);
#558=FACE_OUTER_BOUND('',#1280,.T.);
#559=FACE_OUTER_BOUND('',#1281,.T.);
#560=FACE_OUTER_BOUND('',#1282,.T.);
#561=FACE_OUTER_BOUND('',#1283,.T.);
#562=FACE_OUTER_BOUND('',#1284,.T.);
#563=FACE_OUTER_BOUND('',#1285,.T.);
#564=FACE_OUTER_BOUND('',#1286,.T.);
#565=FACE_OUTER_BOUND('',#1287,.T.);
#566=FACE_OUTER_BOUND('',#1288,.T.);
#567=FACE_OUTER_BOUND('',#1289,.T.);
#568=FACE_OUTER_BOUND('',#1290,.T.);
#569=FACE_OUTER_BOUND('',#1291,.T.);
#570=FACE_OUTER_BOUND('',#1292,.T.);
#571=FACE_OUTER_BOUND('',#1293,.T.);
#572=FACE_OUTER_BOUND('',#1294,.T.);
#573=FACE_OUTER_BOUND('',#1295,.T.);
#574=FACE_OUTER_BOUND('',#1296,.T.);
#575=FACE_OUTER_BOUND('',#1297,.T.);
#576=FACE_OUTER_BOUND('',#1298,.T.);
#577=FACE_OUTER_BOUND('',#1299,.T.);
#578=FACE_OUTER_BOUND('',#1300,.T.);
#579=FACE_OUTER_BOUND('',#1301,.T.);
#580=FACE_OUTER_BOUND('',#1302,.T.);
#581=FACE_OUTER_BOUND('',#1303,.T.);
#582=FACE_OUTER_BOUND('',#1304,.T.);
#583=FACE_OUTER_BOUND('',#1305,.T.);
#584=FACE_OUTER_BOUND('',#1306,.T.);
#585=FACE_OUTER_BOUND('',#1307,.T.);
#586=FACE_OUTER_BOUND('',#1308,.T.);
#587=FACE_OUTER_BOUND('',#1309,.T.);
#588=FACE_OUTER_BOUND('',#1310,.T.);
#589=FACE_OUTER_BOUND('',#1311,.T.);
#590=FACE_OUTER_BOUND('',#1312,.T.);
#591=FACE_OUTER_BOUND('',#1313,.T.);
#592=FACE_OUTER_BOUND('',#1314,.T.);
#593=FACE_OUTER_BOUND('',#1315,.T.);
#594=FACE_OUTER_BOUND('',#1316,.T.);
#595=FACE_OUTER_BOUND('',#1317,.T.);
#596=FACE_OUTER_BOUND('',#1318,.T.);
#597=FACE_OUTER_BOUND('',#1319,.T.);
#598=FACE_OUTER_BOUND('',#1320,.T.);
#599=FACE_OUTER_BOUND('',#1321,.T.);
#600=FACE_OUTER_BOUND('',#1322,.T.);
#601=FACE_OUTER_BOUND('',#1323,.T.);
#602=FACE_OUTER_BOUND('',#1324,.T.);
#603=FACE_OUTER_BOUND('',#1325,.T.);
#604=FACE_OUTER_BOUND('',#1326,.T.);
#605=FACE_OUTER_BOUND('',#1327,.T.);
#606=FACE_OUTER_BOUND('',#1328,.T.);
#607=FACE_OUTER_BOUND('',#1329,.T.);
#608=FACE_OUTER_BOUND('',#1330,.T.);
#609=FACE_OUTER_BOUND('',#1331,.T.);
#610=FACE_OUTER_BOUND('',#1332,.T.);
#611=FACE_OUTER_BOUND('',#1333,.T.);
#612=FACE_OUTER_BOUND('',#1334,.T.);
#613=FACE_OUTER_BOUND('',#1335,.T.);
#614=FACE_OUTER_BOUND('',#1336,.T.);
#615=FACE_OUTER_BOUND('',#1337,.T.);
#616=FACE_OUTER_BOUND('',#1338,.T.);
#617=FACE_OUTER_BOUND('',#1339,.T.);
#618=FACE_OUTER_BOUND('',#1340,.T.);
#619=FACE_OUTER_BOUND('',#1341,.T.);
#620=FACE_OUTER_BOUND('',#1342,.T.);
#621=FACE_OUTER_BOUND('',#1343,.T.);
#622=FACE_OUTER_BOUND('',#1344,.T.);
#623=FACE_OUTER_BOUND('',#1345,.T.);
#624=FACE_OUTER_BOUND('',#1346,.T.);
#625=FACE_OUTER_BOUND('',#1347,.T.);
#626=FACE_OUTER_BOUND('',#1348,.T.);
#627=FACE_OUTER_BOUND('',#1349,.T.);
#628=FACE_OUTER_BOUND('',#1350,.T.);
#629=FACE_OUTER_BOUND('',#1351,.T.);
#630=FACE_OUTER_BOUND('',#1352,.T.);
#631=FACE_OUTER_BOUND('',#1353,.T.);
#632=FACE_OUTER_BOUND('',#1355,.T.);
#633=FACE_OUTER_BOUND('',#1356,.T.);
#634=FACE_OUTER_BOUND('',#1357,.T.);
#635=FACE_OUTER_BOUND('',#1358,.T.);
#636=FACE_OUTER_BOUND('',#1359,.T.);
#637=FACE_OUTER_BOUND('',#1360,.T.);
#638=FACE_OUTER_BOUND('',#1361,.T.);
#639=FACE_OUTER_BOUND('',#1362,.T.);
#640=FACE_OUTER_BOUND('',#1363,.T.);
#641=FACE_OUTER_BOUND('',#1364,.T.);
#642=FACE_OUTER_BOUND('',#1365,.T.);
#643=FACE_OUTER_BOUND('',#1366,.T.);
#644=FACE_OUTER_BOUND('',#1367,.T.);
#645=FACE_OUTER_BOUND('',#1368,.T.);
#646=FACE_OUTER_BOUND('',#1369,.T.);
#647=FACE_OUTER_BOUND('',#1370,.T.);
#648=FACE_OUTER_BOUND('',#1371,.T.);
#649=FACE_OUTER_BOUND('',#1373,.T.);
#650=FACE_OUTER_BOUND('',#1375,.T.);
#651=FACE_OUTER_BOUND('',#1376,.T.);
#652=FACE_OUTER_BOUND('',#1377,.T.);
#653=FACE_OUTER_BOUND('',#1378,.T.);
#654=FACE_OUTER_BOUND('',#1379,.T.);
#655=FACE_OUTER_BOUND('',#1380,.T.);
#656=FACE_OUTER_BOUND('',#1381,.T.);
#657=FACE_OUTER_BOUND('',#1382,.T.);
#658=FACE_OUTER_BOUND('',#1383,.T.);
#659=FACE_OUTER_BOUND('',#1384,.T.);
#660=FACE_OUTER_BOUND('',#1385,.T.);
#661=FACE_OUTER_BOUND('',#1386,.T.);
#662=FACE_OUTER_BOUND('',#1387,.T.);
#663=FACE_OUTER_BOUND('',#1388,.T.);
#664=FACE_OUTER_BOUND('',#1389,.T.);
#665=FACE_OUTER_BOUND('',#1390,.T.);
#666=FACE_OUTER_BOUND('',#1391,.T.);
#667=FACE_OUTER_BOUND('',#1393,.T.);
#668=FACE_OUTER_BOUND('',#1395,.T.);
#669=FACE_OUTER_BOUND('',#1396,.T.);
#670=FACE_OUTER_BOUND('',#1397,.T.);
#671=FACE_OUTER_BOUND('',#1398,.T.);
#672=FACE_OUTER_BOUND('',#1399,.T.);
#673=FACE_OUTER_BOUND('',#1400,.T.);
#674=FACE_OUTER_BOUND('',#1401,.T.);
#675=FACE_OUTER_BOUND('',#1402,.T.);
#676=FACE_OUTER_BOUND('',#1403,.T.);
#677=FACE_OUTER_BOUND('',#1404,.T.);
#678=FACE_OUTER_BOUND('',#1405,.T.);
#679=FACE_OUTER_BOUND('',#1406,.T.);
#680=FACE_OUTER_BOUND('',#1407,.T.);
#681=FACE_OUTER_BOUND('',#1408,.T.);
#682=FACE_OUTER_BOUND('',#1409,.T.);
#683=FACE_OUTER_BOUND('',#1410,.T.);
#684=FACE_OUTER_BOUND('',#1411,.T.);
#685=FACE_OUTER_BOUND('',#1413,.T.);
#686=FACE_OUTER_BOUND('',#1415,.T.);
#687=FACE_OUTER_BOUND('',#1416,.T.);
#688=FACE_OUTER_BOUND('',#1417,.T.);
#689=FACE_OUTER_BOUND('',#1418,.T.);
#690=FACE_OUTER_BOUND('',#1419,.T.);
#691=FACE_OUTER_BOUND('',#1420,.T.);
#692=FACE_OUTER_BOUND('',#1421,.T.);
#693=FACE_OUTER_BOUND('',#1422,.T.);
#694=FACE_OUTER_BOUND('',#1423,.T.);
#695=FACE_OUTER_BOUND('',#1424,.T.);
#696=FACE_OUTER_BOUND('',#1425,.T.);
#697=FACE_OUTER_BOUND('',#1426,.T.);
#698=FACE_OUTER_BOUND('',#1427,.T.);
#699=FACE_OUTER_BOUND('',#1428,.T.);
#700=FACE_OUTER_BOUND('',#1429,.T.);
#701=FACE_OUTER_BOUND('',#1430,.T.);
#702=FACE_OUTER_BOUND('',#1431,.T.);
#703=FACE_OUTER_BOUND('',#1433,.T.);
#704=FACE_OUTER_BOUND('',#1435,.T.);
#705=FACE_OUTER_BOUND('',#1436,.T.);
#706=FACE_OUTER_BOUND('',#1437,.T.);
#707=FACE_OUTER_BOUND('',#1438,.T.);
#708=FACE_OUTER_BOUND('',#1439,.T.);
#709=FACE_OUTER_BOUND('',#1440,.T.);
#710=FACE_OUTER_BOUND('',#1441,.T.);
#711=FACE_OUTER_BOUND('',#1442,.T.);
#712=FACE_OUTER_BOUND('',#1443,.T.);
#713=FACE_OUTER_BOUND('',#1444,.T.);
#714=FACE_OUTER_BOUND('',#1445,.T.);
#715=FACE_OUTER_BOUND('',#1446,.T.);
#716=FACE_OUTER_BOUND('',#1447,.T.);
#717=FACE_OUTER_BOUND('',#1448,.T.);
#718=FACE_OUTER_BOUND('',#1449,.T.);
#719=FACE_OUTER_BOUND('',#1450,.T.);
#720=FACE_OUTER_BOUND('',#1451,.T.);
#721=FACE_OUTER_BOUND('',#1453,.T.);
#722=FACE_OUTER_BOUND('',#1455,.T.);
#723=FACE_OUTER_BOUND('',#1456,.T.);
#724=FACE_OUTER_BOUND('',#1457,.T.);
#725=FACE_OUTER_BOUND('',#1458,.T.);
#726=FACE_OUTER_BOUND('',#1459,.T.);
#727=FACE_OUTER_BOUND('',#1460,.T.);
#728=FACE_OUTER_BOUND('',#1461,.T.);
#729=FACE_OUTER_BOUND('',#1462,.T.);
#730=FACE_OUTER_BOUND('',#1463,.T.);
#731=FACE_OUTER_BOUND('',#1464,.T.);
#732=FACE_OUTER_BOUND('',#1465,.T.);
#733=FACE_OUTER_BOUND('',#1466,.T.);
#734=FACE_OUTER_BOUND('',#1467,.T.);
#735=FACE_OUTER_BOUND('',#1468,.T.);
#736=FACE_OUTER_BOUND('',#1469,.T.);
#737=FACE_OUTER_BOUND('',#1470,.T.);
#738=FACE_OUTER_BOUND('',#1471,.T.);
#739=FACE_OUTER_BOUND('',#1473,.T.);
#740=FACE_OUTER_BOUND('',#1475,.T.);
#741=FACE_OUTER_BOUND('',#1476,.T.);
#742=FACE_OUTER_BOUND('',#1477,.T.);
#743=FACE_OUTER_BOUND('',#1478,.T.);
#744=FACE_OUTER_BOUND('',#1479,.T.);
#745=FACE_OUTER_BOUND('',#1480,.T.);
#746=FACE_OUTER_BOUND('',#1481,.T.);
#747=FACE_OUTER_BOUND('',#1482,.T.);
#748=FACE_OUTER_BOUND('',#1483,.T.);
#749=FACE_OUTER_BOUND('',#1484,.T.);
#750=FACE_OUTER_BOUND('',#1485,.T.);
#751=FACE_OUTER_BOUND('',#1486,.T.);
#752=FACE_OUTER_BOUND('',#1487,.T.);
#753=FACE_OUTER_BOUND('',#1488,.T.);
#754=FACE_OUTER_BOUND('',#1489,.T.);
#755=FACE_OUTER_BOUND('',#1490,.T.);
#756=FACE_OUTER_BOUND('',#1491,.T.);
#757=FACE_OUTER_BOUND('',#1493,.T.);
#758=FACE_OUTER_BOUND('',#1495,.T.);
#759=FACE_OUTER_BOUND('',#1496,.T.);
#760=FACE_OUTER_BOUND('',#1497,.T.);
#761=FACE_OUTER_BOUND('',#1498,.T.);
#762=FACE_OUTER_BOUND('',#1499,.T.);
#763=FACE_OUTER_BOUND('',#1500,.T.);
#764=FACE_OUTER_BOUND('',#1501,.T.);
#765=FACE_OUTER_BOUND('',#1502,.T.);
#766=FACE_OUTER_BOUND('',#1503,.T.);
#767=FACE_OUTER_BOUND('',#1504,.T.);
#768=FACE_OUTER_BOUND('',#1505,.T.);
#769=FACE_OUTER_BOUND('',#1506,.T.);
#770=FACE_OUTER_BOUND('',#1507,.T.);
#771=FACE_OUTER_BOUND('',#1508,.T.);
#772=FACE_OUTER_BOUND('',#1509,.T.);
#773=FACE_OUTER_BOUND('',#1510,.T.);
#774=FACE_OUTER_BOUND('',#1511,.T.);
#775=FACE_OUTER_BOUND('',#1513,.T.);
#776=FACE_OUTER_BOUND('',#1515,.T.);
#777=FACE_OUTER_BOUND('',#1516,.T.);
#778=FACE_OUTER_BOUND('',#1517,.T.);
#779=FACE_OUTER_BOUND('',#1518,.T.);
#780=FACE_OUTER_BOUND('',#1519,.T.);
#781=FACE_OUTER_BOUND('',#1520,.T.);
#782=FACE_OUTER_BOUND('',#1521,.T.);
#783=FACE_OUTER_BOUND('',#1522,.T.);
#784=FACE_OUTER_BOUND('',#1523,.T.);
#785=FACE_OUTER_BOUND('',#1524,.T.);
#786=FACE_OUTER_BOUND('',#1525,.T.);
#787=FACE_OUTER_BOUND('',#1526,.T.);
#788=FACE_OUTER_BOUND('',#1527,.T.);
#789=FACE_OUTER_BOUND('',#1528,.T.);
#790=FACE_OUTER_BOUND('',#1529,.T.);
#791=FACE_OUTER_BOUND('',#1530,.T.);
#792=FACE_OUTER_BOUND('',#1531,.T.);
#793=FACE_OUTER_BOUND('',#1533,.T.);
#794=FACE_OUTER_BOUND('',#1535,.T.);
#795=FACE_OUTER_BOUND('',#1536,.T.);
#796=FACE_OUTER_BOUND('',#1537,.T.);
#797=FACE_OUTER_BOUND('',#1538,.T.);
#798=FACE_OUTER_BOUND('',#1539,.T.);
#799=FACE_OUTER_BOUND('',#1540,.T.);
#800=FACE_OUTER_BOUND('',#1541,.T.);
#801=FACE_OUTER_BOUND('',#1542,.T.);
#802=FACE_OUTER_BOUND('',#1543,.T.);
#803=FACE_OUTER_BOUND('',#1544,.T.);
#804=FACE_OUTER_BOUND('',#1545,.T.);
#805=FACE_OUTER_BOUND('',#1546,.T.);
#806=FACE_OUTER_BOUND('',#1547,.T.);
#807=FACE_OUTER_BOUND('',#1548,.T.);
#808=FACE_OUTER_BOUND('',#1549,.T.);
#809=FACE_OUTER_BOUND('',#1550,.T.);
#810=FACE_OUTER_BOUND('',#1551,.T.);
#811=FACE_OUTER_BOUND('',#1553,.T.);
#812=FACE_OUTER_BOUND('',#1555,.T.);
#813=FACE_OUTER_BOUND('',#1556,.T.);
#814=FACE_OUTER_BOUND('',#1557,.T.);
#815=FACE_OUTER_BOUND('',#1558,.T.);
#816=FACE_OUTER_BOUND('',#1559,.T.);
#817=FACE_OUTER_BOUND('',#1560,.T.);
#818=FACE_OUTER_BOUND('',#1561,.T.);
#819=FACE_OUTER_BOUND('',#1562,.T.);
#820=FACE_OUTER_BOUND('',#1563,.T.);
#821=FACE_OUTER_BOUND('',#1564,.T.);
#822=FACE_OUTER_BOUND('',#1565,.T.);
#823=FACE_OUTER_BOUND('',#1566,.T.);
#824=FACE_OUTER_BOUND('',#1567,.T.);
#825=FACE_OUTER_BOUND('',#1568,.T.);
#826=FACE_OUTER_BOUND('',#1569,.T.);
#827=FACE_OUTER_BOUND('',#1570,.T.);
#828=FACE_OUTER_BOUND('',#1571,.T.);
#829=FACE_OUTER_BOUND('',#1573,.T.);
#830=FACE_OUTER_BOUND('',#1575,.T.);
#831=FACE_OUTER_BOUND('',#1576,.T.);
#832=FACE_OUTER_BOUND('',#1577,.T.);
#833=FACE_OUTER_BOUND('',#1578,.T.);
#834=FACE_OUTER_BOUND('',#1579,.T.);
#835=FACE_OUTER_BOUND('',#1580,.T.);
#836=FACE_OUTER_BOUND('',#1581,.T.);
#837=FACE_OUTER_BOUND('',#1582,.T.);
#838=FACE_OUTER_BOUND('',#1583,.T.);
#839=FACE_OUTER_BOUND('',#1584,.T.);
#840=FACE_OUTER_BOUND('',#1585,.T.);
#841=FACE_OUTER_BOUND('',#1586,.T.);
#842=FACE_OUTER_BOUND('',#1587,.T.);
#843=FACE_OUTER_BOUND('',#1588,.T.);
#844=FACE_OUTER_BOUND('',#1589,.T.);
#845=FACE_OUTER_BOUND('',#1590,.T.);
#846=FACE_OUTER_BOUND('',#1591,.T.);
#847=FACE_OUTER_BOUND('',#1593,.T.);
#848=FACE_OUTER_BOUND('',#1595,.T.);
#849=FACE_OUTER_BOUND('',#1596,.T.);
#850=FACE_OUTER_BOUND('',#1597,.T.);
#851=FACE_OUTER_BOUND('',#1598,.T.);
#852=FACE_OUTER_BOUND('',#1599,.T.);
#853=FACE_OUTER_BOUND('',#1600,.T.);
#854=FACE_OUTER_BOUND('',#1601,.T.);
#855=FACE_OUTER_BOUND('',#1602,.T.);
#856=FACE_OUTER_BOUND('',#1603,.T.);
#857=FACE_OUTER_BOUND('',#1604,.T.);
#858=FACE_OUTER_BOUND('',#1605,.T.);
#859=FACE_OUTER_BOUND('',#1606,.T.);
#860=FACE_OUTER_BOUND('',#1607,.T.);
#861=FACE_OUTER_BOUND('',#1608,.T.);
#862=FACE_OUTER_BOUND('',#1609,.T.);
#863=FACE_OUTER_BOUND('',#1610,.T.);
#864=FACE_OUTER_BOUND('',#1611,.T.);
#865=FACE_OUTER_BOUND('',#1613,.T.);
#866=FACE_OUTER_BOUND('',#1615,.T.);
#867=FACE_OUTER_BOUND('',#1616,.T.);
#868=FACE_OUTER_BOUND('',#1617,.T.);
#869=FACE_OUTER_BOUND('',#1618,.T.);
#870=FACE_OUTER_BOUND('',#1619,.T.);
#871=FACE_OUTER_BOUND('',#1620,.T.);
#872=FACE_OUTER_BOUND('',#1621,.T.);
#873=FACE_OUTER_BOUND('',#1622,.T.);
#874=FACE_OUTER_BOUND('',#1623,.T.);
#875=FACE_OUTER_BOUND('',#1624,.T.);
#876=FACE_OUTER_BOUND('',#1625,.T.);
#877=FACE_OUTER_BOUND('',#1626,.T.);
#878=FACE_OUTER_BOUND('',#1627,.T.);
#879=FACE_OUTER_BOUND('',#1628,.T.);
#880=FACE_OUTER_BOUND('',#1629,.T.);
#881=FACE_OUTER_BOUND('',#1630,.T.);
#882=FACE_OUTER_BOUND('',#1631,.T.);
#883=FACE_OUTER_BOUND('',#1633,.T.);
#884=FACE_OUTER_BOUND('',#1635,.T.);
#885=FACE_OUTER_BOUND('',#1636,.T.);
#886=FACE_OUTER_BOUND('',#1637,.T.);
#887=FACE_OUTER_BOUND('',#1638,.T.);
#888=FACE_OUTER_BOUND('',#1639,.T.);
#889=FACE_OUTER_BOUND('',#1640,.T.);
#890=FACE_OUTER_BOUND('',#1641,.T.);
#891=FACE_OUTER_BOUND('',#1642,.T.);
#892=FACE_OUTER_BOUND('',#1643,.T.);
#893=FACE_OUTER_BOUND('',#1644,.T.);
#894=FACE_OUTER_BOUND('',#1645,.T.);
#895=FACE_OUTER_BOUND('',#1646,.T.);
#896=FACE_OUTER_BOUND('',#1647,.T.);
#897=FACE_OUTER_BOUND('',#1648,.T.);
#898=FACE_OUTER_BOUND('',#1649,.T.);
#899=FACE_OUTER_BOUND('',#1650,.T.);
#900=FACE_OUTER_BOUND('',#1651,.T.);
#901=FACE_OUTER_BOUND('',#1653,.T.);
#902=FACE_OUTER_BOUND('',#1655,.T.);
#903=FACE_OUTER_BOUND('',#1656,.T.);
#904=FACE_OUTER_BOUND('',#1657,.T.);
#905=FACE_OUTER_BOUND('',#1658,.T.);
#906=FACE_OUTER_BOUND('',#1659,.T.);
#907=FACE_OUTER_BOUND('',#1660,.T.);
#908=FACE_OUTER_BOUND('',#1661,.T.);
#909=FACE_OUTER_BOUND('',#1662,.T.);
#910=FACE_OUTER_BOUND('',#1663,.T.);
#911=FACE_OUTER_BOUND('',#1664,.T.);
#912=FACE_OUTER_BOUND('',#1665,.T.);
#913=FACE_OUTER_BOUND('',#1666,.T.);
#914=FACE_OUTER_BOUND('',#1667,.T.);
#915=FACE_OUTER_BOUND('',#1668,.T.);
#916=FACE_OUTER_BOUND('',#1669,.T.);
#917=FACE_OUTER_BOUND('',#1670,.T.);
#918=FACE_OUTER_BOUND('',#1671,.T.);
#919=FACE_OUTER_BOUND('',#1673,.T.);
#920=FACE_OUTER_BOUND('',#1675,.T.);
#921=FACE_OUTER_BOUND('',#1676,.T.);
#922=FACE_OUTER_BOUND('',#1677,.T.);
#923=FACE_OUTER_BOUND('',#1678,.T.);
#924=FACE_OUTER_BOUND('',#1679,.T.);
#925=FACE_OUTER_BOUND('',#1680,.T.);
#926=FACE_OUTER_BOUND('',#1681,.T.);
#927=FACE_OUTER_BOUND('',#1682,.T.);
#928=FACE_OUTER_BOUND('',#1683,.T.);
#929=FACE_OUTER_BOUND('',#1684,.T.);
#930=FACE_OUTER_BOUND('',#1685,.T.);
#931=FACE_OUTER_BOUND('',#1686,.T.);
#932=FACE_OUTER_BOUND('',#1687,.T.);
#933=FACE_OUTER_BOUND('',#1688,.T.);
#934=FACE_OUTER_BOUND('',#1689,.T.);
#935=FACE_OUTER_BOUND('',#1690,.T.);
#936=FACE_OUTER_BOUND('',#1691,.T.);
#937=FACE_OUTER_BOUND('',#1693,.T.);
#938=FACE_OUTER_BOUND('',#1695,.T.);
#939=FACE_OUTER_BOUND('',#1696,.T.);
#940=FACE_OUTER_BOUND('',#1697,.T.);
#941=FACE_OUTER_BOUND('',#1698,.T.);
#942=FACE_OUTER_BOUND('',#1699,.T.);
#943=FACE_OUTER_BOUND('',#1700,.T.);
#944=FACE_OUTER_BOUND('',#1701,.T.);
#945=FACE_OUTER_BOUND('',#1702,.T.);
#946=FACE_OUTER_BOUND('',#1703,.T.);
#947=FACE_OUTER_BOUND('',#1704,.T.);
#948=FACE_OUTER_BOUND('',#1705,.T.);
#949=FACE_OUTER_BOUND('',#1706,.T.);
#950=FACE_OUTER_BOUND('',#1707,.T.);
#951=FACE_OUTER_BOUND('',#1708,.T.);
#952=FACE_OUTER_BOUND('',#1709,.T.);
#953=FACE_OUTER_BOUND('',#1710,.T.);
#954=FACE_OUTER_BOUND('',#1711,.T.);
#955=FACE_OUTER_BOUND('',#1713,.T.);
#956=FACE_OUTER_BOUND('',#1715,.T.);
#957=FACE_OUTER_BOUND('',#1716,.T.);
#958=FACE_OUTER_BOUND('',#1717,.T.);
#959=FACE_OUTER_BOUND('',#1718,.T.);
#960=FACE_OUTER_BOUND('',#1719,.T.);
#961=FACE_OUTER_BOUND('',#1720,.T.);
#962=FACE_OUTER_BOUND('',#1721,.T.);
#963=FACE_OUTER_BOUND('',#1722,.T.);
#964=FACE_OUTER_BOUND('',#1723,.T.);
#965=FACE_OUTER_BOUND('',#1724,.T.);
#966=FACE_OUTER_BOUND('',#1725,.T.);
#967=FACE_OUTER_BOUND('',#1726,.T.);
#968=FACE_OUTER_BOUND('',#1727,.T.);
#969=FACE_OUTER_BOUND('',#1728,.T.);
#970=FACE_OUTER_BOUND('',#1729,.T.);
#971=FACE_OUTER_BOUND('',#1730,.T.);
#972=FACE_OUTER_BOUND('',#1731,.T.);
#973=EDGE_LOOP('',(#7973,#7974,#7975,#7976));
#974=EDGE_LOOP('',(#7977,#7978,#7979,#7980));
#975=EDGE_LOOP('',(#7981,#7982,#7983,#7984));
#976=EDGE_LOOP('',(#7985,#7986,#7987,#7988));
#977=EDGE_LOOP('',(#7989,#7990,#7991,#7992));
#978=EDGE_LOOP('',(#7993,#7994,#7995,#7996,#7997,#7998,#7999,#8000));
#979=EDGE_LOOP('',(#8001,#8002,#8003,#8004));
#980=EDGE_LOOP('',(#8005,#8006,#8007,#8008));
#981=EDGE_LOOP('',(#8009,#8010,#8011,#8012));
#982=EDGE_LOOP('',(#8013,#8014,#8015,#8016));
#983=EDGE_LOOP('',(#8017,#8018,#8019,#8020));
#984=EDGE_LOOP('',(#8021,#8022,#8023,#8024));
#985=EDGE_LOOP('',(#8025,#8026,#8027,#8028,#8029,#8030,#8031,#8032));
#986=EDGE_LOOP('',(#8033,#8034,#8035,#8036));
#987=EDGE_LOOP('',(#8037,#8038,#8039,#8040));
#988=EDGE_LOOP('',(#8041,#8042,#8043,#8044));
#989=EDGE_LOOP('',(#8045,#8046,#8047,#8048));
#990=EDGE_LOOP('',(#8049,#8050,#8051,#8052));
#991=EDGE_LOOP('',(#8053,#8054,#8055,#8056));
#992=EDGE_LOOP('',(#8057,#8058,#8059,#8060));
#993=EDGE_LOOP('',(#8061,#8062,#8063,#8064));
#994=EDGE_LOOP('',(#8065,#8066,#8067,#8068));
#995=EDGE_LOOP('',(#8069,#8070,#8071,#8072,#8073,#8074,#8075,#8076));
#996=EDGE_LOOP('',(#8077,#8078,#8079,#8080,#8081,#8082));
#997=EDGE_LOOP('',(#8083,#8084,#8085,#8086));
#998=EDGE_LOOP('',(#8087,#8088,#8089,#8090));
#999=EDGE_LOOP('',(#8091,#8092,#8093,#8094));
#1000=EDGE_LOOP('',(#8095,#8096,#8097,#8098,#8099,#8100));
#1001=EDGE_LOOP('',(#8101,#8102,#8103,#8104));
#1002=EDGE_LOOP('',(#8105,#8106,#8107,#8108,#8109,#8110,#8111,#8112));
#1003=EDGE_LOOP('',(#8113,#8114,#8115,#8116));
#1004=EDGE_LOOP('',(#8117,#8118,#8119,#8120));
#1005=EDGE_LOOP('',(#8121,#8122,#8123,#8124));
#1006=EDGE_LOOP('',(#8125,#8126,#8127,#8128));
#1007=EDGE_LOOP('',(#8129,#8130,#8131,#8132));
#1008=EDGE_LOOP('',(#8133,#8134,#8135,#8136));
#1009=EDGE_LOOP('',(#8137,#8138,#8139,#8140,#8141,#8142,#8143,#8144));
#1010=EDGE_LOOP('',(#8145,#8146,#8147,#8148));
#1011=EDGE_LOOP('',(#8149,#8150,#8151,#8152));
#1012=EDGE_LOOP('',(#8153,#8154,#8155,#8156));
#1013=EDGE_LOOP('',(#8157,#8158,#8159,#8160));
#1014=EDGE_LOOP('',(#8161,#8162,#8163,#8164));
#1015=EDGE_LOOP('',(#8165,#8166,#8167,#8168));
#1016=EDGE_LOOP('',(#8169,#8170,#8171,#8172,#8173,#8174,#8175,#8176));
#1017=EDGE_LOOP('',(#8177,#8178,#8179,#8180));
#1018=EDGE_LOOP('',(#8181,#8182,#8183,#8184));
#1019=EDGE_LOOP('',(#8185,#8186,#8187,#8188));
#1020=EDGE_LOOP('',(#8189,#8190,#8191,#8192));
#1021=EDGE_LOOP('',(#8193,#8194,#8195,#8196));
#1022=EDGE_LOOP('',(#8197,#8198,#8199,#8200));
#1023=EDGE_LOOP('',(#8201,#8202,#8203,#8204,#8205,#8206,#8207,#8208));
#1024=EDGE_LOOP('',(#8209,#8210,#8211,#8212));
#1025=EDGE_LOOP('',(#8213,#8214,#8215,#8216));
#1026=EDGE_LOOP('',(#8217,#8218,#8219,#8220));
#1027=EDGE_LOOP('',(#8221,#8222,#8223,#8224));
#1028=EDGE_LOOP('',(#8225,#8226,#8227,#8228));
#1029=EDGE_LOOP('',(#8229,#8230,#8231,#8232));
#1030=EDGE_LOOP('',(#8233,#8234,#8235,#8236));
#1031=EDGE_LOOP('',(#8237,#8238,#8239,#8240));
#1032=EDGE_LOOP('',(#8241,#8242,#8243,#8244));
#1033=EDGE_LOOP('',(#8245,#8246,#8247,#8248));
#1034=EDGE_LOOP('',(#8249,#8250,#8251,#8252,#8253,#8254,#8255,#8256));
#1035=EDGE_LOOP('',(#8257,#8258,#8259,#8260));
#1036=EDGE_LOOP('',(#8261,#8262,#8263,#8264));
#1037=EDGE_LOOP('',(#8265,#8266,#8267,#8268));
#1038=EDGE_LOOP('',(#8269,#8270,#8271,#8272));
#1039=EDGE_LOOP('',(#8273,#8274,#8275,#8276));
#1040=EDGE_LOOP('',(#8277,#8278,#8279,#8280));
#1041=EDGE_LOOP('',(#8281,#8282,#8283,#8284,#8285,#8286,#8287,#8288));
#1042=EDGE_LOOP('',(#8289,#8290,#8291,#8292));
#1043=EDGE_LOOP('',(#8293,#8294,#8295,#8296));
#1044=EDGE_LOOP('',(#8297,#8298,#8299,#8300));
#1045=EDGE_LOOP('',(#8301,#8302,#8303,#8304));
#1046=EDGE_LOOP('',(#8305,#8306,#8307,#8308));
#1047=EDGE_LOOP('',(#8309,#8310,#8311,#8312));
#1048=EDGE_LOOP('',(#8313,#8314,#8315,#8316));
#1049=EDGE_LOOP('',(#8317,#8318,#8319,#8320));
#1050=EDGE_LOOP('',(#8321,#8322,#8323,#8324));
#1051=EDGE_LOOP('',(#8325,#8326,#8327,#8328));
#1052=EDGE_LOOP('',(#8329,#8330,#8331,#8332,#8333,#8334,#8335,#8336));
#1053=EDGE_LOOP('',(#8337,#8338,#8339,#8340));
#1054=EDGE_LOOP('',(#8341,#8342,#8343,#8344));
#1055=EDGE_LOOP('',(#8345,#8346,#8347,#8348));
#1056=EDGE_LOOP('',(#8349,#8350,#8351,#8352));
#1057=EDGE_LOOP('',(#8353,#8354,#8355,#8356));
#1058=EDGE_LOOP('',(#8357,#8358,#8359,#8360));
#1059=EDGE_LOOP('',(#8361,#8362,#8363,#8364,#8365,#8366,#8367,#8368));
#1060=EDGE_LOOP('',(#8369,#8370,#8371,#8372));
#1061=EDGE_LOOP('',(#8373,#8374,#8375,#8376));
#1062=EDGE_LOOP('',(#8377,#8378,#8379,#8380));
#1063=EDGE_LOOP('',(#8381,#8382,#8383,#8384));
#1064=EDGE_LOOP('',(#8385,#8386,#8387,#8388));
#1065=EDGE_LOOP('',(#8389,#8390,#8391,#8392));
#1066=EDGE_LOOP('',(#8393,#8394,#8395,#8396));
#1067=EDGE_LOOP('',(#8397,#8398,#8399,#8400));
#1068=EDGE_LOOP('',(#8401,#8402,#8403,#8404));
#1069=EDGE_LOOP('',(#8405,#8406,#8407,#8408));
#1070=EDGE_LOOP('',(#8409,#8410,#8411,#8412,#8413,#8414,#8415,#8416));
#1071=EDGE_LOOP('',(#8417,#8418,#8419,#8420));
#1072=EDGE_LOOP('',(#8421,#8422,#8423,#8424));
#1073=EDGE_LOOP('',(#8425,#8426,#8427,#8428));
#1074=EDGE_LOOP('',(#8429,#8430,#8431,#8432));
#1075=EDGE_LOOP('',(#8433,#8434,#8435,#8436));
#1076=EDGE_LOOP('',(#8437,#8438,#8439,#8440));
#1077=EDGE_LOOP('',(#8441,#8442,#8443,#8444,#8445,#8446,#8447,#8448));
#1078=EDGE_LOOP('',(#8449,#8450,#8451,#8452));
#1079=EDGE_LOOP('',(#8453,#8454,#8455,#8456));
#1080=EDGE_LOOP('',(#8457,#8458,#8459,#8460));
#1081=EDGE_LOOP('',(#8461,#8462,#8463,#8464));
#1082=EDGE_LOOP('',(#8465,#8466,#8467,#8468));
#1083=EDGE_LOOP('',(#8469,#8470,#8471,#8472));
#1084=EDGE_LOOP('',(#8473,#8474,#8475,#8476));
#1085=EDGE_LOOP('',(#8477,#8478,#8479,#8480));
#1086=EDGE_LOOP('',(#8481,#8482,#8483,#8484));
#1087=EDGE_LOOP('',(#8485,#8486,#8487,#8488));
#1088=EDGE_LOOP('',(#8489,#8490,#8491,#8492,#8493,#8494,#8495,#8496));
#1089=EDGE_LOOP('',(#8497,#8498,#8499,#8500));
#1090=EDGE_LOOP('',(#8501,#8502,#8503,#8504));
#1091=EDGE_LOOP('',(#8505,#8506,#8507,#8508));
#1092=EDGE_LOOP('',(#8509,#8510,#8511,#8512));
#1093=EDGE_LOOP('',(#8513,#8514,#8515,#8516));
#1094=EDGE_LOOP('',(#8517,#8518,#8519,#8520));
#1095=EDGE_LOOP('',(#8521,#8522,#8523,#8524,#8525,#8526,#8527,#8528));
#1096=EDGE_LOOP('',(#8529,#8530,#8531,#8532));
#1097=EDGE_LOOP('',(#8533,#8534,#8535,#8536));
#1098=EDGE_LOOP('',(#8537,#8538,#8539,#8540));
#1099=EDGE_LOOP('',(#8541,#8542,#8543,#8544));
#1100=EDGE_LOOP('',(#8545,#8546,#8547,#8548));
#1101=EDGE_LOOP('',(#8549,#8550,#8551,#8552));
#1102=EDGE_LOOP('',(#8553,#8554,#8555,#8556));
#1103=EDGE_LOOP('',(#8557,#8558,#8559,#8560));
#1104=EDGE_LOOP('',(#8561,#8562,#8563,#8564));
#1105=EDGE_LOOP('',(#8565,#8566,#8567,#8568));
#1106=EDGE_LOOP('',(#8569,#8570,#8571,#8572,#8573,#8574,#8575,#8576));
#1107=EDGE_LOOP('',(#8577,#8578,#8579,#8580));
#1108=EDGE_LOOP('',(#8581,#8582,#8583,#8584));
#1109=EDGE_LOOP('',(#8585,#8586,#8587,#8588));
#1110=EDGE_LOOP('',(#8589,#8590,#8591,#8592));
#1111=EDGE_LOOP('',(#8593,#8594,#8595,#8596));
#1112=EDGE_LOOP('',(#8597,#8598,#8599,#8600));
#1113=EDGE_LOOP('',(#8601,#8602,#8603,#8604,#8605,#8606,#8607,#8608));
#1114=EDGE_LOOP('',(#8609,#8610,#8611,#8612));
#1115=EDGE_LOOP('',(#8613,#8614,#8615,#8616));
#1116=EDGE_LOOP('',(#8617,#8618,#8619,#8620));
#1117=EDGE_LOOP('',(#8621,#8622,#8623,#8624));
#1118=EDGE_LOOP('',(#8625,#8626,#8627,#8628));
#1119=EDGE_LOOP('',(#8629,#8630,#8631,#8632));
#1120=EDGE_LOOP('',(#8633,#8634,#8635,#8636));
#1121=EDGE_LOOP('',(#8637,#8638,#8639,#8640));
#1122=EDGE_LOOP('',(#8641,#8642,#8643,#8644));
#1123=EDGE_LOOP('',(#8645,#8646,#8647,#8648));
#1124=EDGE_LOOP('',(#8649,#8650,#8651,#8652,#8653,#8654,#8655,#8656));
#1125=EDGE_LOOP('',(#8657,#8658,#8659,#8660));
#1126=EDGE_LOOP('',(#8661,#8662,#8663,#8664));
#1127=EDGE_LOOP('',(#8665,#8666,#8667,#8668));
#1128=EDGE_LOOP('',(#8669,#8670,#8671,#8672));
#1129=EDGE_LOOP('',(#8673,#8674,#8675,#8676));
#1130=EDGE_LOOP('',(#8677,#8678,#8679,#8680));
#1131=EDGE_LOOP('',(#8681,#8682,#8683,#8684,#8685,#8686,#8687,#8688));
#1132=EDGE_LOOP('',(#8689,#8690,#8691,#8692));
#1133=EDGE_LOOP('',(#8693,#8694,#8695,#8696));
#1134=EDGE_LOOP('',(#8697,#8698,#8699,#8700));
#1135=EDGE_LOOP('',(#8701,#8702,#8703,#8704));
#1136=EDGE_LOOP('',(#8705,#8706,#8707,#8708));
#1137=EDGE_LOOP('',(#8709,#8710,#8711,#8712));
#1138=EDGE_LOOP('',(#8713,#8714,#8715,#8716));
#1139=EDGE_LOOP('',(#8717,#8718,#8719,#8720));
#1140=EDGE_LOOP('',(#8721,#8722,#8723,#8724));
#1141=EDGE_LOOP('',(#8725,#8726,#8727,#8728));
#1142=EDGE_LOOP('',(#8729,#8730,#8731,#8732,#8733,#8734,#8735,#8736));
#1143=EDGE_LOOP('',(#8737,#8738,#8739,#8740));
#1144=EDGE_LOOP('',(#8741,#8742,#8743,#8744));
#1145=EDGE_LOOP('',(#8745,#8746,#8747,#8748));
#1146=EDGE_LOOP('',(#8749,#8750,#8751,#8752));
#1147=EDGE_LOOP('',(#8753,#8754,#8755,#8756));
#1148=EDGE_LOOP('',(#8757,#8758,#8759,#8760));
#1149=EDGE_LOOP('',(#8761,#8762,#8763,#8764,#8765,#8766,#8767,#8768));
#1150=EDGE_LOOP('',(#8769,#8770,#8771,#8772));
#1151=EDGE_LOOP('',(#8773,#8774,#8775,#8776));
#1152=EDGE_LOOP('',(#8777,#8778,#8779,#8780));
#1153=EDGE_LOOP('',(#8781,#8782,#8783,#8784));
#1154=EDGE_LOOP('',(#8785,#8786,#8787,#8788));
#1155=EDGE_LOOP('',(#8789,#8790,#8791,#8792));
#1156=EDGE_LOOP('',(#8793,#8794,#8795,#8796));
#1157=EDGE_LOOP('',(#8797,#8798,#8799,#8800));
#1158=EDGE_LOOP('',(#8801,#8802,#8803,#8804));
#1159=EDGE_LOOP('',(#8805,#8806,#8807,#8808));
#1160=EDGE_LOOP('',(#8809,#8810,#8811,#8812,#8813,#8814,#8815,#8816));
#1161=EDGE_LOOP('',(#8817,#8818,#8819,#8820));
#1162=EDGE_LOOP('',(#8821,#8822,#8823,#8824));
#1163=EDGE_LOOP('',(#8825,#8826,#8827,#8828));
#1164=EDGE_LOOP('',(#8829,#8830,#8831,#8832));
#1165=EDGE_LOOP('',(#8833,#8834,#8835,#8836));
#1166=EDGE_LOOP('',(#8837,#8838,#8839,#8840));
#1167=EDGE_LOOP('',(#8841,#8842,#8843,#8844,#8845,#8846,#8847,#8848));
#1168=EDGE_LOOP('',(#8849,#8850,#8851,#8852));
#1169=EDGE_LOOP('',(#8853,#8854,#8855,#8856));
#1170=EDGE_LOOP('',(#8857,#8858,#8859,#8860));
#1171=EDGE_LOOP('',(#8861,#8862,#8863,#8864));
#1172=EDGE_LOOP('',(#8865,#8866,#8867,#8868));
#1173=EDGE_LOOP('',(#8869,#8870,#8871,#8872));
#1174=EDGE_LOOP('',(#8873,#8874,#8875,#8876));
#1175=EDGE_LOOP('',(#8877,#8878,#8879,#8880));
#1176=EDGE_LOOP('',(#8881,#8882,#8883,#8884));
#1177=EDGE_LOOP('',(#8885,#8886,#8887,#8888));
#1178=EDGE_LOOP('',(#8889,#8890,#8891,#8892,#8893,#8894,#8895,#8896));
#1179=EDGE_LOOP('',(#8897,#8898,#8899,#8900));
#1180=EDGE_LOOP('',(#8901,#8902,#8903,#8904));
#1181=EDGE_LOOP('',(#8905,#8906,#8907,#8908));
#1182=EDGE_LOOP('',(#8909,#8910,#8911,#8912));
#1183=EDGE_LOOP('',(#8913,#8914,#8915,#8916));
#1184=EDGE_LOOP('',(#8917,#8918,#8919,#8920));
#1185=EDGE_LOOP('',(#8921,#8922,#8923,#8924,#8925,#8926,#8927,#8928));
#1186=EDGE_LOOP('',(#8929,#8930,#8931,#8932));
#1187=EDGE_LOOP('',(#8933,#8934,#8935,#8936));
#1188=EDGE_LOOP('',(#8937,#8938,#8939,#8940));
#1189=EDGE_LOOP('',(#8941,#8942,#8943,#8944));
#1190=EDGE_LOOP('',(#8945,#8946,#8947,#8948));
#1191=EDGE_LOOP('',(#8949,#8950,#8951,#8952));
#1192=EDGE_LOOP('',(#8953,#8954,#8955,#8956));
#1193=EDGE_LOOP('',(#8957,#8958,#8959,#8960));
#1194=EDGE_LOOP('',(#8961,#8962,#8963,#8964));
#1195=EDGE_LOOP('',(#8965,#8966,#8967,#8968));
#1196=EDGE_LOOP('',(#8969,#8970,#8971,#8972,#8973,#8974,#8975,#8976));
#1197=EDGE_LOOP('',(#8977,#8978,#8979,#8980));
#1198=EDGE_LOOP('',(#8981,#8982,#8983,#8984));
#1199=EDGE_LOOP('',(#8985,#8986,#8987,#8988));
#1200=EDGE_LOOP('',(#8989,#8990,#8991,#8992));
#1201=EDGE_LOOP('',(#8993,#8994,#8995,#8996));
#1202=EDGE_LOOP('',(#8997,#8998,#8999,#9000));
#1203=EDGE_LOOP('',(#9001,#9002,#9003,#9004,#9005,#9006,#9007,#9008));
#1204=EDGE_LOOP('',(#9009,#9010,#9011,#9012));
#1205=EDGE_LOOP('',(#9013,#9014,#9015,#9016));
#1206=EDGE_LOOP('',(#9017,#9018,#9019,#9020));
#1207=EDGE_LOOP('',(#9021,#9022,#9023,#9024));
#1208=EDGE_LOOP('',(#9025,#9026,#9027,#9028));
#1209=EDGE_LOOP('',(#9029,#9030,#9031,#9032));
#1210=EDGE_LOOP('',(#9033,#9034,#9035,#9036));
#1211=EDGE_LOOP('',(#9037,#9038,#9039,#9040));
#1212=EDGE_LOOP('',(#9041,#9042,#9043,#9044));
#1213=EDGE_LOOP('',(#9045,#9046,#9047,#9048));
#1214=EDGE_LOOP('',(#9049,#9050,#9051,#9052,#9053,#9054,#9055,#9056));
#1215=EDGE_LOOP('',(#9057,#9058,#9059,#9060));
#1216=EDGE_LOOP('',(#9061,#9062,#9063,#9064));
#1217=EDGE_LOOP('',(#9065,#9066,#9067,#9068));
#1218=EDGE_LOOP('',(#9069,#9070,#9071,#9072));
#1219=EDGE_LOOP('',(#9073,#9074,#9075,#9076));
#1220=EDGE_LOOP('',(#9077,#9078,#9079,#9080));
#1221=EDGE_LOOP('',(#9081,#9082,#9083,#9084,#9085,#9086,#9087,#9088));
#1222=EDGE_LOOP('',(#9089,#9090,#9091,#9092));
#1223=EDGE_LOOP('',(#9093,#9094,#9095,#9096));
#1224=EDGE_LOOP('',(#9097,#9098,#9099,#9100));
#1225=EDGE_LOOP('',(#9101,#9102,#9103,#9104));
#1226=EDGE_LOOP('',(#9105,#9106,#9107,#9108));
#1227=EDGE_LOOP('',(#9109,#9110,#9111,#9112));
#1228=EDGE_LOOP('',(#9113,#9114,#9115,#9116));
#1229=EDGE_LOOP('',(#9117,#9118,#9119,#9120));
#1230=EDGE_LOOP('',(#9121,#9122,#9123,#9124));
#1231=EDGE_LOOP('',(#9125,#9126,#9127,#9128));
#1232=EDGE_LOOP('',(#9129,#9130,#9131,#9132,#9133,#9134,#9135,#9136));
#1233=EDGE_LOOP('',(#9137,#9138,#9139,#9140));
#1234=EDGE_LOOP('',(#9141,#9142,#9143,#9144));
#1235=EDGE_LOOP('',(#9145,#9146,#9147,#9148));
#1236=EDGE_LOOP('',(#9149,#9150,#9151,#9152));
#1237=EDGE_LOOP('',(#9153,#9154,#9155,#9156));
#1238=EDGE_LOOP('',(#9157,#9158,#9159,#9160));
#1239=EDGE_LOOP('',(#9161,#9162,#9163,#9164,#9165,#9166,#9167,#9168));
#1240=EDGE_LOOP('',(#9169,#9170,#9171,#9172));
#1241=EDGE_LOOP('',(#9173,#9174,#9175,#9176));
#1242=EDGE_LOOP('',(#9177,#9178,#9179,#9180));
#1243=EDGE_LOOP('',(#9181,#9182,#9183,#9184));
#1244=EDGE_LOOP('',(#9185,#9186,#9187,#9188));
#1245=EDGE_LOOP('',(#9189,#9190,#9191,#9192));
#1246=EDGE_LOOP('',(#9193,#9194,#9195,#9196));
#1247=EDGE_LOOP('',(#9197,#9198,#9199,#9200));
#1248=EDGE_LOOP('',(#9201,#9202,#9203,#9204));
#1249=EDGE_LOOP('',(#9205,#9206,#9207,#9208));
#1250=EDGE_LOOP('',(#9209,#9210,#9211,#9212,#9213,#9214,#9215,#9216));
#1251=EDGE_LOOP('',(#9217,#9218,#9219,#9220));
#1252=EDGE_LOOP('',(#9221,#9222,#9223,#9224));
#1253=EDGE_LOOP('',(#9225,#9226,#9227,#9228));
#1254=EDGE_LOOP('',(#9229,#9230,#9231,#9232));
#1255=EDGE_LOOP('',(#9233,#9234,#9235,#9236));
#1256=EDGE_LOOP('',(#9237,#9238,#9239,#9240));
#1257=EDGE_LOOP('',(#9241,#9242,#9243,#9244,#9245,#9246,#9247,#9248));
#1258=EDGE_LOOP('',(#9249,#9250,#9251,#9252));
#1259=EDGE_LOOP('',(#9253,#9254,#9255,#9256));
#1260=EDGE_LOOP('',(#9257,#9258,#9259,#9260));
#1261=EDGE_LOOP('',(#9261,#9262,#9263,#9264));
#1262=EDGE_LOOP('',(#9265,#9266,#9267,#9268));
#1263=EDGE_LOOP('',(#9269,#9270,#9271,#9272));
#1264=EDGE_LOOP('',(#9273,#9274,#9275,#9276));
#1265=EDGE_LOOP('',(#9277,#9278,#9279,#9280));
#1266=EDGE_LOOP('',(#9281,#9282,#9283,#9284));
#1267=EDGE_LOOP('',(#9285,#9286,#9287,#9288));
#1268=EDGE_LOOP('',(#9289,#9290,#9291,#9292,#9293,#9294,#9295,#9296));
#1269=EDGE_LOOP('',(#9297,#9298,#9299,#9300));
#1270=EDGE_LOOP('',(#9301,#9302,#9303,#9304));
#1271=EDGE_LOOP('',(#9305,#9306,#9307,#9308));
#1272=EDGE_LOOP('',(#9309,#9310,#9311,#9312));
#1273=EDGE_LOOP('',(#9313,#9314,#9315,#9316));
#1274=EDGE_LOOP('',(#9317,#9318,#9319,#9320));
#1275=EDGE_LOOP('',(#9321,#9322,#9323,#9324,#9325,#9326,#9327,#9328));
#1276=EDGE_LOOP('',(#9329,#9330,#9331,#9332));
#1277=EDGE_LOOP('',(#9333,#9334,#9335,#9336));
#1278=EDGE_LOOP('',(#9337,#9338,#9339,#9340));
#1279=EDGE_LOOP('',(#9341,#9342,#9343,#9344));
#1280=EDGE_LOOP('',(#9345,#9346,#9347,#9348));
#1281=EDGE_LOOP('',(#9349,#9350,#9351,#9352));
#1282=EDGE_LOOP('',(#9353,#9354,#9355,#9356));
#1283=EDGE_LOOP('',(#9357,#9358,#9359,#9360));
#1284=EDGE_LOOP('',(#9361,#9362,#9363,#9364));
#1285=EDGE_LOOP('',(#9365,#9366,#9367,#9368));
#1286=EDGE_LOOP('',(#9369,#9370,#9371,#9372,#9373,#9374,#9375,#9376));
#1287=EDGE_LOOP('',(#9377,#9378,#9379,#9380));
#1288=EDGE_LOOP('',(#9381,#9382,#9383,#9384));
#1289=EDGE_LOOP('',(#9385,#9386,#9387,#9388));
#1290=EDGE_LOOP('',(#9389,#9390,#9391,#9392));
#1291=EDGE_LOOP('',(#9393,#9394,#9395,#9396));
#1292=EDGE_LOOP('',(#9397,#9398,#9399,#9400));
#1293=EDGE_LOOP('',(#9401,#9402,#9403,#9404,#9405,#9406,#9407,#9408));
#1294=EDGE_LOOP('',(#9409,#9410,#9411,#9412));
#1295=EDGE_LOOP('',(#9413,#9414,#9415,#9416));
#1296=EDGE_LOOP('',(#9417,#9418,#9419,#9420));
#1297=EDGE_LOOP('',(#9421,#9422,#9423,#9424));
#1298=EDGE_LOOP('',(#9425,#9426,#9427,#9428));
#1299=EDGE_LOOP('',(#9429,#9430,#9431,#9432));
#1300=EDGE_LOOP('',(#9433,#9434,#9435,#9436));
#1301=EDGE_LOOP('',(#9437,#9438,#9439,#9440));
#1302=EDGE_LOOP('',(#9441,#9442,#9443,#9444));
#1303=EDGE_LOOP('',(#9445,#9446,#9447,#9448));
#1304=EDGE_LOOP('',(#9449,#9450,#9451,#9452,#9453,#9454,#9455,#9456));
#1305=EDGE_LOOP('',(#9457,#9458,#9459,#9460));
#1306=EDGE_LOOP('',(#9461,#9462,#9463,#9464));
#1307=EDGE_LOOP('',(#9465,#9466,#9467,#9468));
#1308=EDGE_LOOP('',(#9469,#9470,#9471,#9472));
#1309=EDGE_LOOP('',(#9473,#9474,#9475,#9476));
#1310=EDGE_LOOP('',(#9477,#9478,#9479,#9480));
#1311=EDGE_LOOP('',(#9481,#9482,#9483,#9484,#9485,#9486,#9487,#9488));
#1312=EDGE_LOOP('',(#9489,#9490,#9491,#9492));
#1313=EDGE_LOOP('',(#9493,#9494,#9495,#9496));
#1314=EDGE_LOOP('',(#9497,#9498,#9499,#9500));
#1315=EDGE_LOOP('',(#9501,#9502,#9503,#9504));
#1316=EDGE_LOOP('',(#9505,#9506,#9507,#9508));
#1317=EDGE_LOOP('',(#9509,#9510,#9511,#9512));
#1318=EDGE_LOOP('',(#9513,#9514,#9515,#9516));
#1319=EDGE_LOOP('',(#9517,#9518,#9519,#9520));
#1320=EDGE_LOOP('',(#9521,#9522,#9523,#9524));
#1321=EDGE_LOOP('',(#9525,#9526,#9527,#9528));
#1322=EDGE_LOOP('',(#9529,#9530,#9531,#9532,#9533,#9534,#9535,#9536));
#1323=EDGE_LOOP('',(#9537,#9538,#9539,#9540));
#1324=EDGE_LOOP('',(#9541,#9542,#9543,#9544));
#1325=EDGE_LOOP('',(#9545,#9546,#9547,#9548));
#1326=EDGE_LOOP('',(#9549,#9550,#9551,#9552));
#1327=EDGE_LOOP('',(#9553,#9554,#9555,#9556));
#1328=EDGE_LOOP('',(#9557,#9558,#9559,#9560));
#1329=EDGE_LOOP('',(#9561,#9562,#9563,#9564,#9565,#9566,#9567,#9568));
#1330=EDGE_LOOP('',(#9569,#9570,#9571,#9572));
#1331=EDGE_LOOP('',(#9573,#9574,#9575,#9576));
#1332=EDGE_LOOP('',(#9577,#9578,#9579,#9580));
#1333=EDGE_LOOP('',(#9581,#9582,#9583,#9584));
#1334=EDGE_LOOP('',(#9585,#9586,#9587,#9588));
#1335=EDGE_LOOP('',(#9589,#9590,#9591,#9592));
#1336=EDGE_LOOP('',(#9593,#9594,#9595,#9596));
#1337=EDGE_LOOP('',(#9597,#9598,#9599,#9600));
#1338=EDGE_LOOP('',(#9601,#9602,#9603,#9604));
#1339=EDGE_LOOP('',(#9605,#9606,#9607,#9608));
#1340=EDGE_LOOP('',(#9609,#9610,#9611,#9612,#9613,#9614,#9615,#9616));
#1341=EDGE_LOOP('',(#9617,#9618,#9619,#9620));
#1342=EDGE_LOOP('',(#9621,#9622,#9623,#9624));
#1343=EDGE_LOOP('',(#9625,#9626,#9627,#9628));
#1344=EDGE_LOOP('',(#9629,#9630,#9631,#9632));
#1345=EDGE_LOOP('',(#9633,#9634,#9635,#9636));
#1346=EDGE_LOOP('',(#9637,#9638,#9639,#9640));
#1347=EDGE_LOOP('',(#9641,#9642,#9643,#9644,#9645,#9646,#9647,#9648));
#1348=EDGE_LOOP('',(#9649,#9650,#9651,#9652));
#1349=EDGE_LOOP('',(#9653,#9654,#9655,#9656));
#1350=EDGE_LOOP('',(#9657,#9658,#9659,#9660));
#1351=EDGE_LOOP('',(#9661,#9662,#9663,#9664));
#1352=EDGE_LOOP('',(#9665,#9666,#9667,#9668));
#1353=EDGE_LOOP('',(#9669,#9670,#9671,#9672));
#1354=EDGE_LOOP('',(#9673,#9674,#9675,#9676));
#1355=EDGE_LOOP('',(#9677,#9678,#9679,#9680));
#1356=EDGE_LOOP('',(#9681,#9682,#9683,#9684));
#1357=EDGE_LOOP('',(#9685,#9686,#9687,#9688,#9689,#9690,#9691,#9692));
#1358=EDGE_LOOP('',(#9693,#9694,#9695,#9696,#9697,#9698));
#1359=EDGE_LOOP('',(#9699,#9700,#9701,#9702));
#1360=EDGE_LOOP('',(#9703,#9704,#9705,#9706));
#1361=EDGE_LOOP('',(#9707,#9708,#9709,#9710));
#1362=EDGE_LOOP('',(#9711,#9712,#9713,#9714,#9715,#9716));
#1363=EDGE_LOOP('',(#9717,#9718,#9719,#9720));
#1364=EDGE_LOOP('',(#9721,#9722,#9723,#9724,#9725,#9726,#9727,#9728));
#1365=EDGE_LOOP('',(#9729,#9730,#9731,#9732));
#1366=EDGE_LOOP('',(#9733,#9734,#9735,#9736));
#1367=EDGE_LOOP('',(#9737,#9738,#9739,#9740));
#1368=EDGE_LOOP('',(#9741,#9742,#9743,#9744));
#1369=EDGE_LOOP('',(#9745,#9746,#9747,#9748));
#1370=EDGE_LOOP('',(#9749,#9750,#9751,#9752));
#1371=EDGE_LOOP('',(#9753,#9754,#9755,#9756,#9757,#9758,#9759,#9760));
#1372=EDGE_LOOP('',(#9761,#9762,#9763,#9764));
#1373=EDGE_LOOP('',(#9765,#9766,#9767,#9768));
#1374=EDGE_LOOP('',(#9769,#9770,#9771,#9772));
#1375=EDGE_LOOP('',(#9773,#9774,#9775,#9776));
#1376=EDGE_LOOP('',(#9777,#9778,#9779,#9780));
#1377=EDGE_LOOP('',(#9781,#9782,#9783,#9784,#9785,#9786,#9787,#9788));
#1378=EDGE_LOOP('',(#9789,#9790,#9791,#9792,#9793,#9794));
#1379=EDGE_LOOP('',(#9795,#9796,#9797,#9798));
#1380=EDGE_LOOP('',(#9799,#9800,#9801,#9802));
#1381=EDGE_LOOP('',(#9803,#9804,#9805,#9806));
#1382=EDGE_LOOP('',(#9807,#9808,#9809,#9810,#9811,#9812));
#1383=EDGE_LOOP('',(#9813,#9814,#9815,#9816));
#1384=EDGE_LOOP('',(#9817,#9818,#9819,#9820,#9821,#9822,#9823,#9824));
#1385=EDGE_LOOP('',(#9825,#9826,#9827,#9828));
#1386=EDGE_LOOP('',(#9829,#9830,#9831,#9832));
#1387=EDGE_LOOP('',(#9833,#9834,#9835,#9836));
#1388=EDGE_LOOP('',(#9837,#9838,#9839,#9840));
#1389=EDGE_LOOP('',(#9841,#9842,#9843,#9844));
#1390=EDGE_LOOP('',(#9845,#9846,#9847,#9848));
#1391=EDGE_LOOP('',(#9849,#9850,#9851,#9852,#9853,#9854,#9855,#9856));
#1392=EDGE_LOOP('',(#9857,#9858,#9859,#9860));
#1393=EDGE_LOOP('',(#9861,#9862,#9863,#9864));
#1394=EDGE_LOOP('',(#9865,#9866,#9867,#9868));
#1395=EDGE_LOOP('',(#9869,#9870,#9871,#9872));
#1396=EDGE_LOOP('',(#9873,#9874,#9875,#9876));
#1397=EDGE_LOOP('',(#9877,#9878,#9879,#9880,#9881,#9882,#9883,#9884));
#1398=EDGE_LOOP('',(#9885,#9886,#9887,#9888,#9889,#9890));
#1399=EDGE_LOOP('',(#9891,#9892,#9893,#9894));
#1400=EDGE_LOOP('',(#9895,#9896,#9897,#9898));
#1401=EDGE_LOOP('',(#9899,#9900,#9901,#9902));
#1402=EDGE_LOOP('',(#9903,#9904,#9905,#9906,#9907,#9908));
#1403=EDGE_LOOP('',(#9909,#9910,#9911,#9912));
#1404=EDGE_LOOP('',(#9913,#9914,#9915,#9916,#9917,#9918,#9919,#9920));
#1405=EDGE_LOOP('',(#9921,#9922,#9923,#9924));
#1406=EDGE_LOOP('',(#9925,#9926,#9927,#9928));
#1407=EDGE_LOOP('',(#9929,#9930,#9931,#9932));
#1408=EDGE_LOOP('',(#9933,#9934,#9935,#9936));
#1409=EDGE_LOOP('',(#9937,#9938,#9939,#9940));
#1410=EDGE_LOOP('',(#9941,#9942,#9943,#9944));
#1411=EDGE_LOOP('',(#9945,#9946,#9947,#9948,#9949,#9950,#9951,#9952));
#1412=EDGE_LOOP('',(#9953,#9954,#9955,#9956));
#1413=EDGE_LOOP('',(#9957,#9958,#9959,#9960));
#1414=EDGE_LOOP('',(#9961,#9962,#9963,#9964));
#1415=EDGE_LOOP('',(#9965,#9966,#9967,#9968));
#1416=EDGE_LOOP('',(#9969,#9970,#9971,#9972));
#1417=EDGE_LOOP('',(#9973,#9974,#9975,#9976,#9977,#9978,#9979,#9980));
#1418=EDGE_LOOP('',(#9981,#9982,#9983,#9984,#9985,#9986));
#1419=EDGE_LOOP('',(#9987,#9988,#9989,#9990));
#1420=EDGE_LOOP('',(#9991,#9992,#9993,#9994));
#1421=EDGE_LOOP('',(#9995,#9996,#9997,#9998));
#1422=EDGE_LOOP('',(#9999,#10000,#10001,#10002,#10003,#10004));
#1423=EDGE_LOOP('',(#10005,#10006,#10007,#10008));
#1424=EDGE_LOOP('',(#10009,#10010,#10011,#10012,#10013,#10014,#10015,#10016));
#1425=EDGE_LOOP('',(#10017,#10018,#10019,#10020));
#1426=EDGE_LOOP('',(#10021,#10022,#10023,#10024));
#1427=EDGE_LOOP('',(#10025,#10026,#10027,#10028));
#1428=EDGE_LOOP('',(#10029,#10030,#10031,#10032));
#1429=EDGE_LOOP('',(#10033,#10034,#10035,#10036));
#1430=EDGE_LOOP('',(#10037,#10038,#10039,#10040));
#1431=EDGE_LOOP('',(#10041,#10042,#10043,#10044,#10045,#10046,#10047,#10048));
#1432=EDGE_LOOP('',(#10049,#10050,#10051,#10052));
#1433=EDGE_LOOP('',(#10053,#10054,#10055,#10056));
#1434=EDGE_LOOP('',(#10057,#10058,#10059,#10060));
#1435=EDGE_LOOP('',(#10061,#10062,#10063,#10064));
#1436=EDGE_LOOP('',(#10065,#10066,#10067,#10068));
#1437=EDGE_LOOP('',(#10069,#10070,#10071,#10072,#10073,#10074,#10075,#10076));
#1438=EDGE_LOOP('',(#10077,#10078,#10079,#10080,#10081,#10082));
#1439=EDGE_LOOP('',(#10083,#10084,#10085,#10086));
#1440=EDGE_LOOP('',(#10087,#10088,#10089,#10090));
#1441=EDGE_LOOP('',(#10091,#10092,#10093,#10094));
#1442=EDGE_LOOP('',(#10095,#10096,#10097,#10098,#10099,#10100));
#1443=EDGE_LOOP('',(#10101,#10102,#10103,#10104));
#1444=EDGE_LOOP('',(#10105,#10106,#10107,#10108,#10109,#10110,#10111,#10112));
#1445=EDGE_LOOP('',(#10113,#10114,#10115,#10116));
#1446=EDGE_LOOP('',(#10117,#10118,#10119,#10120));
#1447=EDGE_LOOP('',(#10121,#10122,#10123,#10124));
#1448=EDGE_LOOP('',(#10125,#10126,#10127,#10128));
#1449=EDGE_LOOP('',(#10129,#10130,#10131,#10132));
#1450=EDGE_LOOP('',(#10133,#10134,#10135,#10136));
#1451=EDGE_LOOP('',(#10137,#10138,#10139,#10140,#10141,#10142,#10143,#10144));
#1452=EDGE_LOOP('',(#10145,#10146,#10147,#10148));
#1453=EDGE_LOOP('',(#10149,#10150,#10151,#10152));
#1454=EDGE_LOOP('',(#10153,#10154,#10155,#10156));
#1455=EDGE_LOOP('',(#10157,#10158,#10159,#10160));
#1456=EDGE_LOOP('',(#10161,#10162,#10163,#10164));
#1457=EDGE_LOOP('',(#10165,#10166,#10167,#10168,#10169,#10170,#10171,#10172));
#1458=EDGE_LOOP('',(#10173,#10174,#10175,#10176,#10177,#10178));
#1459=EDGE_LOOP('',(#10179,#10180,#10181,#10182));
#1460=EDGE_LOOP('',(#10183,#10184,#10185,#10186));
#1461=EDGE_LOOP('',(#10187,#10188,#10189,#10190));
#1462=EDGE_LOOP('',(#10191,#10192,#10193,#10194,#10195,#10196));
#1463=EDGE_LOOP('',(#10197,#10198,#10199,#10200));
#1464=EDGE_LOOP('',(#10201,#10202,#10203,#10204,#10205,#10206,#10207,#10208));
#1465=EDGE_LOOP('',(#10209,#10210,#10211,#10212));
#1466=EDGE_LOOP('',(#10213,#10214,#10215,#10216));
#1467=EDGE_LOOP('',(#10217,#10218,#10219,#10220));
#1468=EDGE_LOOP('',(#10221,#10222,#10223,#10224));
#1469=EDGE_LOOP('',(#10225,#10226,#10227,#10228));
#1470=EDGE_LOOP('',(#10229,#10230,#10231,#10232));
#1471=EDGE_LOOP('',(#10233,#10234,#10235,#10236,#10237,#10238,#10239,#10240));
#1472=EDGE_LOOP('',(#10241,#10242,#10243,#10244));
#1473=EDGE_LOOP('',(#10245,#10246,#10247,#10248));
#1474=EDGE_LOOP('',(#10249,#10250,#10251,#10252));
#1475=EDGE_LOOP('',(#10253,#10254,#10255,#10256));
#1476=EDGE_LOOP('',(#10257,#10258,#10259,#10260));
#1477=EDGE_LOOP('',(#10261,#10262,#10263,#10264,#10265,#10266,#10267,#10268));
#1478=EDGE_LOOP('',(#10269,#10270,#10271,#10272,#10273,#10274));
#1479=EDGE_LOOP('',(#10275,#10276,#10277,#10278));
#1480=EDGE_LOOP('',(#10279,#10280,#10281,#10282));
#1481=EDGE_LOOP('',(#10283,#10284,#10285,#10286));
#1482=EDGE_LOOP('',(#10287,#10288,#10289,#10290,#10291,#10292));
#1483=EDGE_LOOP('',(#10293,#10294,#10295,#10296));
#1484=EDGE_LOOP('',(#10297,#10298,#10299,#10300,#10301,#10302,#10303,#10304));
#1485=EDGE_LOOP('',(#10305,#10306,#10307,#10308));
#1486=EDGE_LOOP('',(#10309,#10310,#10311,#10312));
#1487=EDGE_LOOP('',(#10313,#10314,#10315,#10316));
#1488=EDGE_LOOP('',(#10317,#10318,#10319,#10320));
#1489=EDGE_LOOP('',(#10321,#10322,#10323,#10324));
#1490=EDGE_LOOP('',(#10325,#10326,#10327,#10328));
#1491=EDGE_LOOP('',(#10329,#10330,#10331,#10332,#10333,#10334,#10335,#10336));
#1492=EDGE_LOOP('',(#10337,#10338,#10339,#10340));
#1493=EDGE_LOOP('',(#10341,#10342,#10343,#10344));
#1494=EDGE_LOOP('',(#10345,#10346,#10347,#10348));
#1495=EDGE_LOOP('',(#10349,#10350,#10351,#10352));
#1496=EDGE_LOOP('',(#10353,#10354,#10355,#10356));
#1497=EDGE_LOOP('',(#10357,#10358,#10359,#10360,#10361,#10362,#10363,#10364));
#1498=EDGE_LOOP('',(#10365,#10366,#10367,#10368,#10369,#10370));
#1499=EDGE_LOOP('',(#10371,#10372,#10373,#10374));
#1500=EDGE_LOOP('',(#10375,#10376,#10377,#10378));
#1501=EDGE_LOOP('',(#10379,#10380,#10381,#10382));
#1502=EDGE_LOOP('',(#10383,#10384,#10385,#10386,#10387,#10388));
#1503=EDGE_LOOP('',(#10389,#10390,#10391,#10392));
#1504=EDGE_LOOP('',(#10393,#10394,#10395,#10396,#10397,#10398,#10399,#10400));
#1505=EDGE_LOOP('',(#10401,#10402,#10403,#10404));
#1506=EDGE_LOOP('',(#10405,#10406,#10407,#10408));
#1507=EDGE_LOOP('',(#10409,#10410,#10411,#10412));
#1508=EDGE_LOOP('',(#10413,#10414,#10415,#10416));
#1509=EDGE_LOOP('',(#10417,#10418,#10419,#10420));
#1510=EDGE_LOOP('',(#10421,#10422,#10423,#10424));
#1511=EDGE_LOOP('',(#10425,#10426,#10427,#10428,#10429,#10430,#10431,#10432));
#1512=EDGE_LOOP('',(#10433,#10434,#10435,#10436));
#1513=EDGE_LOOP('',(#10437,#10438,#10439,#10440));
#1514=EDGE_LOOP('',(#10441,#10442,#10443,#10444));
#1515=EDGE_LOOP('',(#10445,#10446,#10447,#10448));
#1516=EDGE_LOOP('',(#10449,#10450,#10451,#10452));
#1517=EDGE_LOOP('',(#10453,#10454,#10455,#10456,#10457,#10458,#10459,#10460));
#1518=EDGE_LOOP('',(#10461,#10462,#10463,#10464,#10465,#10466));
#1519=EDGE_LOOP('',(#10467,#10468,#10469,#10470));
#1520=EDGE_LOOP('',(#10471,#10472,#10473,#10474));
#1521=EDGE_LOOP('',(#10475,#10476,#10477,#10478));
#1522=EDGE_LOOP('',(#10479,#10480,#10481,#10482,#10483,#10484));
#1523=EDGE_LOOP('',(#10485,#10486,#10487,#10488));
#1524=EDGE_LOOP('',(#10489,#10490,#10491,#10492,#10493,#10494,#10495,#10496));
#1525=EDGE_LOOP('',(#10497,#10498,#10499,#10500));
#1526=EDGE_LOOP('',(#10501,#10502,#10503,#10504));
#1527=EDGE_LOOP('',(#10505,#10506,#10507,#10508));
#1528=EDGE_LOOP('',(#10509,#10510,#10511,#10512));
#1529=EDGE_LOOP('',(#10513,#10514,#10515,#10516));
#1530=EDGE_LOOP('',(#10517,#10518,#10519,#10520));
#1531=EDGE_LOOP('',(#10521,#10522,#10523,#10524,#10525,#10526,#10527,#10528));
#1532=EDGE_LOOP('',(#10529,#10530,#10531,#10532));
#1533=EDGE_LOOP('',(#10533,#10534,#10535,#10536));
#1534=EDGE_LOOP('',(#10537,#10538,#10539,#10540));
#1535=EDGE_LOOP('',(#10541,#10542,#10543,#10544));
#1536=EDGE_LOOP('',(#10545,#10546,#10547,#10548));
#1537=EDGE_LOOP('',(#10549,#10550,#10551,#10552,#10553,#10554,#10555,#10556));
#1538=EDGE_LOOP('',(#10557,#10558,#10559,#10560,#10561,#10562));
#1539=EDGE_LOOP('',(#10563,#10564,#10565,#10566));
#1540=EDGE_LOOP('',(#10567,#10568,#10569,#10570));
#1541=EDGE_LOOP('',(#10571,#10572,#10573,#10574));
#1542=EDGE_LOOP('',(#10575,#10576,#10577,#10578,#10579,#10580));
#1543=EDGE_LOOP('',(#10581,#10582,#10583,#10584));
#1544=EDGE_LOOP('',(#10585,#10586,#10587,#10588,#10589,#10590,#10591,#10592));
#1545=EDGE_LOOP('',(#10593,#10594,#10595,#10596));
#1546=EDGE_LOOP('',(#10597,#10598,#10599,#10600));
#1547=EDGE_LOOP('',(#10601,#10602,#10603,#10604));
#1548=EDGE_LOOP('',(#10605,#10606,#10607,#10608));
#1549=EDGE_LOOP('',(#10609,#10610,#10611,#10612));
#1550=EDGE_LOOP('',(#10613,#10614,#10615,#10616));
#1551=EDGE_LOOP('',(#10617,#10618,#10619,#10620,#10621,#10622,#10623,#10624));
#1552=EDGE_LOOP('',(#10625,#10626,#10627,#10628));
#1553=EDGE_LOOP('',(#10629,#10630,#10631,#10632));
#1554=EDGE_LOOP('',(#10633,#10634,#10635,#10636));
#1555=EDGE_LOOP('',(#10637,#10638,#10639,#10640));
#1556=EDGE_LOOP('',(#10641,#10642,#10643,#10644));
#1557=EDGE_LOOP('',(#10645,#10646,#10647,#10648,#10649,#10650,#10651,#10652));
#1558=EDGE_LOOP('',(#10653,#10654,#10655,#10656,#10657,#10658));
#1559=EDGE_LOOP('',(#10659,#10660,#10661,#10662));
#1560=EDGE_LOOP('',(#10663,#10664,#10665,#10666));
#1561=EDGE_LOOP('',(#10667,#10668,#10669,#10670));
#1562=EDGE_LOOP('',(#10671,#10672,#10673,#10674,#10675,#10676));
#1563=EDGE_LOOP('',(#10677,#10678,#10679,#10680));
#1564=EDGE_LOOP('',(#10681,#10682,#10683,#10684,#10685,#10686,#10687,#10688));
#1565=EDGE_LOOP('',(#10689,#10690,#10691,#10692));
#1566=EDGE_LOOP('',(#10693,#10694,#10695,#10696));
#1567=EDGE_LOOP('',(#10697,#10698,#10699,#10700));
#1568=EDGE_LOOP('',(#10701,#10702,#10703,#10704));
#1569=EDGE_LOOP('',(#10705,#10706,#10707,#10708));
#1570=EDGE_LOOP('',(#10709,#10710,#10711,#10712));
#1571=EDGE_LOOP('',(#10713,#10714,#10715,#10716,#10717,#10718,#10719,#10720));
#1572=EDGE_LOOP('',(#10721,#10722,#10723,#10724));
#1573=EDGE_LOOP('',(#10725,#10726,#10727,#10728));
#1574=EDGE_LOOP('',(#10729,#10730,#10731,#10732));
#1575=EDGE_LOOP('',(#10733,#10734,#10735,#10736));
#1576=EDGE_LOOP('',(#10737,#10738,#10739,#10740));
#1577=EDGE_LOOP('',(#10741,#10742,#10743,#10744,#10745,#10746,#10747,#10748));
#1578=EDGE_LOOP('',(#10749,#10750,#10751,#10752,#10753,#10754));
#1579=EDGE_LOOP('',(#10755,#10756,#10757,#10758));
#1580=EDGE_LOOP('',(#10759,#10760,#10761,#10762));
#1581=EDGE_LOOP('',(#10763,#10764,#10765,#10766));
#1582=EDGE_LOOP('',(#10767,#10768,#10769,#10770,#10771,#10772));
#1583=EDGE_LOOP('',(#10773,#10774,#10775,#10776));
#1584=EDGE_LOOP('',(#10777,#10778,#10779,#10780,#10781,#10782,#10783,#10784));
#1585=EDGE_LOOP('',(#10785,#10786,#10787,#10788));
#1586=EDGE_LOOP('',(#10789,#10790,#10791,#10792));
#1587=EDGE_LOOP('',(#10793,#10794,#10795,#10796));
#1588=EDGE_LOOP('',(#10797,#10798,#10799,#10800));
#1589=EDGE_LOOP('',(#10801,#10802,#10803,#10804));
#1590=EDGE_LOOP('',(#10805,#10806,#10807,#10808));
#1591=EDGE_LOOP('',(#10809,#10810,#10811,#10812,#10813,#10814,#10815,#10816));
#1592=EDGE_LOOP('',(#10817,#10818,#10819,#10820));
#1593=EDGE_LOOP('',(#10821,#10822,#10823,#10824));
#1594=EDGE_LOOP('',(#10825,#10826,#10827,#10828));
#1595=EDGE_LOOP('',(#10829,#10830,#10831,#10832));
#1596=EDGE_LOOP('',(#10833,#10834,#10835,#10836));
#1597=EDGE_LOOP('',(#10837,#10838,#10839,#10840,#10841,#10842,#10843,#10844));
#1598=EDGE_LOOP('',(#10845,#10846,#10847,#10848,#10849,#10850));
#1599=EDGE_LOOP('',(#10851,#10852,#10853,#10854));
#1600=EDGE_LOOP('',(#10855,#10856,#10857,#10858));
#1601=EDGE_LOOP('',(#10859,#10860,#10861,#10862));
#1602=EDGE_LOOP('',(#10863,#10864,#10865,#10866,#10867,#10868));
#1603=EDGE_LOOP('',(#10869,#10870,#10871,#10872));
#1604=EDGE_LOOP('',(#10873,#10874,#10875,#10876,#10877,#10878,#10879,#10880));
#1605=EDGE_LOOP('',(#10881,#10882,#10883,#10884));
#1606=EDGE_LOOP('',(#10885,#10886,#10887,#10888));
#1607=EDGE_LOOP('',(#10889,#10890,#10891,#10892));
#1608=EDGE_LOOP('',(#10893,#10894,#10895,#10896));
#1609=EDGE_LOOP('',(#10897,#10898,#10899,#10900));
#1610=EDGE_LOOP('',(#10901,#10902,#10903,#10904));
#1611=EDGE_LOOP('',(#10905,#10906,#10907,#10908,#10909,#10910,#10911,#10912));
#1612=EDGE_LOOP('',(#10913,#10914,#10915,#10916));
#1613=EDGE_LOOP('',(#10917,#10918,#10919,#10920));
#1614=EDGE_LOOP('',(#10921,#10922,#10923,#10924));
#1615=EDGE_LOOP('',(#10925,#10926,#10927,#10928));
#1616=EDGE_LOOP('',(#10929,#10930,#10931,#10932));
#1617=EDGE_LOOP('',(#10933,#10934,#10935,#10936,#10937,#10938,#10939,#10940));
#1618=EDGE_LOOP('',(#10941,#10942,#10943,#10944,#10945,#10946));
#1619=EDGE_LOOP('',(#10947,#10948,#10949,#10950));
#1620=EDGE_LOOP('',(#10951,#10952,#10953,#10954));
#1621=EDGE_LOOP('',(#10955,#10956,#10957,#10958));
#1622=EDGE_LOOP('',(#10959,#10960,#10961,#10962,#10963,#10964));
#1623=EDGE_LOOP('',(#10965,#10966,#10967,#10968));
#1624=EDGE_LOOP('',(#10969,#10970,#10971,#10972,#10973,#10974,#10975,#10976));
#1625=EDGE_LOOP('',(#10977,#10978,#10979,#10980));
#1626=EDGE_LOOP('',(#10981,#10982,#10983,#10984));
#1627=EDGE_LOOP('',(#10985,#10986,#10987,#10988));
#1628=EDGE_LOOP('',(#10989,#10990,#10991,#10992));
#1629=EDGE_LOOP('',(#10993,#10994,#10995,#10996));
#1630=EDGE_LOOP('',(#10997,#10998,#10999,#11000));
#1631=EDGE_LOOP('',(#11001,#11002,#11003,#11004,#11005,#11006,#11007,#11008));
#1632=EDGE_LOOP('',(#11009,#11010,#11011,#11012));
#1633=EDGE_LOOP('',(#11013,#11014,#11015,#11016));
#1634=EDGE_LOOP('',(#11017,#11018,#11019,#11020));
#1635=EDGE_LOOP('',(#11021,#11022,#11023,#11024));
#1636=EDGE_LOOP('',(#11025,#11026,#11027,#11028));
#1637=EDGE_LOOP('',(#11029,#11030,#11031,#11032,#11033,#11034,#11035,#11036));
#1638=EDGE_LOOP('',(#11037,#11038,#11039,#11040,#11041,#11042));
#1639=EDGE_LOOP('',(#11043,#11044,#11045,#11046));
#1640=EDGE_LOOP('',(#11047,#11048,#11049,#11050));
#1641=EDGE_LOOP('',(#11051,#11052,#11053,#11054));
#1642=EDGE_LOOP('',(#11055,#11056,#11057,#11058,#11059,#11060));
#1643=EDGE_LOOP('',(#11061,#11062,#11063,#11064));
#1644=EDGE_LOOP('',(#11065,#11066,#11067,#11068,#11069,#11070,#11071,#11072));
#1645=EDGE_LOOP('',(#11073,#11074,#11075,#11076));
#1646=EDGE_LOOP('',(#11077,#11078,#11079,#11080));
#1647=EDGE_LOOP('',(#11081,#11082,#11083,#11084));
#1648=EDGE_LOOP('',(#11085,#11086,#11087,#11088));
#1649=EDGE_LOOP('',(#11089,#11090,#11091,#11092));
#1650=EDGE_LOOP('',(#11093,#11094,#11095,#11096));
#1651=EDGE_LOOP('',(#11097,#11098,#11099,#11100,#11101,#11102,#11103,#11104));
#1652=EDGE_LOOP('',(#11105,#11106,#11107,#11108));
#1653=EDGE_LOOP('',(#11109,#11110,#11111,#11112));
#1654=EDGE_LOOP('',(#11113,#11114,#11115,#11116));
#1655=EDGE_LOOP('',(#11117,#11118,#11119,#11120));
#1656=EDGE_LOOP('',(#11121,#11122,#11123,#11124));
#1657=EDGE_LOOP('',(#11125,#11126,#11127,#11128,#11129,#11130,#11131,#11132));
#1658=EDGE_LOOP('',(#11133,#11134,#11135,#11136,#11137,#11138));
#1659=EDGE_LOOP('',(#11139,#11140,#11141,#11142));
#1660=EDGE_LOOP('',(#11143,#11144,#11145,#11146));
#1661=EDGE_LOOP('',(#11147,#11148,#11149,#11150));
#1662=EDGE_LOOP('',(#11151,#11152,#11153,#11154,#11155,#11156));
#1663=EDGE_LOOP('',(#11157,#11158,#11159,#11160));
#1664=EDGE_LOOP('',(#11161,#11162,#11163,#11164,#11165,#11166,#11167,#11168));
#1665=EDGE_LOOP('',(#11169,#11170,#11171,#11172));
#1666=EDGE_LOOP('',(#11173,#11174,#11175,#11176));
#1667=EDGE_LOOP('',(#11177,#11178,#11179,#11180));
#1668=EDGE_LOOP('',(#11181,#11182,#11183,#11184));
#1669=EDGE_LOOP('',(#11185,#11186,#11187,#11188));
#1670=EDGE_LOOP('',(#11189,#11190,#11191,#11192));
#1671=EDGE_LOOP('',(#11193,#11194,#11195,#11196,#11197,#11198,#11199,#11200));
#1672=EDGE_LOOP('',(#11201,#11202,#11203,#11204));
#1673=EDGE_LOOP('',(#11205,#11206,#11207,#11208));
#1674=EDGE_LOOP('',(#11209,#11210,#11211,#11212));
#1675=EDGE_LOOP('',(#11213,#11214,#11215,#11216));
#1676=EDGE_LOOP('',(#11217,#11218,#11219,#11220));
#1677=EDGE_LOOP('',(#11221,#11222,#11223,#11224,#11225,#11226,#11227,#11228));
#1678=EDGE_LOOP('',(#11229,#11230,#11231,#11232,#11233,#11234));
#1679=EDGE_LOOP('',(#11235,#11236,#11237,#11238));
#1680=EDGE_LOOP('',(#11239,#11240,#11241,#11242));
#1681=EDGE_LOOP('',(#11243,#11244,#11245,#11246));
#1682=EDGE_LOOP('',(#11247,#11248,#11249,#11250,#11251,#11252));
#1683=EDGE_LOOP('',(#11253,#11254,#11255,#11256));
#1684=EDGE_LOOP('',(#11257,#11258,#11259,#11260,#11261,#11262,#11263,#11264));
#1685=EDGE_LOOP('',(#11265,#11266,#11267,#11268));
#1686=EDGE_LOOP('',(#11269,#11270,#11271,#11272));
#1687=EDGE_LOOP('',(#11273,#11274,#11275,#11276));
#1688=EDGE_LOOP('',(#11277,#11278,#11279,#11280));
#1689=EDGE_LOOP('',(#11281,#11282,#11283,#11284));
#1690=EDGE_LOOP('',(#11285,#11286,#11287,#11288));
#1691=EDGE_LOOP('',(#11289,#11290,#11291,#11292,#11293,#11294,#11295,#11296));
#1692=EDGE_LOOP('',(#11297,#11298,#11299,#11300));
#1693=EDGE_LOOP('',(#11301,#11302,#11303,#11304));
#1694=EDGE_LOOP('',(#11305,#11306,#11307,#11308));
#1695=EDGE_LOOP('',(#11309,#11310,#11311,#11312));
#1696=EDGE_LOOP('',(#11313,#11314,#11315,#11316));
#1697=EDGE_LOOP('',(#11317,#11318,#11319,#11320,#11321,#11322,#11323,#11324));
#1698=EDGE_LOOP('',(#11325,#11326,#11327,#11328,#11329,#11330));
#1699=EDGE_LOOP('',(#11331,#11332,#11333,#11334));
#1700=EDGE_LOOP('',(#11335,#11336,#11337,#11338));
#1701=EDGE_LOOP('',(#11339,#11340,#11341,#11342));
#1702=EDGE_LOOP('',(#11343,#11344,#11345,#11346,#11347,#11348));
#1703=EDGE_LOOP('',(#11349,#11350,#11351,#11352));
#1704=EDGE_LOOP('',(#11353,#11354,#11355,#11356,#11357,#11358,#11359,#11360));
#1705=EDGE_LOOP('',(#11361,#11362,#11363,#11364));
#1706=EDGE_LOOP('',(#11365,#11366,#11367,#11368));
#1707=EDGE_LOOP('',(#11369,#11370,#11371,#11372));
#1708=EDGE_LOOP('',(#11373,#11374,#11375,#11376));
#1709=EDGE_LOOP('',(#11377,#11378,#11379,#11380));
#1710=EDGE_LOOP('',(#11381,#11382,#11383,#11384));
#1711=EDGE_LOOP('',(#11385,#11386,#11387,#11388,#11389,#11390,#11391,#11392));
#1712=EDGE_LOOP('',(#11393,#11394,#11395,#11396));
#1713=EDGE_LOOP('',(#11397,#11398,#11399,#11400));
#1714=EDGE_LOOP('',(#11401,#11402,#11403,#11404));
#1715=EDGE_LOOP('',(#11405,#11406,#11407,#11408));
#1716=EDGE_LOOP('',(#11409,#11410,#11411,#11412));
#1717=EDGE_LOOP('',(#11413,#11414,#11415,#11416,#11417,#11418,#11419,#11420));
#1718=EDGE_LOOP('',(#11421,#11422,#11423,#11424,#11425,#11426));
#1719=EDGE_LOOP('',(#11427,#11428,#11429,#11430));
#1720=EDGE_LOOP('',(#11431,#11432,#11433,#11434));
#1721=EDGE_LOOP('',(#11435,#11436,#11437,#11438));
#1722=EDGE_LOOP('',(#11439,#11440,#11441,#11442,#11443,#11444));
#1723=EDGE_LOOP('',(#11445,#11446,#11447,#11448));
#1724=EDGE_LOOP('',(#11449,#11450,#11451,#11452,#11453,#11454,#11455,#11456));
#1725=EDGE_LOOP('',(#11457,#11458,#11459,#11460));
#1726=EDGE_LOOP('',(#11461,#11462,#11463,#11464));
#1727=EDGE_LOOP('',(#11465,#11466,#11467,#11468));
#1728=EDGE_LOOP('',(#11469,#11470,#11471,#11472));
#1729=EDGE_LOOP('',(#11473,#11474,#11475,#11476));
#1730=EDGE_LOOP('',(#11477,#11478,#11479,#11480));
#1731=EDGE_LOOP('',(#11481,#11482,#11483,#11484,#11485,#11486,#11487,#11488));
#1732=EDGE_LOOP('',(#11489,#11490,#11491,#11492));
#1733=LINE('',#17032,#3413);
#1734=LINE('',#17034,#3414);
#1735=LINE('',#17036,#3415);
#1736=LINE('',#17037,#3416);
#1737=LINE('',#17040,#3417);
#1738=LINE('',#17042,#3418);
#1739=LINE('',#17043,#3419);
#1740=LINE('',#17046,#3420);
#1741=LINE('',#17048,#3421);
#1742=LINE('',#17049,#3422);
#1743=LINE('',#17051,#3423);
#1744=LINE('',#17052,#3424);
#1745=LINE('',#17055,#3425);
#1746=LINE('',#17057,#3426);
#1747=LINE('',#17058,#3427);
#1748=LINE('',#17061,#3428);
#1749=LINE('',#17065,#3429);
#1750=LINE('',#17067,#3430);
#1751=LINE('',#17069,#3431);
#1752=LINE('',#17075,#3432);
#1753=LINE('',#17077,#3433);
#1754=LINE('',#17079,#3434);
#1755=LINE('',#17080,#3435);
#1756=LINE('',#17083,#3436);
#1757=LINE('',#17084,#3437);
#1758=LINE('',#17085,#3438);
#1759=LINE('',#17088,#3439);
#1760=LINE('',#17089,#3440);
#1761=LINE('',#17091,#3441);
#1762=LINE('',#17092,#3442);
#1763=LINE('',#17095,#3443);
#1764=LINE('',#17096,#3444);
#1765=LINE('',#17100,#3445);
#1766=LINE('',#17103,#3446);
#1767=LINE('',#17106,#3447);
#1768=LINE('',#17109,#3448);
#1769=LINE('',#17114,#3449);
#1770=LINE('',#17116,#3450);
#1771=LINE('',#17118,#3451);
#1772=LINE('',#17119,#3452);
#1773=LINE('',#17122,#3453);
#1774=LINE('',#17124,#3454);
#1775=LINE('',#17126,#3455);
#1776=LINE('',#17127,#3456);
#1777=LINE('',#17130,#3457);
#1778=LINE('',#17132,#3458);
#1779=LINE('',#17133,#3459);
#1780=LINE('',#17136,#3460);
#1781=LINE('',#17138,#3461);
#1782=LINE('',#17139,#3462);
#1783=LINE('',#17142,#3463);
#1784=LINE('',#17144,#3464);
#1785=LINE('',#17146,#3465);
#1786=LINE('',#17148,#3466);
#1787=LINE('',#17149,#3467);
#1788=LINE('',#17152,#3468);
#1789=LINE('',#17154,#3469);
#1790=LINE('',#17156,#3470);
#1791=LINE('',#17157,#3471);
#1792=LINE('',#17160,#3472);
#1793=LINE('',#17162,#3473);
#1794=LINE('',#17163,#3474);
#1795=LINE('',#17166,#3475);
#1796=LINE('',#17167,#3476);
#1797=LINE('',#17170,#3477);
#1798=LINE('',#17172,#3478);
#1799=LINE('',#17173,#3479);
#1800=LINE('',#17176,#3480);
#1801=LINE('',#17178,#3481);
#1802=LINE('',#17179,#3482);
#1803=LINE('',#17183,#3483);
#1804=LINE('',#17184,#3484);
#1805=LINE('',#17185,#3485);
#1806=LINE('',#17188,#3486);
#1807=LINE('',#17189,#3487);
#1808=LINE('',#17192,#3488);
#1809=LINE('',#17193,#3489);
#1810=LINE('',#17196,#3490);
#1811=LINE('',#17197,#3491);
#1812=LINE('',#17200,#3492);
#1813=LINE('',#17201,#3493);
#1814=LINE('',#17203,#3494);
#1815=LINE('',#17205,#3495);
#1816=LINE('',#17207,#3496);
#1817=LINE('',#17212,#3497);
#1818=LINE('',#17214,#3498);
#1819=LINE('',#17216,#3499);
#1820=LINE('',#17217,#3500);
#1821=LINE('',#17220,#3501);
#1822=LINE('',#17222,#3502);
#1823=LINE('',#17223,#3503);
#1824=LINE('',#17226,#3504);
#1825=LINE('',#17228,#3505);
#1826=LINE('',#17229,#3506);
#1827=LINE('',#17231,#3507);
#1828=LINE('',#17232,#3508);
#1829=LINE('',#17235,#3509);
#1830=LINE('',#17237,#3510);
#1831=LINE('',#17238,#3511);
#1832=LINE('',#17241,#3512);
#1833=LINE('',#17245,#3513);
#1834=LINE('',#17247,#3514);
#1835=LINE('',#17249,#3515);
#1836=LINE('',#17255,#3516);
#1837=LINE('',#17257,#3517);
#1838=LINE('',#17259,#3518);
#1839=LINE('',#17260,#3519);
#1840=LINE('',#17263,#3520);
#1841=LINE('',#17264,#3521);
#1842=LINE('',#17265,#3522);
#1843=LINE('',#17268,#3523);
#1844=LINE('',#17269,#3524);
#1845=LINE('',#17271,#3525);
#1846=LINE('',#17272,#3526);
#1847=LINE('',#17275,#3527);
#1848=LINE('',#17276,#3528);
#1849=LINE('',#17280,#3529);
#1850=LINE('',#17283,#3530);
#1851=LINE('',#17286,#3531);
#1852=LINE('',#17289,#3532);
#1853=LINE('',#17294,#3533);
#1854=LINE('',#17296,#3534);
#1855=LINE('',#17298,#3535);
#1856=LINE('',#17299,#3536);
#1857=LINE('',#17302,#3537);
#1858=LINE('',#17304,#3538);
#1859=LINE('',#17305,#3539);
#1860=LINE('',#17308,#3540);
#1861=LINE('',#17310,#3541);
#1862=LINE('',#17311,#3542);
#1863=LINE('',#17313,#3543);
#1864=LINE('',#17314,#3544);
#1865=LINE('',#17317,#3545);
#1866=LINE('',#17319,#3546);
#1867=LINE('',#17320,#3547);
#1868=LINE('',#17323,#3548);
#1869=LINE('',#17327,#3549);
#1870=LINE('',#17329,#3550);
#1871=LINE('',#17331,#3551);
#1872=LINE('',#17337,#3552);
#1873=LINE('',#17339,#3553);
#1874=LINE('',#17341,#3554);
#1875=LINE('',#17342,#3555);
#1876=LINE('',#17345,#3556);
#1877=LINE('',#17346,#3557);
#1878=LINE('',#17347,#3558);
#1879=LINE('',#17350,#3559);
#1880=LINE('',#17351,#3560);
#1881=LINE('',#17353,#3561);
#1882=LINE('',#17354,#3562);
#1883=LINE('',#17357,#3563);
#1884=LINE('',#17358,#3564);
#1885=LINE('',#17362,#3565);
#1886=LINE('',#17365,#3566);
#1887=LINE('',#17368,#3567);
#1888=LINE('',#17371,#3568);
#1889=LINE('',#17376,#3569);
#1890=LINE('',#17378,#3570);
#1891=LINE('',#17380,#3571);
#1892=LINE('',#17381,#3572);
#1893=LINE('',#17384,#3573);
#1894=LINE('',#17386,#3574);
#1895=LINE('',#17387,#3575);
#1896=LINE('',#17390,#3576);
#1897=LINE('',#17392,#3577);
#1898=LINE('',#17393,#3578);
#1899=LINE('',#17395,#3579);
#1900=LINE('',#17396,#3580);
#1901=LINE('',#17399,#3581);
#1902=LINE('',#17401,#3582);
#1903=LINE('',#17402,#3583);
#1904=LINE('',#17405,#3584);
#1905=LINE('',#17409,#3585);
#1906=LINE('',#17411,#3586);
#1907=LINE('',#17413,#3587);
#1908=LINE('',#17419,#3588);
#1909=LINE('',#17421,#3589);
#1910=LINE('',#17423,#3590);
#1911=LINE('',#17424,#3591);
#1912=LINE('',#17427,#3592);
#1913=LINE('',#17428,#3593);
#1914=LINE('',#17429,#3594);
#1915=LINE('',#17432,#3595);
#1916=LINE('',#17433,#3596);
#1917=LINE('',#17435,#3597);
#1918=LINE('',#17436,#3598);
#1919=LINE('',#17439,#3599);
#1920=LINE('',#17440,#3600);
#1921=LINE('',#17444,#3601);
#1922=LINE('',#17447,#3602);
#1923=LINE('',#17450,#3603);
#1924=LINE('',#17453,#3604);
#1925=LINE('',#17458,#3605);
#1926=LINE('',#17460,#3606);
#1927=LINE('',#17462,#3607);
#1928=LINE('',#17463,#3608);
#1929=LINE('',#17466,#3609);
#1930=LINE('',#17468,#3610);
#1931=LINE('',#17469,#3611);
#1932=LINE('',#17472,#3612);
#1933=LINE('',#17474,#3613);
#1934=LINE('',#17475,#3614);
#1935=LINE('',#17477,#3615);
#1936=LINE('',#17478,#3616);
#1937=LINE('',#17481,#3617);
#1938=LINE('',#17483,#3618);
#1939=LINE('',#17484,#3619);
#1940=LINE('',#17487,#3620);
#1941=LINE('',#17491,#3621);
#1942=LINE('',#17493,#3622);
#1943=LINE('',#17495,#3623);
#1944=LINE('',#17501,#3624);
#1945=LINE('',#17503,#3625);
#1946=LINE('',#17505,#3626);
#1947=LINE('',#17506,#3627);
#1948=LINE('',#17509,#3628);
#1949=LINE('',#17510,#3629);
#1950=LINE('',#17511,#3630);
#1951=LINE('',#17514,#3631);
#1952=LINE('',#17515,#3632);
#1953=LINE('',#17517,#3633);
#1954=LINE('',#17518,#3634);
#1955=LINE('',#17521,#3635);
#1956=LINE('',#17522,#3636);
#1957=LINE('',#17526,#3637);
#1958=LINE('',#17529,#3638);
#1959=LINE('',#17532,#3639);
#1960=LINE('',#17535,#3640);
#1961=LINE('',#17540,#3641);
#1962=LINE('',#17542,#3642);
#1963=LINE('',#17544,#3643);
#1964=LINE('',#17545,#3644);
#1965=LINE('',#17548,#3645);
#1966=LINE('',#17550,#3646);
#1967=LINE('',#17551,#3647);
#1968=LINE('',#17554,#3648);
#1969=LINE('',#17556,#3649);
#1970=LINE('',#17557,#3650);
#1971=LINE('',#17559,#3651);
#1972=LINE('',#17560,#3652);
#1973=LINE('',#17563,#3653);
#1974=LINE('',#17565,#3654);
#1975=LINE('',#17566,#3655);
#1976=LINE('',#17569,#3656);
#1977=LINE('',#17573,#3657);
#1978=LINE('',#17575,#3658);
#1979=LINE('',#17577,#3659);
#1980=LINE('',#17583,#3660);
#1981=LINE('',#17585,#3661);
#1982=LINE('',#17587,#3662);
#1983=LINE('',#17588,#3663);
#1984=LINE('',#17591,#3664);
#1985=LINE('',#17592,#3665);
#1986=LINE('',#17593,#3666);
#1987=LINE('',#17596,#3667);
#1988=LINE('',#17597,#3668);
#1989=LINE('',#17599,#3669);
#1990=LINE('',#17600,#3670);
#1991=LINE('',#17603,#3671);
#1992=LINE('',#17604,#3672);
#1993=LINE('',#17608,#3673);
#1994=LINE('',#17611,#3674);
#1995=LINE('',#17614,#3675);
#1996=LINE('',#17617,#3676);
#1997=LINE('',#17622,#3677);
#1998=LINE('',#17624,#3678);
#1999=LINE('',#17626,#3679);
#2000=LINE('',#17627,#3680);
#2001=LINE('',#17630,#3681);
#2002=LINE('',#17632,#3682);
#2003=LINE('',#17633,#3683);
#2004=LINE('',#17636,#3684);
#2005=LINE('',#17638,#3685);
#2006=LINE('',#17639,#3686);
#2007=LINE('',#17641,#3687);
#2008=LINE('',#17642,#3688);
#2009=LINE('',#17645,#3689);
#2010=LINE('',#17647,#3690);
#2011=LINE('',#17648,#3691);
#2012=LINE('',#17651,#3692);
#2013=LINE('',#17655,#3693);
#2014=LINE('',#17657,#3694);
#2015=LINE('',#17659,#3695);
#2016=LINE('',#17665,#3696);
#2017=LINE('',#17667,#3697);
#2018=LINE('',#17669,#3698);
#2019=LINE('',#17670,#3699);
#2020=LINE('',#17673,#3700);
#2021=LINE('',#17674,#3701);
#2022=LINE('',#17675,#3702);
#2023=LINE('',#17678,#3703);
#2024=LINE('',#17679,#3704);
#2025=LINE('',#17681,#3705);
#2026=LINE('',#17682,#3706);
#2027=LINE('',#17685,#3707);
#2028=LINE('',#17686,#3708);
#2029=LINE('',#17690,#3709);
#2030=LINE('',#17693,#3710);
#2031=LINE('',#17696,#3711);
#2032=LINE('',#17699,#3712);
#2033=LINE('',#17704,#3713);
#2034=LINE('',#17706,#3714);
#2035=LINE('',#17708,#3715);
#2036=LINE('',#17709,#3716);
#2037=LINE('',#17712,#3717);
#2038=LINE('',#17714,#3718);
#2039=LINE('',#17715,#3719);
#2040=LINE('',#17718,#3720);
#2041=LINE('',#17720,#3721);
#2042=LINE('',#17721,#3722);
#2043=LINE('',#17723,#3723);
#2044=LINE('',#17724,#3724);
#2045=LINE('',#17727,#3725);
#2046=LINE('',#17729,#3726);
#2047=LINE('',#17730,#3727);
#2048=LINE('',#17733,#3728);
#2049=LINE('',#17737,#3729);
#2050=LINE('',#17739,#3730);
#2051=LINE('',#17741,#3731);
#2052=LINE('',#17747,#3732);
#2053=LINE('',#17749,#3733);
#2054=LINE('',#17751,#3734);
#2055=LINE('',#17752,#3735);
#2056=LINE('',#17755,#3736);
#2057=LINE('',#17756,#3737);
#2058=LINE('',#17757,#3738);
#2059=LINE('',#17760,#3739);
#2060=LINE('',#17761,#3740);
#2061=LINE('',#17763,#3741);
#2062=LINE('',#17764,#3742);
#2063=LINE('',#17767,#3743);
#2064=LINE('',#17768,#3744);
#2065=LINE('',#17772,#3745);
#2066=LINE('',#17775,#3746);
#2067=LINE('',#17778,#3747);
#2068=LINE('',#17781,#3748);
#2069=LINE('',#17786,#3749);
#2070=LINE('',#17788,#3750);
#2071=LINE('',#17790,#3751);
#2072=LINE('',#17791,#3752);
#2073=LINE('',#17794,#3753);
#2074=LINE('',#17796,#3754);
#2075=LINE('',#17797,#3755);
#2076=LINE('',#17800,#3756);
#2077=LINE('',#17802,#3757);
#2078=LINE('',#17803,#3758);
#2079=LINE('',#17805,#3759);
#2080=LINE('',#17806,#3760);
#2081=LINE('',#17809,#3761);
#2082=LINE('',#17811,#3762);
#2083=LINE('',#17812,#3763);
#2084=LINE('',#17815,#3764);
#2085=LINE('',#17819,#3765);
#2086=LINE('',#17821,#3766);
#2087=LINE('',#17823,#3767);
#2088=LINE('',#17829,#3768);
#2089=LINE('',#17831,#3769);
#2090=LINE('',#17833,#3770);
#2091=LINE('',#17834,#3771);
#2092=LINE('',#17837,#3772);
#2093=LINE('',#17838,#3773);
#2094=LINE('',#17839,#3774);
#2095=LINE('',#17842,#3775);
#2096=LINE('',#17843,#3776);
#2097=LINE('',#17845,#3777);
#2098=LINE('',#17846,#3778);
#2099=LINE('',#17849,#3779);
#2100=LINE('',#17850,#3780);
#2101=LINE('',#17854,#3781);
#2102=LINE('',#17857,#3782);
#2103=LINE('',#17860,#3783);
#2104=LINE('',#17863,#3784);
#2105=LINE('',#17868,#3785);
#2106=LINE('',#17870,#3786);
#2107=LINE('',#17872,#3787);
#2108=LINE('',#17873,#3788);
#2109=LINE('',#17876,#3789);
#2110=LINE('',#17878,#3790);
#2111=LINE('',#17879,#3791);
#2112=LINE('',#17882,#3792);
#2113=LINE('',#17884,#3793);
#2114=LINE('',#17885,#3794);
#2115=LINE('',#17887,#3795);
#2116=LINE('',#17888,#3796);
#2117=LINE('',#17891,#3797);
#2118=LINE('',#17893,#3798);
#2119=LINE('',#17894,#3799);
#2120=LINE('',#17897,#3800);
#2121=LINE('',#17901,#3801);
#2122=LINE('',#17903,#3802);
#2123=LINE('',#17905,#3803);
#2124=LINE('',#17911,#3804);
#2125=LINE('',#17913,#3805);
#2126=LINE('',#17915,#3806);
#2127=LINE('',#17916,#3807);
#2128=LINE('',#17919,#3808);
#2129=LINE('',#17920,#3809);
#2130=LINE('',#17921,#3810);
#2131=LINE('',#17924,#3811);
#2132=LINE('',#17925,#3812);
#2133=LINE('',#17927,#3813);
#2134=LINE('',#17928,#3814);
#2135=LINE('',#17931,#3815);
#2136=LINE('',#17932,#3816);
#2137=LINE('',#17936,#3817);
#2138=LINE('',#17939,#3818);
#2139=LINE('',#17942,#3819);
#2140=LINE('',#17945,#3820);
#2141=LINE('',#17950,#3821);
#2142=LINE('',#17952,#3822);
#2143=LINE('',#17954,#3823);
#2144=LINE('',#17955,#3824);
#2145=LINE('',#17958,#3825);
#2146=LINE('',#17960,#3826);
#2147=LINE('',#17961,#3827);
#2148=LINE('',#17964,#3828);
#2149=LINE('',#17966,#3829);
#2150=LINE('',#17967,#3830);
#2151=LINE('',#17969,#3831);
#2152=LINE('',#17970,#3832);
#2153=LINE('',#17973,#3833);
#2154=LINE('',#17975,#3834);
#2155=LINE('',#17976,#3835);
#2156=LINE('',#17979,#3836);
#2157=LINE('',#17983,#3837);
#2158=LINE('',#17985,#3838);
#2159=LINE('',#17987,#3839);
#2160=LINE('',#17993,#3840);
#2161=LINE('',#17995,#3841);
#2162=LINE('',#17997,#3842);
#2163=LINE('',#17998,#3843);
#2164=LINE('',#18001,#3844);
#2165=LINE('',#18002,#3845);
#2166=LINE('',#18003,#3846);
#2167=LINE('',#18006,#3847);
#2168=LINE('',#18007,#3848);
#2169=LINE('',#18009,#3849);
#2170=LINE('',#18010,#3850);
#2171=LINE('',#18013,#3851);
#2172=LINE('',#18014,#3852);
#2173=LINE('',#18018,#3853);
#2174=LINE('',#18021,#3854);
#2175=LINE('',#18024,#3855);
#2176=LINE('',#18027,#3856);
#2177=LINE('',#18032,#3857);
#2178=LINE('',#18034,#3858);
#2179=LINE('',#18036,#3859);
#2180=LINE('',#18037,#3860);
#2181=LINE('',#18040,#3861);
#2182=LINE('',#18042,#3862);
#2183=LINE('',#18043,#3863);
#2184=LINE('',#18046,#3864);
#2185=LINE('',#18048,#3865);
#2186=LINE('',#18049,#3866);
#2187=LINE('',#18051,#3867);
#2188=LINE('',#18052,#3868);
#2189=LINE('',#18055,#3869);
#2190=LINE('',#18057,#3870);
#2191=LINE('',#18058,#3871);
#2192=LINE('',#18061,#3872);
#2193=LINE('',#18065,#3873);
#2194=LINE('',#18067,#3874);
#2195=LINE('',#18069,#3875);
#2196=LINE('',#18075,#3876);
#2197=LINE('',#18077,#3877);
#2198=LINE('',#18079,#3878);
#2199=LINE('',#18080,#3879);
#2200=LINE('',#18083,#3880);
#2201=LINE('',#18084,#3881);
#2202=LINE('',#18085,#3882);
#2203=LINE('',#18088,#3883);
#2204=LINE('',#18089,#3884);
#2205=LINE('',#18091,#3885);
#2206=LINE('',#18092,#3886);
#2207=LINE('',#18095,#3887);
#2208=LINE('',#18096,#3888);
#2209=LINE('',#18100,#3889);
#2210=LINE('',#18103,#3890);
#2211=LINE('',#18106,#3891);
#2212=LINE('',#18109,#3892);
#2213=LINE('',#18114,#3893);
#2214=LINE('',#18116,#3894);
#2215=LINE('',#18118,#3895);
#2216=LINE('',#18119,#3896);
#2217=LINE('',#18122,#3897);
#2218=LINE('',#18124,#3898);
#2219=LINE('',#18125,#3899);
#2220=LINE('',#18128,#3900);
#2221=LINE('',#18130,#3901);
#2222=LINE('',#18131,#3902);
#2223=LINE('',#18133,#3903);
#2224=LINE('',#18134,#3904);
#2225=LINE('',#18137,#3905);
#2226=LINE('',#18139,#3906);
#2227=LINE('',#18140,#3907);
#2228=LINE('',#18143,#3908);
#2229=LINE('',#18147,#3909);
#2230=LINE('',#18149,#3910);
#2231=LINE('',#18151,#3911);
#2232=LINE('',#18157,#3912);
#2233=LINE('',#18159,#3913);
#2234=LINE('',#18161,#3914);
#2235=LINE('',#18162,#3915);
#2236=LINE('',#18165,#3916);
#2237=LINE('',#18166,#3917);
#2238=LINE('',#18167,#3918);
#2239=LINE('',#18170,#3919);
#2240=LINE('',#18171,#3920);
#2241=LINE('',#18173,#3921);
#2242=LINE('',#18174,#3922);
#2243=LINE('',#18177,#3923);
#2244=LINE('',#18178,#3924);
#2245=LINE('',#18182,#3925);
#2246=LINE('',#18185,#3926);
#2247=LINE('',#18188,#3927);
#2248=LINE('',#18191,#3928);
#2249=LINE('',#18196,#3929);
#2250=LINE('',#18198,#3930);
#2251=LINE('',#18200,#3931);
#2252=LINE('',#18201,#3932);
#2253=LINE('',#18204,#3933);
#2254=LINE('',#18206,#3934);
#2255=LINE('',#18207,#3935);
#2256=LINE('',#18210,#3936);
#2257=LINE('',#18212,#3937);
#2258=LINE('',#18213,#3938);
#2259=LINE('',#18215,#3939);
#2260=LINE('',#18216,#3940);
#2261=LINE('',#18219,#3941);
#2262=LINE('',#18221,#3942);
#2263=LINE('',#18222,#3943);
#2264=LINE('',#18225,#3944);
#2265=LINE('',#18229,#3945);
#2266=LINE('',#18231,#3946);
#2267=LINE('',#18233,#3947);
#2268=LINE('',#18239,#3948);
#2269=LINE('',#18241,#3949);
#2270=LINE('',#18243,#3950);
#2271=LINE('',#18244,#3951);
#2272=LINE('',#18247,#3952);
#2273=LINE('',#18248,#3953);
#2274=LINE('',#18249,#3954);
#2275=LINE('',#18252,#3955);
#2276=LINE('',#18253,#3956);
#2277=LINE('',#18255,#3957);
#2278=LINE('',#18256,#3958);
#2279=LINE('',#18259,#3959);
#2280=LINE('',#18260,#3960);
#2281=LINE('',#18264,#3961);
#2282=LINE('',#18267,#3962);
#2283=LINE('',#18270,#3963);
#2284=LINE('',#18273,#3964);
#2285=LINE('',#18278,#3965);
#2286=LINE('',#18280,#3966);
#2287=LINE('',#18282,#3967);
#2288=LINE('',#18283,#3968);
#2289=LINE('',#18286,#3969);
#2290=LINE('',#18288,#3970);
#2291=LINE('',#18289,#3971);
#2292=LINE('',#18292,#3972);
#2293=LINE('',#18294,#3973);
#2294=LINE('',#18295,#3974);
#2295=LINE('',#18297,#3975);
#2296=LINE('',#18298,#3976);
#2297=LINE('',#18301,#3977);
#2298=LINE('',#18303,#3978);
#2299=LINE('',#18304,#3979);
#2300=LINE('',#18307,#3980);
#2301=LINE('',#18311,#3981);
#2302=LINE('',#18313,#3982);
#2303=LINE('',#18315,#3983);
#2304=LINE('',#18321,#3984);
#2305=LINE('',#18323,#3985);
#2306=LINE('',#18325,#3986);
#2307=LINE('',#18326,#3987);
#2308=LINE('',#18329,#3988);
#2309=LINE('',#18330,#3989);
#2310=LINE('',#18331,#3990);
#2311=LINE('',#18334,#3991);
#2312=LINE('',#18335,#3992);
#2313=LINE('',#18337,#3993);
#2314=LINE('',#18338,#3994);
#2315=LINE('',#18341,#3995);
#2316=LINE('',#18342,#3996);
#2317=LINE('',#18346,#3997);
#2318=LINE('',#18349,#3998);
#2319=LINE('',#18352,#3999);
#2320=LINE('',#18355,#4000);
#2321=LINE('',#18360,#4001);
#2322=LINE('',#18362,#4002);
#2323=LINE('',#18364,#4003);
#2324=LINE('',#18365,#4004);
#2325=LINE('',#18368,#4005);
#2326=LINE('',#18370,#4006);
#2327=LINE('',#18371,#4007);
#2328=LINE('',#18374,#4008);
#2329=LINE('',#18376,#4009);
#2330=LINE('',#18377,#4010);
#2331=LINE('',#18379,#4011);
#2332=LINE('',#18380,#4012);
#2333=LINE('',#18383,#4013);
#2334=LINE('',#18385,#4014);
#2335=LINE('',#18386,#4015);
#2336=LINE('',#18389,#4016);
#2337=LINE('',#18393,#4017);
#2338=LINE('',#18395,#4018);
#2339=LINE('',#18397,#4019);
#2340=LINE('',#18403,#4020);
#2341=LINE('',#18405,#4021);
#2342=LINE('',#18407,#4022);
#2343=LINE('',#18408,#4023);
#2344=LINE('',#18411,#4024);
#2345=LINE('',#18412,#4025);
#2346=LINE('',#18413,#4026);
#2347=LINE('',#18416,#4027);
#2348=LINE('',#18417,#4028);
#2349=LINE('',#18419,#4029);
#2350=LINE('',#18420,#4030);
#2351=LINE('',#18423,#4031);
#2352=LINE('',#18424,#4032);
#2353=LINE('',#18428,#4033);
#2354=LINE('',#18431,#4034);
#2355=LINE('',#18434,#4035);
#2356=LINE('',#18437,#4036);
#2357=LINE('',#18442,#4037);
#2358=LINE('',#18444,#4038);
#2359=LINE('',#18446,#4039);
#2360=LINE('',#18447,#4040);
#2361=LINE('',#18450,#4041);
#2362=LINE('',#18452,#4042);
#2363=LINE('',#18453,#4043);
#2364=LINE('',#18456,#4044);
#2365=LINE('',#18458,#4045);
#2366=LINE('',#18459,#4046);
#2367=LINE('',#18461,#4047);
#2368=LINE('',#18462,#4048);
#2369=LINE('',#18465,#4049);
#2370=LINE('',#18467,#4050);
#2371=LINE('',#18468,#4051);
#2372=LINE('',#18471,#4052);
#2373=LINE('',#18475,#4053);
#2374=LINE('',#18477,#4054);
#2375=LINE('',#18479,#4055);
#2376=LINE('',#18485,#4056);
#2377=LINE('',#18487,#4057);
#2378=LINE('',#18489,#4058);
#2379=LINE('',#18490,#4059);
#2380=LINE('',#18493,#4060);
#2381=LINE('',#18494,#4061);
#2382=LINE('',#18495,#4062);
#2383=LINE('',#18498,#4063);
#2384=LINE('',#18499,#4064);
#2385=LINE('',#18501,#4065);
#2386=LINE('',#18502,#4066);
#2387=LINE('',#18505,#4067);
#2388=LINE('',#18506,#4068);
#2389=LINE('',#18510,#4069);
#2390=LINE('',#18513,#4070);
#2391=LINE('',#18516,#4071);
#2392=LINE('',#18519,#4072);
#2393=LINE('',#18524,#4073);
#2394=LINE('',#18526,#4074);
#2395=LINE('',#18528,#4075);
#2396=LINE('',#18529,#4076);
#2397=LINE('',#18532,#4077);
#2398=LINE('',#18534,#4078);
#2399=LINE('',#18535,#4079);
#2400=LINE('',#18538,#4080);
#2401=LINE('',#18540,#4081);
#2402=LINE('',#18541,#4082);
#2403=LINE('',#18543,#4083);
#2404=LINE('',#18544,#4084);
#2405=LINE('',#18547,#4085);
#2406=LINE('',#18549,#4086);
#2407=LINE('',#18550,#4087);
#2408=LINE('',#18553,#4088);
#2409=LINE('',#18557,#4089);
#2410=LINE('',#18559,#4090);
#2411=LINE('',#18561,#4091);
#2412=LINE('',#18567,#4092);
#2413=LINE('',#18569,#4093);
#2414=LINE('',#18571,#4094);
#2415=LINE('',#18572,#4095);
#2416=LINE('',#18575,#4096);
#2417=LINE('',#18576,#4097);
#2418=LINE('',#18577,#4098);
#2419=LINE('',#18580,#4099);
#2420=LINE('',#18581,#4100);
#2421=LINE('',#18583,#4101);
#2422=LINE('',#18584,#4102);
#2423=LINE('',#18587,#4103);
#2424=LINE('',#18588,#4104);
#2425=LINE('',#18592,#4105);
#2426=LINE('',#18595,#4106);
#2427=LINE('',#18598,#4107);
#2428=LINE('',#18601,#4108);
#2429=LINE('',#18606,#4109);
#2430=LINE('',#18608,#4110);
#2431=LINE('',#18610,#4111);
#2432=LINE('',#18611,#4112);
#2433=LINE('',#18614,#4113);
#2434=LINE('',#18616,#4114);
#2435=LINE('',#18617,#4115);
#2436=LINE('',#18620,#4116);
#2437=LINE('',#18622,#4117);
#2438=LINE('',#18623,#4118);
#2439=LINE('',#18625,#4119);
#2440=LINE('',#18626,#4120);
#2441=LINE('',#18629,#4121);
#2442=LINE('',#18631,#4122);
#2443=LINE('',#18632,#4123);
#2444=LINE('',#18635,#4124);
#2445=LINE('',#18639,#4125);
#2446=LINE('',#18641,#4126);
#2447=LINE('',#18643,#4127);
#2448=LINE('',#18649,#4128);
#2449=LINE('',#18651,#4129);
#2450=LINE('',#18653,#4130);
#2451=LINE('',#18654,#4131);
#2452=LINE('',#18657,#4132);
#2453=LINE('',#18658,#4133);
#2454=LINE('',#18659,#4134);
#2455=LINE('',#18662,#4135);
#2456=LINE('',#18663,#4136);
#2457=LINE('',#18665,#4137);
#2458=LINE('',#18666,#4138);
#2459=LINE('',#18669,#4139);
#2460=LINE('',#18670,#4140);
#2461=LINE('',#18674,#4141);
#2462=LINE('',#18677,#4142);
#2463=LINE('',#18680,#4143);
#2464=LINE('',#18683,#4144);
#2465=LINE('',#18688,#4145);
#2466=LINE('',#18690,#4146);
#2467=LINE('',#18692,#4147);
#2468=LINE('',#18693,#4148);
#2469=LINE('',#18696,#4149);
#2470=LINE('',#18698,#4150);
#2471=LINE('',#18699,#4151);
#2472=LINE('',#18702,#4152);
#2473=LINE('',#18704,#4153);
#2474=LINE('',#18705,#4154);
#2475=LINE('',#18707,#4155);
#2476=LINE('',#18708,#4156);
#2477=LINE('',#18711,#4157);
#2478=LINE('',#18713,#4158);
#2479=LINE('',#18714,#4159);
#2480=LINE('',#18717,#4160);
#2481=LINE('',#18721,#4161);
#2482=LINE('',#18723,#4162);
#2483=LINE('',#18725,#4163);
#2484=LINE('',#18731,#4164);
#2485=LINE('',#18733,#4165);
#2486=LINE('',#18735,#4166);
#2487=LINE('',#18736,#4167);
#2488=LINE('',#18739,#4168);
#2489=LINE('',#18740,#4169);
#2490=LINE('',#18741,#4170);
#2491=LINE('',#18744,#4171);
#2492=LINE('',#18745,#4172);
#2493=LINE('',#18747,#4173);
#2494=LINE('',#18748,#4174);
#2495=LINE('',#18751,#4175);
#2496=LINE('',#18752,#4176);
#2497=LINE('',#18756,#4177);
#2498=LINE('',#18759,#4178);
#2499=LINE('',#18762,#4179);
#2500=LINE('',#18765,#4180);
#2501=LINE('',#18770,#4181);
#2502=LINE('',#18772,#4182);
#2503=LINE('',#18774,#4183);
#2504=LINE('',#18775,#4184);
#2505=LINE('',#18778,#4185);
#2506=LINE('',#18780,#4186);
#2507=LINE('',#18782,#4187);
#2508=LINE('',#18783,#4188);
#2509=LINE('',#18786,#4189);
#2510=LINE('',#18788,#4190);
#2511=LINE('',#18789,#4191);
#2512=LINE('',#18792,#4192);
#2513=LINE('',#18794,#4193);
#2514=LINE('',#18795,#4194);
#2515=LINE('',#18798,#4195);
#2516=LINE('',#18800,#4196);
#2517=LINE('',#18802,#4197);
#2518=LINE('',#18804,#4198);
#2519=LINE('',#18805,#4199);
#2520=LINE('',#18808,#4200);
#2521=LINE('',#18810,#4201);
#2522=LINE('',#18812,#4202);
#2523=LINE('',#18813,#4203);
#2524=LINE('',#18816,#4204);
#2525=LINE('',#18818,#4205);
#2526=LINE('',#18819,#4206);
#2527=LINE('',#18822,#4207);
#2528=LINE('',#18823,#4208);
#2529=LINE('',#18826,#4209);
#2530=LINE('',#18828,#4210);
#2531=LINE('',#18829,#4211);
#2532=LINE('',#18832,#4212);
#2533=LINE('',#18834,#4213);
#2534=LINE('',#18835,#4214);
#2535=LINE('',#18839,#4215);
#2536=LINE('',#18840,#4216);
#2537=LINE('',#18841,#4217);
#2538=LINE('',#18844,#4218);
#2539=LINE('',#18845,#4219);
#2540=LINE('',#18848,#4220);
#2541=LINE('',#18849,#4221);
#2542=LINE('',#18852,#4222);
#2543=LINE('',#18853,#4223);
#2544=LINE('',#18856,#4224);
#2545=LINE('',#18857,#4225);
#2546=LINE('',#18859,#4226);
#2547=LINE('',#18861,#4227);
#2548=LINE('',#18863,#4228);
#2549=LINE('',#18868,#4229);
#2550=LINE('',#18870,#4230);
#2551=LINE('',#18872,#4231);
#2552=LINE('',#18873,#4232);
#2553=LINE('',#18876,#4233);
#2554=LINE('',#18878,#4234);
#2555=LINE('',#18880,#4235);
#2556=LINE('',#18881,#4236);
#2557=LINE('',#18884,#4237);
#2558=LINE('',#18886,#4238);
#2559=LINE('',#18887,#4239);
#2560=LINE('',#18890,#4240);
#2561=LINE('',#18892,#4241);
#2562=LINE('',#18893,#4242);
#2563=LINE('',#18896,#4243);
#2564=LINE('',#18898,#4244);
#2565=LINE('',#18900,#4245);
#2566=LINE('',#18902,#4246);
#2567=LINE('',#18903,#4247);
#2568=LINE('',#18906,#4248);
#2569=LINE('',#18908,#4249);
#2570=LINE('',#18910,#4250);
#2571=LINE('',#18911,#4251);
#2572=LINE('',#18914,#4252);
#2573=LINE('',#18916,#4253);
#2574=LINE('',#18917,#4254);
#2575=LINE('',#18920,#4255);
#2576=LINE('',#18921,#4256);
#2577=LINE('',#18924,#4257);
#2578=LINE('',#18926,#4258);
#2579=LINE('',#18927,#4259);
#2580=LINE('',#18930,#4260);
#2581=LINE('',#18932,#4261);
#2582=LINE('',#18933,#4262);
#2583=LINE('',#18937,#4263);
#2584=LINE('',#18938,#4264);
#2585=LINE('',#18939,#4265);
#2586=LINE('',#18942,#4266);
#2587=LINE('',#18943,#4267);
#2588=LINE('',#18946,#4268);
#2589=LINE('',#18947,#4269);
#2590=LINE('',#18950,#4270);
#2591=LINE('',#18951,#4271);
#2592=LINE('',#18954,#4272);
#2593=LINE('',#18955,#4273);
#2594=LINE('',#18957,#4274);
#2595=LINE('',#18959,#4275);
#2596=LINE('',#18961,#4276);
#2597=LINE('',#18966,#4277);
#2598=LINE('',#18968,#4278);
#2599=LINE('',#18970,#4279);
#2600=LINE('',#18971,#4280);
#2601=LINE('',#18974,#4281);
#2602=LINE('',#18976,#4282);
#2603=LINE('',#18978,#4283);
#2604=LINE('',#18979,#4284);
#2605=LINE('',#18982,#4285);
#2606=LINE('',#18984,#4286);
#2607=LINE('',#18985,#4287);
#2608=LINE('',#18988,#4288);
#2609=LINE('',#18990,#4289);
#2610=LINE('',#18991,#4290);
#2611=LINE('',#18994,#4291);
#2612=LINE('',#18996,#4292);
#2613=LINE('',#18998,#4293);
#2614=LINE('',#19000,#4294);
#2615=LINE('',#19001,#4295);
#2616=LINE('',#19004,#4296);
#2617=LINE('',#19006,#4297);
#2618=LINE('',#19008,#4298);
#2619=LINE('',#19009,#4299);
#2620=LINE('',#19012,#4300);
#2621=LINE('',#19014,#4301);
#2622=LINE('',#19015,#4302);
#2623=LINE('',#19018,#4303);
#2624=LINE('',#19019,#4304);
#2625=LINE('',#19022,#4305);
#2626=LINE('',#19024,#4306);
#2627=LINE('',#19025,#4307);
#2628=LINE('',#19028,#4308);
#2629=LINE('',#19030,#4309);
#2630=LINE('',#19031,#4310);
#2631=LINE('',#19035,#4311);
#2632=LINE('',#19036,#4312);
#2633=LINE('',#19037,#4313);
#2634=LINE('',#19040,#4314);
#2635=LINE('',#19041,#4315);
#2636=LINE('',#19044,#4316);
#2637=LINE('',#19045,#4317);
#2638=LINE('',#19048,#4318);
#2639=LINE('',#19049,#4319);
#2640=LINE('',#19052,#4320);
#2641=LINE('',#19053,#4321);
#2642=LINE('',#19055,#4322);
#2643=LINE('',#19057,#4323);
#2644=LINE('',#19059,#4324);
#2645=LINE('',#19064,#4325);
#2646=LINE('',#19066,#4326);
#2647=LINE('',#19068,#4327);
#2648=LINE('',#19069,#4328);
#2649=LINE('',#19072,#4329);
#2650=LINE('',#19074,#4330);
#2651=LINE('',#19076,#4331);
#2652=LINE('',#19077,#4332);
#2653=LINE('',#19080,#4333);
#2654=LINE('',#19082,#4334);
#2655=LINE('',#19083,#4335);
#2656=LINE('',#19086,#4336);
#2657=LINE('',#19088,#4337);
#2658=LINE('',#19089,#4338);
#2659=LINE('',#19092,#4339);
#2660=LINE('',#19094,#4340);
#2661=LINE('',#19096,#4341);
#2662=LINE('',#19098,#4342);
#2663=LINE('',#19099,#4343);
#2664=LINE('',#19102,#4344);
#2665=LINE('',#19104,#4345);
#2666=LINE('',#19106,#4346);
#2667=LINE('',#19107,#4347);
#2668=LINE('',#19110,#4348);
#2669=LINE('',#19112,#4349);
#2670=LINE('',#19113,#4350);
#2671=LINE('',#19116,#4351);
#2672=LINE('',#19117,#4352);
#2673=LINE('',#19120,#4353);
#2674=LINE('',#19122,#4354);
#2675=LINE('',#19123,#4355);
#2676=LINE('',#19126,#4356);
#2677=LINE('',#19128,#4357);
#2678=LINE('',#19129,#4358);
#2679=LINE('',#19133,#4359);
#2680=LINE('',#19134,#4360);
#2681=LINE('',#19135,#4361);
#2682=LINE('',#19138,#4362);
#2683=LINE('',#19139,#4363);
#2684=LINE('',#19142,#4364);
#2685=LINE('',#19143,#4365);
#2686=LINE('',#19146,#4366);
#2687=LINE('',#19147,#4367);
#2688=LINE('',#19150,#4368);
#2689=LINE('',#19151,#4369);
#2690=LINE('',#19153,#4370);
#2691=LINE('',#19155,#4371);
#2692=LINE('',#19157,#4372);
#2693=LINE('',#19162,#4373);
#2694=LINE('',#19164,#4374);
#2695=LINE('',#19166,#4375);
#2696=LINE('',#19167,#4376);
#2697=LINE('',#19170,#4377);
#2698=LINE('',#19172,#4378);
#2699=LINE('',#19174,#4379);
#2700=LINE('',#19175,#4380);
#2701=LINE('',#19178,#4381);
#2702=LINE('',#19180,#4382);
#2703=LINE('',#19181,#4383);
#2704=LINE('',#19184,#4384);
#2705=LINE('',#19186,#4385);
#2706=LINE('',#19187,#4386);
#2707=LINE('',#19190,#4387);
#2708=LINE('',#19192,#4388);
#2709=LINE('',#19194,#4389);
#2710=LINE('',#19196,#4390);
#2711=LINE('',#19197,#4391);
#2712=LINE('',#19200,#4392);
#2713=LINE('',#19202,#4393);
#2714=LINE('',#19204,#4394);
#2715=LINE('',#19205,#4395);
#2716=LINE('',#19208,#4396);
#2717=LINE('',#19210,#4397);
#2718=LINE('',#19211,#4398);
#2719=LINE('',#19214,#4399);
#2720=LINE('',#19215,#4400);
#2721=LINE('',#19218,#4401);
#2722=LINE('',#19220,#4402);
#2723=LINE('',#19221,#4403);
#2724=LINE('',#19224,#4404);
#2725=LINE('',#19226,#4405);
#2726=LINE('',#19227,#4406);
#2727=LINE('',#19231,#4407);
#2728=LINE('',#19232,#4408);
#2729=LINE('',#19233,#4409);
#2730=LINE('',#19236,#4410);
#2731=LINE('',#19237,#4411);
#2732=LINE('',#19240,#4412);
#2733=LINE('',#19241,#4413);
#2734=LINE('',#19244,#4414);
#2735=LINE('',#19245,#4415);
#2736=LINE('',#19248,#4416);
#2737=LINE('',#19249,#4417);
#2738=LINE('',#19251,#4418);
#2739=LINE('',#19253,#4419);
#2740=LINE('',#19255,#4420);
#2741=LINE('',#19260,#4421);
#2742=LINE('',#19262,#4422);
#2743=LINE('',#19264,#4423);
#2744=LINE('',#19265,#4424);
#2745=LINE('',#19268,#4425);
#2746=LINE('',#19270,#4426);
#2747=LINE('',#19272,#4427);
#2748=LINE('',#19273,#4428);
#2749=LINE('',#19276,#4429);
#2750=LINE('',#19278,#4430);
#2751=LINE('',#19279,#4431);
#2752=LINE('',#19282,#4432);
#2753=LINE('',#19284,#4433);
#2754=LINE('',#19285,#4434);
#2755=LINE('',#19288,#4435);
#2756=LINE('',#19290,#4436);
#2757=LINE('',#19292,#4437);
#2758=LINE('',#19294,#4438);
#2759=LINE('',#19295,#4439);
#2760=LINE('',#19298,#4440);
#2761=LINE('',#19300,#4441);
#2762=LINE('',#19302,#4442);
#2763=LINE('',#19303,#4443);
#2764=LINE('',#19306,#4444);
#2765=LINE('',#19308,#4445);
#2766=LINE('',#19309,#4446);
#2767=LINE('',#19312,#4447);
#2768=LINE('',#19313,#4448);
#2769=LINE('',#19316,#4449);
#2770=LINE('',#19318,#4450);
#2771=LINE('',#19319,#4451);
#2772=LINE('',#19322,#4452);
#2773=LINE('',#19324,#4453);
#2774=LINE('',#19325,#4454);
#2775=LINE('',#19329,#4455);
#2776=LINE('',#19330,#4456);
#2777=LINE('',#19331,#4457);
#2778=LINE('',#19334,#4458);
#2779=LINE('',#19335,#4459);
#2780=LINE('',#19338,#4460);
#2781=LINE('',#19339,#4461);
#2782=LINE('',#19342,#4462);
#2783=LINE('',#19343,#4463);
#2784=LINE('',#19346,#4464);
#2785=LINE('',#19347,#4465);
#2786=LINE('',#19349,#4466);
#2787=LINE('',#19351,#4467);
#2788=LINE('',#19353,#4468);
#2789=LINE('',#19358,#4469);
#2790=LINE('',#19360,#4470);
#2791=LINE('',#19362,#4471);
#2792=LINE('',#19363,#4472);
#2793=LINE('',#19366,#4473);
#2794=LINE('',#19368,#4474);
#2795=LINE('',#19370,#4475);
#2796=LINE('',#19371,#4476);
#2797=LINE('',#19374,#4477);
#2798=LINE('',#19376,#4478);
#2799=LINE('',#19377,#4479);
#2800=LINE('',#19380,#4480);
#2801=LINE('',#19382,#4481);
#2802=LINE('',#19383,#4482);
#2803=LINE('',#19386,#4483);
#2804=LINE('',#19388,#4484);
#2805=LINE('',#19390,#4485);
#2806=LINE('',#19392,#4486);
#2807=LINE('',#19393,#4487);
#2808=LINE('',#19396,#4488);
#2809=LINE('',#19398,#4489);
#2810=LINE('',#19400,#4490);
#2811=LINE('',#19401,#4491);
#2812=LINE('',#19404,#4492);
#2813=LINE('',#19406,#4493);
#2814=LINE('',#19407,#4494);
#2815=LINE('',#19410,#4495);
#2816=LINE('',#19411,#4496);
#2817=LINE('',#19414,#4497);
#2818=LINE('',#19416,#4498);
#2819=LINE('',#19417,#4499);
#2820=LINE('',#19420,#4500);
#2821=LINE('',#19422,#4501);
#2822=LINE('',#19423,#4502);
#2823=LINE('',#19427,#4503);
#2824=LINE('',#19428,#4504);
#2825=LINE('',#19429,#4505);
#2826=LINE('',#19432,#4506);
#2827=LINE('',#19433,#4507);
#2828=LINE('',#19436,#4508);
#2829=LINE('',#19437,#4509);
#2830=LINE('',#19440,#4510);
#2831=LINE('',#19441,#4511);
#2832=LINE('',#19444,#4512);
#2833=LINE('',#19445,#4513);
#2834=LINE('',#19447,#4514);
#2835=LINE('',#19449,#4515);
#2836=LINE('',#19451,#4516);
#2837=LINE('',#19456,#4517);
#2838=LINE('',#19458,#4518);
#2839=LINE('',#19460,#4519);
#2840=LINE('',#19461,#4520);
#2841=LINE('',#19464,#4521);
#2842=LINE('',#19466,#4522);
#2843=LINE('',#19468,#4523);
#2844=LINE('',#19469,#4524);
#2845=LINE('',#19472,#4525);
#2846=LINE('',#19474,#4526);
#2847=LINE('',#19475,#4527);
#2848=LINE('',#19478,#4528);
#2849=LINE('',#19480,#4529);
#2850=LINE('',#19481,#4530);
#2851=LINE('',#19484,#4531);
#2852=LINE('',#19486,#4532);
#2853=LINE('',#19488,#4533);
#2854=LINE('',#19490,#4534);
#2855=LINE('',#19491,#4535);
#2856=LINE('',#19494,#4536);
#2857=LINE('',#19496,#4537);
#2858=LINE('',#19498,#4538);
#2859=LINE('',#19499,#4539);
#2860=LINE('',#19502,#4540);
#2861=LINE('',#19504,#4541);
#2862=LINE('',#19505,#4542);
#2863=LINE('',#19508,#4543);
#2864=LINE('',#19509,#4544);
#2865=LINE('',#19512,#4545);
#2866=LINE('',#19514,#4546);
#2867=LINE('',#19515,#4547);
#2868=LINE('',#19518,#4548);
#2869=LINE('',#19520,#4549);
#2870=LINE('',#19521,#4550);
#2871=LINE('',#19525,#4551);
#2872=LINE('',#19526,#4552);
#2873=LINE('',#19527,#4553);
#2874=LINE('',#19530,#4554);
#2875=LINE('',#19531,#4555);
#2876=LINE('',#19534,#4556);
#2877=LINE('',#19535,#4557);
#2878=LINE('',#19538,#4558);
#2879=LINE('',#19539,#4559);
#2880=LINE('',#19542,#4560);
#2881=LINE('',#19543,#4561);
#2882=LINE('',#19545,#4562);
#2883=LINE('',#19547,#4563);
#2884=LINE('',#19549,#4564);
#2885=LINE('',#19554,#4565);
#2886=LINE('',#19556,#4566);
#2887=LINE('',#19558,#4567);
#2888=LINE('',#19559,#4568);
#2889=LINE('',#19562,#4569);
#2890=LINE('',#19564,#4570);
#2891=LINE('',#19566,#4571);
#2892=LINE('',#19567,#4572);
#2893=LINE('',#19570,#4573);
#2894=LINE('',#19572,#4574);
#2895=LINE('',#19573,#4575);
#2896=LINE('',#19576,#4576);
#2897=LINE('',#19578,#4577);
#2898=LINE('',#19579,#4578);
#2899=LINE('',#19582,#4579);
#2900=LINE('',#19584,#4580);
#2901=LINE('',#19586,#4581);
#2902=LINE('',#19588,#4582);
#2903=LINE('',#19589,#4583);
#2904=LINE('',#19592,#4584);
#2905=LINE('',#19594,#4585);
#2906=LINE('',#19596,#4586);
#2907=LINE('',#19597,#4587);
#2908=LINE('',#19600,#4588);
#2909=LINE('',#19602,#4589);
#2910=LINE('',#19603,#4590);
#2911=LINE('',#19606,#4591);
#2912=LINE('',#19607,#4592);
#2913=LINE('',#19610,#4593);
#2914=LINE('',#19612,#4594);
#2915=LINE('',#19613,#4595);
#2916=LINE('',#19616,#4596);
#2917=LINE('',#19618,#4597);
#2918=LINE('',#19619,#4598);
#2919=LINE('',#19623,#4599);
#2920=LINE('',#19624,#4600);
#2921=LINE('',#19625,#4601);
#2922=LINE('',#19628,#4602);
#2923=LINE('',#19629,#4603);
#2924=LINE('',#19632,#4604);
#2925=LINE('',#19633,#4605);
#2926=LINE('',#19636,#4606);
#2927=LINE('',#19637,#4607);
#2928=LINE('',#19640,#4608);
#2929=LINE('',#19641,#4609);
#2930=LINE('',#19643,#4610);
#2931=LINE('',#19645,#4611);
#2932=LINE('',#19647,#4612);
#2933=LINE('',#19652,#4613);
#2934=LINE('',#19654,#4614);
#2935=LINE('',#19656,#4615);
#2936=LINE('',#19657,#4616);
#2937=LINE('',#19660,#4617);
#2938=LINE('',#19662,#4618);
#2939=LINE('',#19664,#4619);
#2940=LINE('',#19665,#4620);
#2941=LINE('',#19668,#4621);
#2942=LINE('',#19670,#4622);
#2943=LINE('',#19671,#4623);
#2944=LINE('',#19674,#4624);
#2945=LINE('',#19676,#4625);
#2946=LINE('',#19677,#4626);
#2947=LINE('',#19680,#4627);
#2948=LINE('',#19682,#4628);
#2949=LINE('',#19684,#4629);
#2950=LINE('',#19686,#4630);
#2951=LINE('',#19687,#4631);
#2952=LINE('',#19690,#4632);
#2953=LINE('',#19692,#4633);
#2954=LINE('',#19694,#4634);
#2955=LINE('',#19695,#4635);
#2956=LINE('',#19698,#4636);
#2957=LINE('',#19700,#4637);
#2958=LINE('',#19701,#4638);
#2959=LINE('',#19704,#4639);
#2960=LINE('',#19705,#4640);
#2961=LINE('',#19708,#4641);
#2962=LINE('',#19710,#4642);
#2963=LINE('',#19711,#4643);
#2964=LINE('',#19714,#4644);
#2965=LINE('',#19716,#4645);
#2966=LINE('',#19717,#4646);
#2967=LINE('',#19721,#4647);
#2968=LINE('',#19722,#4648);
#2969=LINE('',#19723,#4649);
#2970=LINE('',#19726,#4650);
#2971=LINE('',#19727,#4651);
#2972=LINE('',#19730,#4652);
#2973=LINE('',#19731,#4653);
#2974=LINE('',#19734,#4654);
#2975=LINE('',#19735,#4655);
#2976=LINE('',#19738,#4656);
#2977=LINE('',#19739,#4657);
#2978=LINE('',#19741,#4658);
#2979=LINE('',#19743,#4659);
#2980=LINE('',#19745,#4660);
#2981=LINE('',#19750,#4661);
#2982=LINE('',#19752,#4662);
#2983=LINE('',#19754,#4663);
#2984=LINE('',#19755,#4664);
#2985=LINE('',#19758,#4665);
#2986=LINE('',#19760,#4666);
#2987=LINE('',#19762,#4667);
#2988=LINE('',#19763,#4668);
#2989=LINE('',#19766,#4669);
#2990=LINE('',#19768,#4670);
#2991=LINE('',#19769,#4671);
#2992=LINE('',#19772,#4672);
#2993=LINE('',#19774,#4673);
#2994=LINE('',#19775,#4674);
#2995=LINE('',#19778,#4675);
#2996=LINE('',#19780,#4676);
#2997=LINE('',#19782,#4677);
#2998=LINE('',#19784,#4678);
#2999=LINE('',#19785,#4679);
#3000=LINE('',#19788,#4680);
#3001=LINE('',#19790,#4681);
#3002=LINE('',#19792,#4682);
#3003=LINE('',#19793,#4683);
#3004=LINE('',#19796,#4684);
#3005=LINE('',#19798,#4685);
#3006=LINE('',#19799,#4686);
#3007=LINE('',#19802,#4687);
#3008=LINE('',#19803,#4688);
#3009=LINE('',#19806,#4689);
#3010=LINE('',#19808,#4690);
#3011=LINE('',#19809,#4691);
#3012=LINE('',#19812,#4692);
#3013=LINE('',#19814,#4693);
#3014=LINE('',#19815,#4694);
#3015=LINE('',#19819,#4695);
#3016=LINE('',#19820,#4696);
#3017=LINE('',#19821,#4697);
#3018=LINE('',#19824,#4698);
#3019=LINE('',#19825,#4699);
#3020=LINE('',#19828,#4700);
#3021=LINE('',#19829,#4701);
#3022=LINE('',#19832,#4702);
#3023=LINE('',#19833,#4703);
#3024=LINE('',#19836,#4704);
#3025=LINE('',#19837,#4705);
#3026=LINE('',#19839,#4706);
#3027=LINE('',#19841,#4707);
#3028=LINE('',#19843,#4708);
#3029=LINE('',#19848,#4709);
#3030=LINE('',#19850,#4710);
#3031=LINE('',#19852,#4711);
#3032=LINE('',#19853,#4712);
#3033=LINE('',#19856,#4713);
#3034=LINE('',#19858,#4714);
#3035=LINE('',#19860,#4715);
#3036=LINE('',#19861,#4716);
#3037=LINE('',#19864,#4717);
#3038=LINE('',#19866,#4718);
#3039=LINE('',#19867,#4719);
#3040=LINE('',#19870,#4720);
#3041=LINE('',#19872,#4721);
#3042=LINE('',#19873,#4722);
#3043=LINE('',#19876,#4723);
#3044=LINE('',#19878,#4724);
#3045=LINE('',#19880,#4725);
#3046=LINE('',#19882,#4726);
#3047=LINE('',#19883,#4727);
#3048=LINE('',#19886,#4728);
#3049=LINE('',#19888,#4729);
#3050=LINE('',#19890,#4730);
#3051=LINE('',#19891,#4731);
#3052=LINE('',#19894,#4732);
#3053=LINE('',#19896,#4733);
#3054=LINE('',#19897,#4734);
#3055=LINE('',#19900,#4735);
#3056=LINE('',#19901,#4736);
#3057=LINE('',#19904,#4737);
#3058=LINE('',#19906,#4738);
#3059=LINE('',#19907,#4739);
#3060=LINE('',#19910,#4740);
#3061=LINE('',#19912,#4741);
#3062=LINE('',#19913,#4742);
#3063=LINE('',#19917,#4743);
#3064=LINE('',#19918,#4744);
#3065=LINE('',#19919,#4745);
#3066=LINE('',#19922,#4746);
#3067=LINE('',#19923,#4747);
#3068=LINE('',#19926,#4748);
#3069=LINE('',#19927,#4749);
#3070=LINE('',#19930,#4750);
#3071=LINE('',#19931,#4751);
#3072=LINE('',#19934,#4752);
#3073=LINE('',#19935,#4753);
#3074=LINE('',#19937,#4754);
#3075=LINE('',#19939,#4755);
#3076=LINE('',#19941,#4756);
#3077=LINE('',#19946,#4757);
#3078=LINE('',#19948,#4758);
#3079=LINE('',#19950,#4759);
#3080=LINE('',#19951,#4760);
#3081=LINE('',#19954,#4761);
#3082=LINE('',#19956,#4762);
#3083=LINE('',#19958,#4763);
#3084=LINE('',#19959,#4764);
#3085=LINE('',#19962,#4765);
#3086=LINE('',#19964,#4766);
#3087=LINE('',#19965,#4767);
#3088=LINE('',#19968,#4768);
#3089=LINE('',#19970,#4769);
#3090=LINE('',#19971,#4770);
#3091=LINE('',#19974,#4771);
#3092=LINE('',#19976,#4772);
#3093=LINE('',#19978,#4773);
#3094=LINE('',#19980,#4774);
#3095=LINE('',#19981,#4775);
#3096=LINE('',#19984,#4776);
#3097=LINE('',#19986,#4777);
#3098=LINE('',#19988,#4778);
#3099=LINE('',#19989,#4779);
#3100=LINE('',#19992,#4780);
#3101=LINE('',#19994,#4781);
#3102=LINE('',#19995,#4782);
#3103=LINE('',#19998,#4783);
#3104=LINE('',#19999,#4784);
#3105=LINE('',#20002,#4785);
#3106=LINE('',#20004,#4786);
#3107=LINE('',#20005,#4787);
#3108=LINE('',#20008,#4788);
#3109=LINE('',#20010,#4789);
#3110=LINE('',#20011,#4790);
#3111=LINE('',#20015,#4791);
#3112=LINE('',#20016,#4792);
#3113=LINE('',#20017,#4793);
#3114=LINE('',#20020,#4794);
#3115=LINE('',#20021,#4795);
#3116=LINE('',#20024,#4796);
#3117=LINE('',#20025,#4797);
#3118=LINE('',#20028,#4798);
#3119=LINE('',#20029,#4799);
#3120=LINE('',#20032,#4800);
#3121=LINE('',#20033,#4801);
#3122=LINE('',#20035,#4802);
#3123=LINE('',#20037,#4803);
#3124=LINE('',#20039,#4804);
#3125=LINE('',#20044,#4805);
#3126=LINE('',#20046,#4806);
#3127=LINE('',#20048,#4807);
#3128=LINE('',#20049,#4808);
#3129=LINE('',#20052,#4809);
#3130=LINE('',#20054,#4810);
#3131=LINE('',#20056,#4811);
#3132=LINE('',#20057,#4812);
#3133=LINE('',#20060,#4813);
#3134=LINE('',#20062,#4814);
#3135=LINE('',#20063,#4815);
#3136=LINE('',#20066,#4816);
#3137=LINE('',#20068,#4817);
#3138=LINE('',#20069,#4818);
#3139=LINE('',#20072,#4819);
#3140=LINE('',#20074,#4820);
#3141=LINE('',#20076,#4821);
#3142=LINE('',#20078,#4822);
#3143=LINE('',#20079,#4823);
#3144=LINE('',#20082,#4824);
#3145=LINE('',#20084,#4825);
#3146=LINE('',#20086,#4826);
#3147=LINE('',#20087,#4827);
#3148=LINE('',#20090,#4828);
#3149=LINE('',#20092,#4829);
#3150=LINE('',#20093,#4830);
#3151=LINE('',#20096,#4831);
#3152=LINE('',#20097,#4832);
#3153=LINE('',#20100,#4833);
#3154=LINE('',#20102,#4834);
#3155=LINE('',#20103,#4835);
#3156=LINE('',#20106,#4836);
#3157=LINE('',#20108,#4837);
#3158=LINE('',#20109,#4838);
#3159=LINE('',#20113,#4839);
#3160=LINE('',#20114,#4840);
#3161=LINE('',#20115,#4841);
#3162=LINE('',#20118,#4842);
#3163=LINE('',#20119,#4843);
#3164=LINE('',#20122,#4844);
#3165=LINE('',#20123,#4845);
#3166=LINE('',#20126,#4846);
#3167=LINE('',#20127,#4847);
#3168=LINE('',#20130,#4848);
#3169=LINE('',#20131,#4849);
#3170=LINE('',#20133,#4850);
#3171=LINE('',#20135,#4851);
#3172=LINE('',#20137,#4852);
#3173=LINE('',#20142,#4853);
#3174=LINE('',#20144,#4854);
#3175=LINE('',#20146,#4855);
#3176=LINE('',#20147,#4856);
#3177=LINE('',#20150,#4857);
#3178=LINE('',#20152,#4858);
#3179=LINE('',#20154,#4859);
#3180=LINE('',#20155,#4860);
#3181=LINE('',#20158,#4861);
#3182=LINE('',#20160,#4862);
#3183=LINE('',#20161,#4863);
#3184=LINE('',#20164,#4864);
#3185=LINE('',#20166,#4865);
#3186=LINE('',#20167,#4866);
#3187=LINE('',#20170,#4867);
#3188=LINE('',#20172,#4868);
#3189=LINE('',#20174,#4869);
#3190=LINE('',#20176,#4870);
#3191=LINE('',#20177,#4871);
#3192=LINE('',#20180,#4872);
#3193=LINE('',#20182,#4873);
#3194=LINE('',#20184,#4874);
#3195=LINE('',#20185,#4875);
#3196=LINE('',#20188,#4876);
#3197=LINE('',#20190,#4877);
#3198=LINE('',#20191,#4878);
#3199=LINE('',#20194,#4879);
#3200=LINE('',#20195,#4880);
#3201=LINE('',#20198,#4881);
#3202=LINE('',#20200,#4882);
#3203=LINE('',#20201,#4883);
#3204=LINE('',#20204,#4884);
#3205=LINE('',#20206,#4885);
#3206=LINE('',#20207,#4886);
#3207=LINE('',#20211,#4887);
#3208=LINE('',#20212,#4888);
#3209=LINE('',#20213,#4889);
#3210=LINE('',#20216,#4890);
#3211=LINE('',#20217,#4891);
#3212=LINE('',#20220,#4892);
#3213=LINE('',#20221,#4893);
#3214=LINE('',#20224,#4894);
#3215=LINE('',#20225,#4895);
#3216=LINE('',#20228,#4896);
#3217=LINE('',#20229,#4897);
#3218=LINE('',#20231,#4898);
#3219=LINE('',#20233,#4899);
#3220=LINE('',#20235,#4900);
#3221=LINE('',#20240,#4901);
#3222=LINE('',#20242,#4902);
#3223=LINE('',#20244,#4903);
#3224=LINE('',#20245,#4904);
#3225=LINE('',#20248,#4905);
#3226=LINE('',#20250,#4906);
#3227=LINE('',#20252,#4907);
#3228=LINE('',#20253,#4908);
#3229=LINE('',#20256,#4909);
#3230=LINE('',#20258,#4910);
#3231=LINE('',#20259,#4911);
#3232=LINE('',#20262,#4912);
#3233=LINE('',#20264,#4913);
#3234=LINE('',#20265,#4914);
#3235=LINE('',#20268,#4915);
#3236=LINE('',#20270,#4916);
#3237=LINE('',#20272,#4917);
#3238=LINE('',#20274,#4918);
#3239=LINE('',#20275,#4919);
#3240=LINE('',#20278,#4920);
#3241=LINE('',#20280,#4921);
#3242=LINE('',#20282,#4922);
#3243=LINE('',#20283,#4923);
#3244=LINE('',#20286,#4924);
#3245=LINE('',#20288,#4925);
#3246=LINE('',#20289,#4926);
#3247=LINE('',#20292,#4927);
#3248=LINE('',#20293,#4928);
#3249=LINE('',#20296,#4929);
#3250=LINE('',#20298,#4930);
#3251=LINE('',#20299,#4931);
#3252=LINE('',#20302,#4932);
#3253=LINE('',#20304,#4933);
#3254=LINE('',#20305,#4934);
#3255=LINE('',#20309,#4935);
#3256=LINE('',#20310,#4936);
#3257=LINE('',#20311,#4937);
#3258=LINE('',#20314,#4938);
#3259=LINE('',#20315,#4939);
#3260=LINE('',#20318,#4940);
#3261=LINE('',#20319,#4941);
#3262=LINE('',#20322,#4942);
#3263=LINE('',#20323,#4943);
#3264=LINE('',#20326,#4944);
#3265=LINE('',#20327,#4945);
#3266=LINE('',#20329,#4946);
#3267=LINE('',#20331,#4947);
#3268=LINE('',#20333,#4948);
#3269=LINE('',#20338,#4949);
#3270=LINE('',#20340,#4950);
#3271=LINE('',#20342,#4951);
#3272=LINE('',#20343,#4952);
#3273=LINE('',#20346,#4953);
#3274=LINE('',#20348,#4954);
#3275=LINE('',#20350,#4955);
#3276=LINE('',#20351,#4956);
#3277=LINE('',#20354,#4957);
#3278=LINE('',#20356,#4958);
#3279=LINE('',#20357,#4959);
#3280=LINE('',#20360,#4960);
#3281=LINE('',#20362,#4961);
#3282=LINE('',#20363,#4962);
#3283=LINE('',#20366,#4963);
#3284=LINE('',#20368,#4964);
#3285=LINE('',#20370,#4965);
#3286=LINE('',#20372,#4966);
#3287=LINE('',#20373,#4967);
#3288=LINE('',#20376,#4968);
#3289=LINE('',#20378,#4969);
#3290=LINE('',#20380,#4970);
#3291=LINE('',#20381,#4971);
#3292=LINE('',#20384,#4972);
#3293=LINE('',#20386,#4973);
#3294=LINE('',#20387,#4974);
#3295=LINE('',#20390,#4975);
#3296=LINE('',#20391,#4976);
#3297=LINE('',#20394,#4977);
#3298=LINE('',#20396,#4978);
#3299=LINE('',#20397,#4979);
#3300=LINE('',#20400,#4980);
#3301=LINE('',#20402,#4981);
#3302=LINE('',#20403,#4982);
#3303=LINE('',#20407,#4983);
#3304=LINE('',#20408,#4984);
#3305=LINE('',#20409,#4985);
#3306=LINE('',#20412,#4986);
#3307=LINE('',#20413,#4987);
#3308=LINE('',#20416,#4988);
#3309=LINE('',#20417,#4989);
#3310=LINE('',#20420,#4990);
#3311=LINE('',#20421,#4991);
#3312=LINE('',#20424,#4992);
#3313=LINE('',#20425,#4993);
#3314=LINE('',#20427,#4994);
#3315=LINE('',#20429,#4995);
#3316=LINE('',#20431,#4996);
#3317=LINE('',#20436,#4997);
#3318=LINE('',#20438,#4998);
#3319=LINE('',#20440,#4999);
#3320=LINE('',#20441,#5000);
#3321=LINE('',#20444,#5001);
#3322=LINE('',#20446,#5002);
#3323=LINE('',#20448,#5003);
#3324=LINE('',#20449,#5004);
#3325=LINE('',#20452,#5005);
#3326=LINE('',#20454,#5006);
#3327=LINE('',#20455,#5007);
#3328=LINE('',#20458,#5008);
#3329=LINE('',#20460,#5009);
#3330=LINE('',#20461,#5010);
#3331=LINE('',#20464,#5011);
#3332=LINE('',#20466,#5012);
#3333=LINE('',#20468,#5013);
#3334=LINE('',#20470,#5014);
#3335=LINE('',#20471,#5015);
#3336=LINE('',#20474,#5016);
#3337=LINE('',#20476,#5017);
#3338=LINE('',#20478,#5018);
#3339=LINE('',#20479,#5019);
#3340=LINE('',#20482,#5020);
#3341=LINE('',#20484,#5021);
#3342=LINE('',#20485,#5022);
#3343=LINE('',#20488,#5023);
#3344=LINE('',#20489,#5024);
#3345=LINE('',#20492,#5025);
#3346=LINE('',#20494,#5026);
#3347=LINE('',#20495,#5027);
#3348=LINE('',#20498,#5028);
#3349=LINE('',#20500,#5029);
#3350=LINE('',#20501,#5030);
#3351=LINE('',#20505,#5031);
#3352=LINE('',#20506,#5032);
#3353=LINE('',#20507,#5033);
#3354=LINE('',#20510,#5034);
#3355=LINE('',#20511,#5035);
#3356=LINE('',#20514,#5036);
#3357=LINE('',#20515,#5037);
#3358=LINE('',#20518,#5038);
#3359=LINE('',#20519,#5039);
#3360=LINE('',#20522,#5040);
#3361=LINE('',#20523,#5041);
#3362=LINE('',#20525,#5042);
#3363=LINE('',#20527,#5043);
#3364=LINE('',#20529,#5044);
#3365=LINE('',#20534,#5045);
#3366=LINE('',#20536,#5046);
#3367=LINE('',#20538,#5047);
#3368=LINE('',#20539,#5048);
#3369=LINE('',#20542,#5049);
#3370=LINE('',#20544,#5050);
#3371=LINE('',#20546,#5051);
#3372=LINE('',#20547,#5052);
#3373=LINE('',#20550,#5053);
#3374=LINE('',#20552,#5054);
#3375=LINE('',#20553,#5055);
#3376=LINE('',#20556,#5056);
#3377=LINE('',#20558,#5057);
#3378=LINE('',#20559,#5058);
#3379=LINE('',#20562,#5059);
#3380=LINE('',#20564,#5060);
#3381=LINE('',#20566,#5061);
#3382=LINE('',#20568,#5062);
#3383=LINE('',#20569,#5063);
#3384=LINE('',#20572,#5064);
#3385=LINE('',#20574,#5065);
#3386=LINE('',#20576,#5066);
#3387=LINE('',#20577,#5067);
#3388=LINE('',#20580,#5068);
#3389=LINE('',#20582,#5069);
#3390=LINE('',#20583,#5070);
#3391=LINE('',#20586,#5071);
#3392=LINE('',#20587,#5072);
#3393=LINE('',#20590,#5073);
#3394=LINE('',#20592,#5074);
#3395=LINE('',#20593,#5075);
#3396=LINE('',#20596,#5076);
#3397=LINE('',#20598,#5077);
#3398=LINE('',#20599,#5078);
#3399=LINE('',#20603,#5079);
#3400=LINE('',#20604,#5080);
#3401=LINE('',#20605,#5081);
#3402=LINE('',#20608,#5082);
#3403=LINE('',#20609,#5083);
#3404=LINE('',#20612,#5084);
#3405=LINE('',#20613,#5085);
#3406=LINE('',#20616,#5086);
#3407=LINE('',#20617,#5087);
#3408=LINE('',#20620,#5088);
#3409=LINE('',#20621,#5089);
#3410=LINE('',#20623,#5090);
#3411=LINE('',#20625,#5091);
#3412=LINE('',#20627,#5092);
#3413=VECTOR('',#13750,10.);
#3414=VECTOR('',#13751,10.);
#3415=VECTOR('',#13752,10.);
#3416=VECTOR('',#13753,10.);
#3417=VECTOR('',#13756,10.);
#3418=VECTOR('',#13757,10.);
#3419=VECTOR('',#13758,10.);
#3420=VECTOR('',#13761,10.);
#3421=VECTOR('',#13762,10.);
#3422=VECTOR('',#13763,10.);
#3423=VECTOR('',#13766,10.);
#3424=VECTOR('',#13767,10.);
#3425=VECTOR('',#13770,10.);
#3426=VECTOR('',#13771,10.);
#3427=VECTOR('',#13772,10.);
#3428=VECTOR('',#13775,10.);
#3429=VECTOR('',#13778,10.);
#3430=VECTOR('',#13779,10.);
#3431=VECTOR('',#13780,10.);
#3432=VECTOR('',#13787,10.);
#3433=VECTOR('',#13788,10.);
#3434=VECTOR('',#13789,10.);
#3435=VECTOR('',#13790,10.);
#3436=VECTOR('',#13793,10.);
#3437=VECTOR('',#13794,10.);
#3438=VECTOR('',#13795,10.);
#3439=VECTOR('',#13798,10.);
#3440=VECTOR('',#13799,10.);
#3441=VECTOR('',#13802,10.);
#3442=VECTOR('',#13803,10.);
#3443=VECTOR('',#13806,10.);
#3444=VECTOR('',#13807,10.);
#3445=VECTOR('',#13812,10.);
#3446=VECTOR('',#13815,10.);
#3447=VECTOR('',#13820,10.);
#3448=VECTOR('',#13825,10.);
#3449=VECTOR('',#13830,10.);
#3450=VECTOR('',#13831,10.);
#3451=VECTOR('',#13832,10.);
#3452=VECTOR('',#13833,10.);
#3453=VECTOR('',#13834,10.);
#3454=VECTOR('',#13835,10.);
#3455=VECTOR('',#13836,10.);
#3456=VECTOR('',#13837,10.);
#3457=VECTOR('',#13840,10.);
#3458=VECTOR('',#13841,10.);
#3459=VECTOR('',#13842,10.);
#3460=VECTOR('',#13845,10.);
#3461=VECTOR('',#13846,10.);
#3462=VECTOR('',#13847,10.);
#3463=VECTOR('',#13850,10.);
#3464=VECTOR('',#13851,10.);
#3465=VECTOR('',#13852,10.);
#3466=VECTOR('',#13853,10.);
#3467=VECTOR('',#13854,10.);
#3468=VECTOR('',#13857,10.);
#3469=VECTOR('',#13858,10.);
#3470=VECTOR('',#13859,10.);
#3471=VECTOR('',#13860,10.);
#3472=VECTOR('',#13863,10.);
#3473=VECTOR('',#13864,10.);
#3474=VECTOR('',#13865,10.);
#3475=VECTOR('',#13868,10.);
#3476=VECTOR('',#13869,10.);
#3477=VECTOR('',#13872,10.);
#3478=VECTOR('',#13873,10.);
#3479=VECTOR('',#13874,10.);
#3480=VECTOR('',#13877,10.);
#3481=VECTOR('',#13878,10.);
#3482=VECTOR('',#13879,10.);
#3483=VECTOR('',#13882,10.);
#3484=VECTOR('',#13883,10.);
#3485=VECTOR('',#13884,10.);
#3486=VECTOR('',#13887,10.);
#3487=VECTOR('',#13888,10.);
#3488=VECTOR('',#13891,10.);
#3489=VECTOR('',#13892,10.);
#3490=VECTOR('',#13895,10.);
#3491=VECTOR('',#13896,10.);
#3492=VECTOR('',#13899,10.);
#3493=VECTOR('',#13900,10.);
#3494=VECTOR('',#13903,10.);
#3495=VECTOR('',#13906,10.);
#3496=VECTOR('',#13909,10.);
#3497=VECTOR('',#13914,10.);
#3498=VECTOR('',#13915,10.);
#3499=VECTOR('',#13916,10.);
#3500=VECTOR('',#13917,10.);
#3501=VECTOR('',#13920,10.);
#3502=VECTOR('',#13921,10.);
#3503=VECTOR('',#13922,10.);
#3504=VECTOR('',#13925,10.);
#3505=VECTOR('',#13926,10.);
#3506=VECTOR('',#13927,10.);
#3507=VECTOR('',#13930,10.);
#3508=VECTOR('',#13931,10.);
#3509=VECTOR('',#13934,10.);
#3510=VECTOR('',#13935,10.);
#3511=VECTOR('',#13936,10.);
#3512=VECTOR('',#13939,10.);
#3513=VECTOR('',#13942,10.);
#3514=VECTOR('',#13943,10.);
#3515=VECTOR('',#13944,10.);
#3516=VECTOR('',#13951,10.);
#3517=VECTOR('',#13952,10.);
#3518=VECTOR('',#13953,10.);
#3519=VECTOR('',#13954,10.);
#3520=VECTOR('',#13957,10.);
#3521=VECTOR('',#13958,10.);
#3522=VECTOR('',#13959,10.);
#3523=VECTOR('',#13962,10.);
#3524=VECTOR('',#13963,10.);
#3525=VECTOR('',#13966,10.);
#3526=VECTOR('',#13967,10.);
#3527=VECTOR('',#13970,10.);
#3528=VECTOR('',#13971,10.);
#3529=VECTOR('',#13976,10.);
#3530=VECTOR('',#13979,10.);
#3531=VECTOR('',#13984,10.);
#3532=VECTOR('',#13989,10.);
#3533=VECTOR('',#13994,10.);
#3534=VECTOR('',#13995,10.);
#3535=VECTOR('',#13996,10.);
#3536=VECTOR('',#13997,10.);
#3537=VECTOR('',#14000,10.);
#3538=VECTOR('',#14001,10.);
#3539=VECTOR('',#14002,10.);
#3540=VECTOR('',#14005,10.);
#3541=VECTOR('',#14006,10.);
#3542=VECTOR('',#14007,10.);
#3543=VECTOR('',#14010,10.);
#3544=VECTOR('',#14011,10.);
#3545=VECTOR('',#14014,10.);
#3546=VECTOR('',#14015,10.);
#3547=VECTOR('',#14016,10.);
#3548=VECTOR('',#14019,10.);
#3549=VECTOR('',#14022,10.);
#3550=VECTOR('',#14023,10.);
#3551=VECTOR('',#14024,10.);
#3552=VECTOR('',#14031,10.);
#3553=VECTOR('',#14032,10.);
#3554=VECTOR('',#14033,10.);
#3555=VECTOR('',#14034,10.);
#3556=VECTOR('',#14037,10.);
#3557=VECTOR('',#14038,10.);
#3558=VECTOR('',#14039,10.);
#3559=VECTOR('',#14042,10.);
#3560=VECTOR('',#14043,10.);
#3561=VECTOR('',#14046,10.);
#3562=VECTOR('',#14047,10.);
#3563=VECTOR('',#14050,10.);
#3564=VECTOR('',#14051,10.);
#3565=VECTOR('',#14056,10.);
#3566=VECTOR('',#14059,10.);
#3567=VECTOR('',#14064,10.);
#3568=VECTOR('',#14069,10.);
#3569=VECTOR('',#14074,10.);
#3570=VECTOR('',#14075,10.);
#3571=VECTOR('',#14076,10.);
#3572=VECTOR('',#14077,10.);
#3573=VECTOR('',#14080,10.);
#3574=VECTOR('',#14081,10.);
#3575=VECTOR('',#14082,10.);
#3576=VECTOR('',#14085,10.);
#3577=VECTOR('',#14086,10.);
#3578=VECTOR('',#14087,10.);
#3579=VECTOR('',#14090,10.);
#3580=VECTOR('',#14091,10.);
#3581=VECTOR('',#14094,10.);
#3582=VECTOR('',#14095,10.);
#3583=VECTOR('',#14096,10.);
#3584=VECTOR('',#14099,10.);
#3585=VECTOR('',#14102,10.);
#3586=VECTOR('',#14103,10.);
#3587=VECTOR('',#14104,10.);
#3588=VECTOR('',#14111,10.);
#3589=VECTOR('',#14112,10.);
#3590=VECTOR('',#14113,10.);
#3591=VECTOR('',#14114,10.);
#3592=VECTOR('',#14117,10.);
#3593=VECTOR('',#14118,10.);
#3594=VECTOR('',#14119,10.);
#3595=VECTOR('',#14122,10.);
#3596=VECTOR('',#14123,10.);
#3597=VECTOR('',#14126,10.);
#3598=VECTOR('',#14127,10.);
#3599=VECTOR('',#14130,10.);
#3600=VECTOR('',#14131,10.);
#3601=VECTOR('',#14136,10.);
#3602=VECTOR('',#14139,10.);
#3603=VECTOR('',#14144,10.);
#3604=VECTOR('',#14149,10.);
#3605=VECTOR('',#14154,10.);
#3606=VECTOR('',#14155,10.);
#3607=VECTOR('',#14156,10.);
#3608=VECTOR('',#14157,10.);
#3609=VECTOR('',#14160,10.);
#3610=VECTOR('',#14161,10.);
#3611=VECTOR('',#14162,10.);
#3612=VECTOR('',#14165,10.);
#3613=VECTOR('',#14166,10.);
#3614=VECTOR('',#14167,10.);
#3615=VECTOR('',#14170,10.);
#3616=VECTOR('',#14171,10.);
#3617=VECTOR('',#14174,10.);
#3618=VECTOR('',#14175,10.);
#3619=VECTOR('',#14176,10.);
#3620=VECTOR('',#14179,10.);
#3621=VECTOR('',#14182,10.);
#3622=VECTOR('',#14183,10.);
#3623=VECTOR('',#14184,10.);
#3624=VECTOR('',#14191,10.);
#3625=VECTOR('',#14192,10.);
#3626=VECTOR('',#14193,10.);
#3627=VECTOR('',#14194,10.);
#3628=VECTOR('',#14197,10.);
#3629=VECTOR('',#14198,10.);
#3630=VECTOR('',#14199,10.);
#3631=VECTOR('',#14202,10.);
#3632=VECTOR('',#14203,10.);
#3633=VECTOR('',#14206,10.);
#3634=VECTOR('',#14207,10.);
#3635=VECTOR('',#14210,10.);
#3636=VECTOR('',#14211,10.);
#3637=VECTOR('',#14216,10.);
#3638=VECTOR('',#14219,10.);
#3639=VECTOR('',#14224,10.);
#3640=VECTOR('',#14229,10.);
#3641=VECTOR('',#14234,10.);
#3642=VECTOR('',#14235,10.);
#3643=VECTOR('',#14236,10.);
#3644=VECTOR('',#14237,10.);
#3645=VECTOR('',#14240,10.);
#3646=VECTOR('',#14241,10.);
#3647=VECTOR('',#14242,10.);
#3648=VECTOR('',#14245,10.);
#3649=VECTOR('',#14246,10.);
#3650=VECTOR('',#14247,10.);
#3651=VECTOR('',#14250,10.);
#3652=VECTOR('',#14251,10.);
#3653=VECTOR('',#14254,10.);
#3654=VECTOR('',#14255,10.);
#3655=VECTOR('',#14256,10.);
#3656=VECTOR('',#14259,10.);
#3657=VECTOR('',#14262,10.);
#3658=VECTOR('',#14263,10.);
#3659=VECTOR('',#14264,10.);
#3660=VECTOR('',#14271,10.);
#3661=VECTOR('',#14272,10.);
#3662=VECTOR('',#14273,10.);
#3663=VECTOR('',#14274,10.);
#3664=VECTOR('',#14277,10.);
#3665=VECTOR('',#14278,10.);
#3666=VECTOR('',#14279,10.);
#3667=VECTOR('',#14282,10.);
#3668=VECTOR('',#14283,10.);
#3669=VECTOR('',#14286,10.);
#3670=VECTOR('',#14287,10.);
#3671=VECTOR('',#14290,10.);
#3672=VECTOR('',#14291,10.);
#3673=VECTOR('',#14296,10.);
#3674=VECTOR('',#14299,10.);
#3675=VECTOR('',#14304,10.);
#3676=VECTOR('',#14309,10.);
#3677=VECTOR('',#14314,10.);
#3678=VECTOR('',#14315,10.);
#3679=VECTOR('',#14316,10.);
#3680=VECTOR('',#14317,10.);
#3681=VECTOR('',#14320,10.);
#3682=VECTOR('',#14321,10.);
#3683=VECTOR('',#14322,10.);
#3684=VECTOR('',#14325,10.);
#3685=VECTOR('',#14326,10.);
#3686=VECTOR('',#14327,10.);
#3687=VECTOR('',#14330,10.);
#3688=VECTOR('',#14331,10.);
#3689=VECTOR('',#14334,10.);
#3690=VECTOR('',#14335,10.);
#3691=VECTOR('',#14336,10.);
#3692=VECTOR('',#14339,10.);
#3693=VECTOR('',#14342,10.);
#3694=VECTOR('',#14343,10.);
#3695=VECTOR('',#14344,10.);
#3696=VECTOR('',#14351,10.);
#3697=VECTOR('',#14352,10.);
#3698=VECTOR('',#14353,10.);
#3699=VECTOR('',#14354,10.);
#3700=VECTOR('',#14357,10.);
#3701=VECTOR('',#14358,10.);
#3702=VECTOR('',#14359,10.);
#3703=VECTOR('',#14362,10.);
#3704=VECTOR('',#14363,10.);
#3705=VECTOR('',#14366,10.);
#3706=VECTOR('',#14367,10.);
#3707=VECTOR('',#14370,10.);
#3708=VECTOR('',#14371,10.);
#3709=VECTOR('',#14376,10.);
#3710=VECTOR('',#14379,10.);
#3711=VECTOR('',#14384,10.);
#3712=VECTOR('',#14389,10.);
#3713=VECTOR('',#14394,10.);
#3714=VECTOR('',#14395,10.);
#3715=VECTOR('',#14396,10.);
#3716=VECTOR('',#14397,10.);
#3717=VECTOR('',#14400,10.);
#3718=VECTOR('',#14401,10.);
#3719=VECTOR('',#14402,10.);
#3720=VECTOR('',#14405,10.);
#3721=VECTOR('',#14406,10.);
#3722=VECTOR('',#14407,10.);
#3723=VECTOR('',#14410,10.);
#3724=VECTOR('',#14411,10.);
#3725=VECTOR('',#14414,10.);
#3726=VECTOR('',#14415,10.);
#3727=VECTOR('',#14416,10.);
#3728=VECTOR('',#14419,10.);
#3729=VECTOR('',#14422,10.);
#3730=VECTOR('',#14423,10.);
#3731=VECTOR('',#14424,10.);
#3732=VECTOR('',#14431,10.);
#3733=VECTOR('',#14432,10.);
#3734=VECTOR('',#14433,10.);
#3735=VECTOR('',#14434,10.);
#3736=VECTOR('',#14437,10.);
#3737=VECTOR('',#14438,10.);
#3738=VECTOR('',#14439,10.);
#3739=VECTOR('',#14442,10.);
#3740=VECTOR('',#14443,10.);
#3741=VECTOR('',#14446,10.);
#3742=VECTOR('',#14447,10.);
#3743=VECTOR('',#14450,10.);
#3744=VECTOR('',#14451,10.);
#3745=VECTOR('',#14456,10.);
#3746=VECTOR('',#14459,10.);
#3747=VECTOR('',#14464,10.);
#3748=VECTOR('',#14469,10.);
#3749=VECTOR('',#14474,10.);
#3750=VECTOR('',#14475,10.);
#3751=VECTOR('',#14476,10.);
#3752=VECTOR('',#14477,10.);
#3753=VECTOR('',#14480,10.);
#3754=VECTOR('',#14481,10.);
#3755=VECTOR('',#14482,10.);
#3756=VECTOR('',#14485,10.);
#3757=VECTOR('',#14486,10.);
#3758=VECTOR('',#14487,10.);
#3759=VECTOR('',#14490,10.);
#3760=VECTOR('',#14491,10.);
#3761=VECTOR('',#14494,10.);
#3762=VECTOR('',#14495,10.);
#3763=VECTOR('',#14496,10.);
#3764=VECTOR('',#14499,10.);
#3765=VECTOR('',#14502,10.);
#3766=VECTOR('',#14503,10.);
#3767=VECTOR('',#14504,10.);
#3768=VECTOR('',#14511,10.);
#3769=VECTOR('',#14512,10.);
#3770=VECTOR('',#14513,10.);
#3771=VECTOR('',#14514,10.);
#3772=VECTOR('',#14517,10.);
#3773=VECTOR('',#14518,10.);
#3774=VECTOR('',#14519,10.);
#3775=VECTOR('',#14522,10.);
#3776=VECTOR('',#14523,10.);
#3777=VECTOR('',#14526,10.);
#3778=VECTOR('',#14527,10.);
#3779=VECTOR('',#14530,10.);
#3780=VECTOR('',#14531,10.);
#3781=VECTOR('',#14536,10.);
#3782=VECTOR('',#14539,10.);
#3783=VECTOR('',#14544,10.);
#3784=VECTOR('',#14549,10.);
#3785=VECTOR('',#14554,10.);
#3786=VECTOR('',#14555,10.);
#3787=VECTOR('',#14556,10.);
#3788=VECTOR('',#14557,10.);
#3789=VECTOR('',#14560,10.);
#3790=VECTOR('',#14561,10.);
#3791=VECTOR('',#14562,10.);
#3792=VECTOR('',#14565,10.);
#3793=VECTOR('',#14566,10.);
#3794=VECTOR('',#14567,10.);
#3795=VECTOR('',#14570,10.);
#3796=VECTOR('',#14571,10.);
#3797=VECTOR('',#14574,10.);
#3798=VECTOR('',#14575,10.);
#3799=VECTOR('',#14576,10.);
#3800=VECTOR('',#14579,10.);
#3801=VECTOR('',#14582,10.);
#3802=VECTOR('',#14583,10.);
#3803=VECTOR('',#14584,10.);
#3804=VECTOR('',#14591,10.);
#3805=VECTOR('',#14592,10.);
#3806=VECTOR('',#14593,10.);
#3807=VECTOR('',#14594,10.);
#3808=VECTOR('',#14597,10.);
#3809=VECTOR('',#14598,10.);
#3810=VECTOR('',#14599,10.);
#3811=VECTOR('',#14602,10.);
#3812=VECTOR('',#14603,10.);
#3813=VECTOR('',#14606,10.);
#3814=VECTOR('',#14607,10.);
#3815=VECTOR('',#14610,10.);
#3816=VECTOR('',#14611,10.);
#3817=VECTOR('',#14616,10.);
#3818=VECTOR('',#14619,10.);
#3819=VECTOR('',#14624,10.);
#3820=VECTOR('',#14629,10.);
#3821=VECTOR('',#14634,10.);
#3822=VECTOR('',#14635,10.);
#3823=VECTOR('',#14636,10.);
#3824=VECTOR('',#14637,10.);
#3825=VECTOR('',#14640,10.);
#3826=VECTOR('',#14641,10.);
#3827=VECTOR('',#14642,10.);
#3828=VECTOR('',#14645,10.);
#3829=VECTOR('',#14646,10.);
#3830=VECTOR('',#14647,10.);
#3831=VECTOR('',#14650,10.);
#3832=VECTOR('',#14651,10.);
#3833=VECTOR('',#14654,10.);
#3834=VECTOR('',#14655,10.);
#3835=VECTOR('',#14656,10.);
#3836=VECTOR('',#14659,10.);
#3837=VECTOR('',#14662,10.);
#3838=VECTOR('',#14663,10.);
#3839=VECTOR('',#14664,10.);
#3840=VECTOR('',#14671,10.);
#3841=VECTOR('',#14672,10.);
#3842=VECTOR('',#14673,10.);
#3843=VECTOR('',#14674,10.);
#3844=VECTOR('',#14677,10.);
#3845=VECTOR('',#14678,10.);
#3846=VECTOR('',#14679,10.);
#3847=VECTOR('',#14682,10.);
#3848=VECTOR('',#14683,10.);
#3849=VECTOR('',#14686,10.);
#3850=VECTOR('',#14687,10.);
#3851=VECTOR('',#14690,10.);
#3852=VECTOR('',#14691,10.);
#3853=VECTOR('',#14696,10.);
#3854=VECTOR('',#14699,10.);
#3855=VECTOR('',#14704,10.);
#3856=VECTOR('',#14709,10.);
#3857=VECTOR('',#14714,10.);
#3858=VECTOR('',#14715,10.);
#3859=VECTOR('',#14716,10.);
#3860=VECTOR('',#14717,10.);
#3861=VECTOR('',#14720,10.);
#3862=VECTOR('',#14721,10.);
#3863=VECTOR('',#14722,10.);
#3864=VECTOR('',#14725,10.);
#3865=VECTOR('',#14726,10.);
#3866=VECTOR('',#14727,10.);
#3867=VECTOR('',#14730,10.);
#3868=VECTOR('',#14731,10.);
#3869=VECTOR('',#14734,10.);
#3870=VECTOR('',#14735,10.);
#3871=VECTOR('',#14736,10.);
#3872=VECTOR('',#14739,10.);
#3873=VECTOR('',#14742,10.);
#3874=VECTOR('',#14743,10.);
#3875=VECTOR('',#14744,10.);
#3876=VECTOR('',#14751,10.);
#3877=VECTOR('',#14752,10.);
#3878=VECTOR('',#14753,10.);
#3879=VECTOR('',#14754,10.);
#3880=VECTOR('',#14757,10.);
#3881=VECTOR('',#14758,10.);
#3882=VECTOR('',#14759,10.);
#3883=VECTOR('',#14762,10.);
#3884=VECTOR('',#14763,10.);
#3885=VECTOR('',#14766,10.);
#3886=VECTOR('',#14767,10.);
#3887=VECTOR('',#14770,10.);
#3888=VECTOR('',#14771,10.);
#3889=VECTOR('',#14776,10.);
#3890=VECTOR('',#14779,10.);
#3891=VECTOR('',#14784,10.);
#3892=VECTOR('',#14789,10.);
#3893=VECTOR('',#14794,10.);
#3894=VECTOR('',#14795,10.);
#3895=VECTOR('',#14796,10.);
#3896=VECTOR('',#14797,10.);
#3897=VECTOR('',#14800,10.);
#3898=VECTOR('',#14801,10.);
#3899=VECTOR('',#14802,10.);
#3900=VECTOR('',#14805,10.);
#3901=VECTOR('',#14806,10.);
#3902=VECTOR('',#14807,10.);
#3903=VECTOR('',#14810,10.);
#3904=VECTOR('',#14811,10.);
#3905=VECTOR('',#14814,10.);
#3906=VECTOR('',#14815,10.);
#3907=VECTOR('',#14816,10.);
#3908=VECTOR('',#14819,10.);
#3909=VECTOR('',#14822,10.);
#3910=VECTOR('',#14823,10.);
#3911=VECTOR('',#14824,10.);
#3912=VECTOR('',#14831,10.);
#3913=VECTOR('',#14832,10.);
#3914=VECTOR('',#14833,10.);
#3915=VECTOR('',#14834,10.);
#3916=VECTOR('',#14837,10.);
#3917=VECTOR('',#14838,10.);
#3918=VECTOR('',#14839,10.);
#3919=VECTOR('',#14842,10.);
#3920=VECTOR('',#14843,10.);
#3921=VECTOR('',#14846,10.);
#3922=VECTOR('',#14847,10.);
#3923=VECTOR('',#14850,10.);
#3924=VECTOR('',#14851,10.);
#3925=VECTOR('',#14856,10.);
#3926=VECTOR('',#14859,10.);
#3927=VECTOR('',#14864,10.);
#3928=VECTOR('',#14869,10.);
#3929=VECTOR('',#14874,10.);
#3930=VECTOR('',#14875,10.);
#3931=VECTOR('',#14876,10.);
#3932=VECTOR('',#14877,10.);
#3933=VECTOR('',#14880,10.);
#3934=VECTOR('',#14881,10.);
#3935=VECTOR('',#14882,10.);
#3936=VECTOR('',#14885,10.);
#3937=VECTOR('',#14886,10.);
#3938=VECTOR('',#14887,10.);
#3939=VECTOR('',#14890,10.);
#3940=VECTOR('',#14891,10.);
#3941=VECTOR('',#14894,10.);
#3942=VECTOR('',#14895,10.);
#3943=VECTOR('',#14896,10.);
#3944=VECTOR('',#14899,10.);
#3945=VECTOR('',#14902,10.);
#3946=VECTOR('',#14903,10.);
#3947=VECTOR('',#14904,10.);
#3948=VECTOR('',#14911,10.);
#3949=VECTOR('',#14912,10.);
#3950=VECTOR('',#14913,10.);
#3951=VECTOR('',#14914,10.);
#3952=VECTOR('',#14917,10.);
#3953=VECTOR('',#14918,10.);
#3954=VECTOR('',#14919,10.);
#3955=VECTOR('',#14922,10.);
#3956=VECTOR('',#14923,10.);
#3957=VECTOR('',#14926,10.);
#3958=VECTOR('',#14927,10.);
#3959=VECTOR('',#14930,10.);
#3960=VECTOR('',#14931,10.);
#3961=VECTOR('',#14936,10.);
#3962=VECTOR('',#14939,10.);
#3963=VECTOR('',#14944,10.);
#3964=VECTOR('',#14949,10.);
#3965=VECTOR('',#14954,10.);
#3966=VECTOR('',#14955,10.);
#3967=VECTOR('',#14956,10.);
#3968=VECTOR('',#14957,10.);
#3969=VECTOR('',#14960,10.);
#3970=VECTOR('',#14961,10.);
#3971=VECTOR('',#14962,10.);
#3972=VECTOR('',#14965,10.);
#3973=VECTOR('',#14966,10.);
#3974=VECTOR('',#14967,10.);
#3975=VECTOR('',#14970,10.);
#3976=VECTOR('',#14971,10.);
#3977=VECTOR('',#14974,10.);
#3978=VECTOR('',#14975,10.);
#3979=VECTOR('',#14976,10.);
#3980=VECTOR('',#14979,10.);
#3981=VECTOR('',#14982,10.);
#3982=VECTOR('',#14983,10.);
#3983=VECTOR('',#14984,10.);
#3984=VECTOR('',#14991,10.);
#3985=VECTOR('',#14992,10.);
#3986=VECTOR('',#14993,10.);
#3987=VECTOR('',#14994,10.);
#3988=VECTOR('',#14997,10.);
#3989=VECTOR('',#14998,10.);
#3990=VECTOR('',#14999,10.);
#3991=VECTOR('',#15002,10.);
#3992=VECTOR('',#15003,10.);
#3993=VECTOR('',#15006,10.);
#3994=VECTOR('',#15007,10.);
#3995=VECTOR('',#15010,10.);
#3996=VECTOR('',#15011,10.);
#3997=VECTOR('',#15016,10.);
#3998=VECTOR('',#15019,10.);
#3999=VECTOR('',#15024,10.);
#4000=VECTOR('',#15029,10.);
#4001=VECTOR('',#15034,10.);
#4002=VECTOR('',#15035,10.);
#4003=VECTOR('',#15036,10.);
#4004=VECTOR('',#15037,10.);
#4005=VECTOR('',#15040,10.);
#4006=VECTOR('',#15041,10.);
#4007=VECTOR('',#15042,10.);
#4008=VECTOR('',#15045,10.);
#4009=VECTOR('',#15046,10.);
#4010=VECTOR('',#15047,10.);
#4011=VECTOR('',#15050,10.);
#4012=VECTOR('',#15051,10.);
#4013=VECTOR('',#15054,10.);
#4014=VECTOR('',#15055,10.);
#4015=VECTOR('',#15056,10.);
#4016=VECTOR('',#15059,10.);
#4017=VECTOR('',#15062,10.);
#4018=VECTOR('',#15063,10.);
#4019=VECTOR('',#15064,10.);
#4020=VECTOR('',#15071,10.);
#4021=VECTOR('',#15072,10.);
#4022=VECTOR('',#15073,10.);
#4023=VECTOR('',#15074,10.);
#4024=VECTOR('',#15077,10.);
#4025=VECTOR('',#15078,10.);
#4026=VECTOR('',#15079,10.);
#4027=VECTOR('',#15082,10.);
#4028=VECTOR('',#15083,10.);
#4029=VECTOR('',#15086,10.);
#4030=VECTOR('',#15087,10.);
#4031=VECTOR('',#15090,10.);
#4032=VECTOR('',#15091,10.);
#4033=VECTOR('',#15096,10.);
#4034=VECTOR('',#15099,10.);
#4035=VECTOR('',#15104,10.);
#4036=VECTOR('',#15109,10.);
#4037=VECTOR('',#15114,10.);
#4038=VECTOR('',#15115,10.);
#4039=VECTOR('',#15116,10.);
#4040=VECTOR('',#15117,10.);
#4041=VECTOR('',#15120,10.);
#4042=VECTOR('',#15121,10.);
#4043=VECTOR('',#15122,10.);
#4044=VECTOR('',#15125,10.);
#4045=VECTOR('',#15126,10.);
#4046=VECTOR('',#15127,10.);
#4047=VECTOR('',#15130,10.);
#4048=VECTOR('',#15131,10.);
#4049=VECTOR('',#15134,10.);
#4050=VECTOR('',#15135,10.);
#4051=VECTOR('',#15136,10.);
#4052=VECTOR('',#15139,10.);
#4053=VECTOR('',#15142,10.);
#4054=VECTOR('',#15143,10.);
#4055=VECTOR('',#15144,10.);
#4056=VECTOR('',#15151,10.);
#4057=VECTOR('',#15152,10.);
#4058=VECTOR('',#15153,10.);
#4059=VECTOR('',#15154,10.);
#4060=VECTOR('',#15157,10.);
#4061=VECTOR('',#15158,10.);
#4062=VECTOR('',#15159,10.);
#4063=VECTOR('',#15162,10.);
#4064=VECTOR('',#15163,10.);
#4065=VECTOR('',#15166,10.);
#4066=VECTOR('',#15167,10.);
#4067=VECTOR('',#15170,10.);
#4068=VECTOR('',#15171,10.);
#4069=VECTOR('',#15176,10.);
#4070=VECTOR('',#15179,10.);
#4071=VECTOR('',#15184,10.);
#4072=VECTOR('',#15189,10.);
#4073=VECTOR('',#15194,10.);
#4074=VECTOR('',#15195,10.);
#4075=VECTOR('',#15196,10.);
#4076=VECTOR('',#15197,10.);
#4077=VECTOR('',#15200,10.);
#4078=VECTOR('',#15201,10.);
#4079=VECTOR('',#15202,10.);
#4080=VECTOR('',#15205,10.);
#4081=VECTOR('',#15206,10.);
#4082=VECTOR('',#15207,10.);
#4083=VECTOR('',#15210,10.);
#4084=VECTOR('',#15211,10.);
#4085=VECTOR('',#15214,10.);
#4086=VECTOR('',#15215,10.);
#4087=VECTOR('',#15216,10.);
#4088=VECTOR('',#15219,10.);
#4089=VECTOR('',#15222,10.);
#4090=VECTOR('',#15223,10.);
#4091=VECTOR('',#15224,10.);
#4092=VECTOR('',#15231,10.);
#4093=VECTOR('',#15232,10.);
#4094=VECTOR('',#15233,10.);
#4095=VECTOR('',#15234,10.);
#4096=VECTOR('',#15237,10.);
#4097=VECTOR('',#15238,10.);
#4098=VECTOR('',#15239,10.);
#4099=VECTOR('',#15242,10.);
#4100=VECTOR('',#15243,10.);
#4101=VECTOR('',#15246,10.);
#4102=VECTOR('',#15247,10.);
#4103=VECTOR('',#15250,10.);
#4104=VECTOR('',#15251,10.);
#4105=VECTOR('',#15256,10.);
#4106=VECTOR('',#15259,10.);
#4107=VECTOR('',#15264,10.);
#4108=VECTOR('',#15269,10.);
#4109=VECTOR('',#15274,10.);
#4110=VECTOR('',#15275,10.);
#4111=VECTOR('',#15276,10.);
#4112=VECTOR('',#15277,10.);
#4113=VECTOR('',#15280,10.);
#4114=VECTOR('',#15281,10.);
#4115=VECTOR('',#15282,10.);
#4116=VECTOR('',#15285,10.);
#4117=VECTOR('',#15286,10.);
#4118=VECTOR('',#15287,10.);
#4119=VECTOR('',#15290,10.);
#4120=VECTOR('',#15291,10.);
#4121=VECTOR('',#15294,10.);
#4122=VECTOR('',#15295,10.);
#4123=VECTOR('',#15296,10.);
#4124=VECTOR('',#15299,10.);
#4125=VECTOR('',#15302,10.);
#4126=VECTOR('',#15303,10.);
#4127=VECTOR('',#15304,10.);
#4128=VECTOR('',#15311,10.);
#4129=VECTOR('',#15312,10.);
#4130=VECTOR('',#15313,10.);
#4131=VECTOR('',#15314,10.);
#4132=VECTOR('',#15317,10.);
#4133=VECTOR('',#15318,10.);
#4134=VECTOR('',#15319,10.);
#4135=VECTOR('',#15322,10.);
#4136=VECTOR('',#15323,10.);
#4137=VECTOR('',#15326,10.);
#4138=VECTOR('',#15327,10.);
#4139=VECTOR('',#15330,10.);
#4140=VECTOR('',#15331,10.);
#4141=VECTOR('',#15336,10.);
#4142=VECTOR('',#15339,10.);
#4143=VECTOR('',#15344,10.);
#4144=VECTOR('',#15349,10.);
#4145=VECTOR('',#15354,10.);
#4146=VECTOR('',#15355,10.);
#4147=VECTOR('',#15356,10.);
#4148=VECTOR('',#15357,10.);
#4149=VECTOR('',#15360,10.);
#4150=VECTOR('',#15361,10.);
#4151=VECTOR('',#15362,10.);
#4152=VECTOR('',#15365,10.);
#4153=VECTOR('',#15366,10.);
#4154=VECTOR('',#15367,10.);
#4155=VECTOR('',#15370,10.);
#4156=VECTOR('',#15371,10.);
#4157=VECTOR('',#15374,10.);
#4158=VECTOR('',#15375,10.);
#4159=VECTOR('',#15376,10.);
#4160=VECTOR('',#15379,10.);
#4161=VECTOR('',#15382,10.);
#4162=VECTOR('',#15383,10.);
#4163=VECTOR('',#15384,10.);
#4164=VECTOR('',#15391,10.);
#4165=VECTOR('',#15392,10.);
#4166=VECTOR('',#15393,10.);
#4167=VECTOR('',#15394,10.);
#4168=VECTOR('',#15397,10.);
#4169=VECTOR('',#15398,10.);
#4170=VECTOR('',#15399,10.);
#4171=VECTOR('',#15402,10.);
#4172=VECTOR('',#15403,10.);
#4173=VECTOR('',#15406,10.);
#4174=VECTOR('',#15407,10.);
#4175=VECTOR('',#15410,10.);
#4176=VECTOR('',#15411,10.);
#4177=VECTOR('',#15416,10.);
#4178=VECTOR('',#15419,10.);
#4179=VECTOR('',#15424,10.);
#4180=VECTOR('',#15429,10.);
#4181=VECTOR('',#15434,10.);
#4182=VECTOR('',#15435,10.);
#4183=VECTOR('',#15436,10.);
#4184=VECTOR('',#15437,10.);
#4185=VECTOR('',#15438,10.);
#4186=VECTOR('',#15439,10.);
#4187=VECTOR('',#15440,10.);
#4188=VECTOR('',#15441,10.);
#4189=VECTOR('',#15444,10.);
#4190=VECTOR('',#15445,10.);
#4191=VECTOR('',#15446,10.);
#4192=VECTOR('',#15449,10.);
#4193=VECTOR('',#15450,10.);
#4194=VECTOR('',#15451,10.);
#4195=VECTOR('',#15454,10.);
#4196=VECTOR('',#15455,10.);
#4197=VECTOR('',#15456,10.);
#4198=VECTOR('',#15457,10.);
#4199=VECTOR('',#15458,10.);
#4200=VECTOR('',#15461,10.);
#4201=VECTOR('',#15462,10.);
#4202=VECTOR('',#15463,10.);
#4203=VECTOR('',#15464,10.);
#4204=VECTOR('',#15467,10.);
#4205=VECTOR('',#15468,10.);
#4206=VECTOR('',#15469,10.);
#4207=VECTOR('',#15472,10.);
#4208=VECTOR('',#15473,10.);
#4209=VECTOR('',#15476,10.);
#4210=VECTOR('',#15477,10.);
#4211=VECTOR('',#15478,10.);
#4212=VECTOR('',#15481,10.);
#4213=VECTOR('',#15482,10.);
#4214=VECTOR('',#15483,10.);
#4215=VECTOR('',#15486,10.);
#4216=VECTOR('',#15487,10.);
#4217=VECTOR('',#15488,10.);
#4218=VECTOR('',#15491,10.);
#4219=VECTOR('',#15492,10.);
#4220=VECTOR('',#15495,10.);
#4221=VECTOR('',#15496,10.);
#4222=VECTOR('',#15499,10.);
#4223=VECTOR('',#15500,10.);
#4224=VECTOR('',#15503,10.);
#4225=VECTOR('',#15504,10.);
#4226=VECTOR('',#15507,10.);
#4227=VECTOR('',#15510,10.);
#4228=VECTOR('',#15513,10.);
#4229=VECTOR('',#15518,10.);
#4230=VECTOR('',#15519,10.);
#4231=VECTOR('',#15520,10.);
#4232=VECTOR('',#15521,10.);
#4233=VECTOR('',#15522,10.);
#4234=VECTOR('',#15523,10.);
#4235=VECTOR('',#15524,10.);
#4236=VECTOR('',#15525,10.);
#4237=VECTOR('',#15528,10.);
#4238=VECTOR('',#15529,10.);
#4239=VECTOR('',#15530,10.);
#4240=VECTOR('',#15533,10.);
#4241=VECTOR('',#15534,10.);
#4242=VECTOR('',#15535,10.);
#4243=VECTOR('',#15538,10.);
#4244=VECTOR('',#15539,10.);
#4245=VECTOR('',#15540,10.);
#4246=VECTOR('',#15541,10.);
#4247=VECTOR('',#15542,10.);
#4248=VECTOR('',#15545,10.);
#4249=VECTOR('',#15546,10.);
#4250=VECTOR('',#15547,10.);
#4251=VECTOR('',#15548,10.);
#4252=VECTOR('',#15551,10.);
#4253=VECTOR('',#15552,10.);
#4254=VECTOR('',#15553,10.);
#4255=VECTOR('',#15556,10.);
#4256=VECTOR('',#15557,10.);
#4257=VECTOR('',#15560,10.);
#4258=VECTOR('',#15561,10.);
#4259=VECTOR('',#15562,10.);
#4260=VECTOR('',#15565,10.);
#4261=VECTOR('',#15566,10.);
#4262=VECTOR('',#15567,10.);
#4263=VECTOR('',#15570,10.);
#4264=VECTOR('',#15571,10.);
#4265=VECTOR('',#15572,10.);
#4266=VECTOR('',#15575,10.);
#4267=VECTOR('',#15576,10.);
#4268=VECTOR('',#15579,10.);
#4269=VECTOR('',#15580,10.);
#4270=VECTOR('',#15583,10.);
#4271=VECTOR('',#15584,10.);
#4272=VECTOR('',#15587,10.);
#4273=VECTOR('',#15588,10.);
#4274=VECTOR('',#15591,10.);
#4275=VECTOR('',#15594,10.);
#4276=VECTOR('',#15597,10.);
#4277=VECTOR('',#15602,10.);
#4278=VECTOR('',#15603,10.);
#4279=VECTOR('',#15604,10.);
#4280=VECTOR('',#15605,10.);
#4281=VECTOR('',#15606,10.);
#4282=VECTOR('',#15607,10.);
#4283=VECTOR('',#15608,10.);
#4284=VECTOR('',#15609,10.);
#4285=VECTOR('',#15612,10.);
#4286=VECTOR('',#15613,10.);
#4287=VECTOR('',#15614,10.);
#4288=VECTOR('',#15617,10.);
#4289=VECTOR('',#15618,10.);
#4290=VECTOR('',#15619,10.);
#4291=VECTOR('',#15622,10.);
#4292=VECTOR('',#15623,10.);
#4293=VECTOR('',#15624,10.);
#4294=VECTOR('',#15625,10.);
#4295=VECTOR('',#15626,10.);
#4296=VECTOR('',#15629,10.);
#4297=VECTOR('',#15630,10.);
#4298=VECTOR('',#15631,10.);
#4299=VECTOR('',#15632,10.);
#4300=VECTOR('',#15635,10.);
#4301=VECTOR('',#15636,10.);
#4302=VECTOR('',#15637,10.);
#4303=VECTOR('',#15640,10.);
#4304=VECTOR('',#15641,10.);
#4305=VECTOR('',#15644,10.);
#4306=VECTOR('',#15645,10.);
#4307=VECTOR('',#15646,10.);
#4308=VECTOR('',#15649,10.);
#4309=VECTOR('',#15650,10.);
#4310=VECTOR('',#15651,10.);
#4311=VECTOR('',#15654,10.);
#4312=VECTOR('',#15655,10.);
#4313=VECTOR('',#15656,10.);
#4314=VECTOR('',#15659,10.);
#4315=VECTOR('',#15660,10.);
#4316=VECTOR('',#15663,10.);
#4317=VECTOR('',#15664,10.);
#4318=VECTOR('',#15667,10.);
#4319=VECTOR('',#15668,10.);
#4320=VECTOR('',#15671,10.);
#4321=VECTOR('',#15672,10.);
#4322=VECTOR('',#15675,10.);
#4323=VECTOR('',#15678,10.);
#4324=VECTOR('',#15681,10.);
#4325=VECTOR('',#15686,10.);
#4326=VECTOR('',#15687,10.);
#4327=VECTOR('',#15688,10.);
#4328=VECTOR('',#15689,10.);
#4329=VECTOR('',#15690,10.);
#4330=VECTOR('',#15691,10.);
#4331=VECTOR('',#15692,10.);
#4332=VECTOR('',#15693,10.);
#4333=VECTOR('',#15696,10.);
#4334=VECTOR('',#15697,10.);
#4335=VECTOR('',#15698,10.);
#4336=VECTOR('',#15701,10.);
#4337=VECTOR('',#15702,10.);
#4338=VECTOR('',#15703,10.);
#4339=VECTOR('',#15706,10.);
#4340=VECTOR('',#15707,10.);
#4341=VECTOR('',#15708,10.);
#4342=VECTOR('',#15709,10.);
#4343=VECTOR('',#15710,10.);
#4344=VECTOR('',#15713,10.);
#4345=VECTOR('',#15714,10.);
#4346=VECTOR('',#15715,10.);
#4347=VECTOR('',#15716,10.);
#4348=VECTOR('',#15719,10.);
#4349=VECTOR('',#15720,10.);
#4350=VECTOR('',#15721,10.);
#4351=VECTOR('',#15724,10.);
#4352=VECTOR('',#15725,10.);
#4353=VECTOR('',#15728,10.);
#4354=VECTOR('',#15729,10.);
#4355=VECTOR('',#15730,10.);
#4356=VECTOR('',#15733,10.);
#4357=VECTOR('',#15734,10.);
#4358=VECTOR('',#15735,10.);
#4359=VECTOR('',#15738,10.);
#4360=VECTOR('',#15739,10.);
#4361=VECTOR('',#15740,10.);
#4362=VECTOR('',#15743,10.);
#4363=VECTOR('',#15744,10.);
#4364=VECTOR('',#15747,10.);
#4365=VECTOR('',#15748,10.);
#4366=VECTOR('',#15751,10.);
#4367=VECTOR('',#15752,10.);
#4368=VECTOR('',#15755,10.);
#4369=VECTOR('',#15756,10.);
#4370=VECTOR('',#15759,10.);
#4371=VECTOR('',#15762,10.);
#4372=VECTOR('',#15765,10.);
#4373=VECTOR('',#15770,10.);
#4374=VECTOR('',#15771,10.);
#4375=VECTOR('',#15772,10.);
#4376=VECTOR('',#15773,10.);
#4377=VECTOR('',#15774,10.);
#4378=VECTOR('',#15775,10.);
#4379=VECTOR('',#15776,10.);
#4380=VECTOR('',#15777,10.);
#4381=VECTOR('',#15780,10.);
#4382=VECTOR('',#15781,10.);
#4383=VECTOR('',#15782,10.);
#4384=VECTOR('',#15785,10.);
#4385=VECTOR('',#15786,10.);
#4386=VECTOR('',#15787,10.);
#4387=VECTOR('',#15790,10.);
#4388=VECTOR('',#15791,10.);
#4389=VECTOR('',#15792,10.);
#4390=VECTOR('',#15793,10.);
#4391=VECTOR('',#15794,10.);
#4392=VECTOR('',#15797,10.);
#4393=VECTOR('',#15798,10.);
#4394=VECTOR('',#15799,10.);
#4395=VECTOR('',#15800,10.);
#4396=VECTOR('',#15803,10.);
#4397=VECTOR('',#15804,10.);
#4398=VECTOR('',#15805,10.);
#4399=VECTOR('',#15808,10.);
#4400=VECTOR('',#15809,10.);
#4401=VECTOR('',#15812,10.);
#4402=VECTOR('',#15813,10.);
#4403=VECTOR('',#15814,10.);
#4404=VECTOR('',#15817,10.);
#4405=VECTOR('',#15818,10.);
#4406=VECTOR('',#15819,10.);
#4407=VECTOR('',#15822,10.);
#4408=VECTOR('',#15823,10.);
#4409=VECTOR('',#15824,10.);
#4410=VECTOR('',#15827,10.);
#4411=VECTOR('',#15828,10.);
#4412=VECTOR('',#15831,10.);
#4413=VECTOR('',#15832,10.);
#4414=VECTOR('',#15835,10.);
#4415=VECTOR('',#15836,10.);
#4416=VECTOR('',#15839,10.);
#4417=VECTOR('',#15840,10.);
#4418=VECTOR('',#15843,10.);
#4419=VECTOR('',#15846,10.);
#4420=VECTOR('',#15849,10.);
#4421=VECTOR('',#15854,10.);
#4422=VECTOR('',#15855,10.);
#4423=VECTOR('',#15856,10.);
#4424=VECTOR('',#15857,10.);
#4425=VECTOR('',#15858,10.);
#4426=VECTOR('',#15859,10.);
#4427=VECTOR('',#15860,10.);
#4428=VECTOR('',#15861,10.);
#4429=VECTOR('',#15864,10.);
#4430=VECTOR('',#15865,10.);
#4431=VECTOR('',#15866,10.);
#4432=VECTOR('',#15869,10.);
#4433=VECTOR('',#15870,10.);
#4434=VECTOR('',#15871,10.);
#4435=VECTOR('',#15874,10.);
#4436=VECTOR('',#15875,10.);
#4437=VECTOR('',#15876,10.);
#4438=VECTOR('',#15877,10.);
#4439=VECTOR('',#15878,10.);
#4440=VECTOR('',#15881,10.);
#4441=VECTOR('',#15882,10.);
#4442=VECTOR('',#15883,10.);
#4443=VECTOR('',#15884,10.);
#4444=VECTOR('',#15887,10.);
#4445=VECTOR('',#15888,10.);
#4446=VECTOR('',#15889,10.);
#4447=VECTOR('',#15892,10.);
#4448=VECTOR('',#15893,10.);
#4449=VECTOR('',#15896,10.);
#4450=VECTOR('',#15897,10.);
#4451=VECTOR('',#15898,10.);
#4452=VECTOR('',#15901,10.);
#4453=VECTOR('',#15902,10.);
#4454=VECTOR('',#15903,10.);
#4455=VECTOR('',#15906,10.);
#4456=VECTOR('',#15907,10.);
#4457=VECTOR('',#15908,10.);
#4458=VECTOR('',#15911,10.);
#4459=VECTOR('',#15912,10.);
#4460=VECTOR('',#15915,10.);
#4461=VECTOR('',#15916,10.);
#4462=VECTOR('',#15919,10.);
#4463=VECTOR('',#15920,10.);
#4464=VECTOR('',#15923,10.);
#4465=VECTOR('',#15924,10.);
#4466=VECTOR('',#15927,10.);
#4467=VECTOR('',#15930,10.);
#4468=VECTOR('',#15933,10.);
#4469=VECTOR('',#15938,10.);
#4470=VECTOR('',#15939,10.);
#4471=VECTOR('',#15940,10.);
#4472=VECTOR('',#15941,10.);
#4473=VECTOR('',#15942,10.);
#4474=VECTOR('',#15943,10.);
#4475=VECTOR('',#15944,10.);
#4476=VECTOR('',#15945,10.);
#4477=VECTOR('',#15948,10.);
#4478=VECTOR('',#15949,10.);
#4479=VECTOR('',#15950,10.);
#4480=VECTOR('',#15953,10.);
#4481=VECTOR('',#15954,10.);
#4482=VECTOR('',#15955,10.);
#4483=VECTOR('',#15958,10.);
#4484=VECTOR('',#15959,10.);
#4485=VECTOR('',#15960,10.);
#4486=VECTOR('',#15961,10.);
#4487=VECTOR('',#15962,10.);
#4488=VECTOR('',#15965,10.);
#4489=VECTOR('',#15966,10.);
#4490=VECTOR('',#15967,10.);
#4491=VECTOR('',#15968,10.);
#4492=VECTOR('',#15971,10.);
#4493=VECTOR('',#15972,10.);
#4494=VECTOR('',#15973,10.);
#4495=VECTOR('',#15976,10.);
#4496=VECTOR('',#15977,10.);
#4497=VECTOR('',#15980,10.);
#4498=VECTOR('',#15981,10.);
#4499=VECTOR('',#15982,10.);
#4500=VECTOR('',#15985,10.);
#4501=VECTOR('',#15986,10.);
#4502=VECTOR('',#15987,10.);
#4503=VECTOR('',#15990,10.);
#4504=VECTOR('',#15991,10.);
#4505=VECTOR('',#15992,10.);
#4506=VECTOR('',#15995,10.);
#4507=VECTOR('',#15996,10.);
#4508=VECTOR('',#15999,10.);
#4509=VECTOR('',#16000,10.);
#4510=VECTOR('',#16003,10.);
#4511=VECTOR('',#16004,10.);
#4512=VECTOR('',#16007,10.);
#4513=VECTOR('',#16008,10.);
#4514=VECTOR('',#16011,10.);
#4515=VECTOR('',#16014,10.);
#4516=VECTOR('',#16017,10.);
#4517=VECTOR('',#16022,10.);
#4518=VECTOR('',#16023,10.);
#4519=VECTOR('',#16024,10.);
#4520=VECTOR('',#16025,10.);
#4521=VECTOR('',#16026,10.);
#4522=VECTOR('',#16027,10.);
#4523=VECTOR('',#16028,10.);
#4524=VECTOR('',#16029,10.);
#4525=VECTOR('',#16032,10.);
#4526=VECTOR('',#16033,10.);
#4527=VECTOR('',#16034,10.);
#4528=VECTOR('',#16037,10.);
#4529=VECTOR('',#16038,10.);
#4530=VECTOR('',#16039,10.);
#4531=VECTOR('',#16042,10.);
#4532=VECTOR('',#16043,10.);
#4533=VECTOR('',#16044,10.);
#4534=VECTOR('',#16045,10.);
#4535=VECTOR('',#16046,10.);
#4536=VECTOR('',#16049,10.);
#4537=VECTOR('',#16050,10.);
#4538=VECTOR('',#16051,10.);
#4539=VECTOR('',#16052,10.);
#4540=VECTOR('',#16055,10.);
#4541=VECTOR('',#16056,10.);
#4542=VECTOR('',#16057,10.);
#4543=VECTOR('',#16060,10.);
#4544=VECTOR('',#16061,10.);
#4545=VECTOR('',#16064,10.);
#4546=VECTOR('',#16065,10.);
#4547=VECTOR('',#16066,10.);
#4548=VECTOR('',#16069,10.);
#4549=VECTOR('',#16070,10.);
#4550=VECTOR('',#16071,10.);
#4551=VECTOR('',#16074,10.);
#4552=VECTOR('',#16075,10.);
#4553=VECTOR('',#16076,10.);
#4554=VECTOR('',#16079,10.);
#4555=VECTOR('',#16080,10.);
#4556=VECTOR('',#16083,10.);
#4557=VECTOR('',#16084,10.);
#4558=VECTOR('',#16087,10.);
#4559=VECTOR('',#16088,10.);
#4560=VECTOR('',#16091,10.);
#4561=VECTOR('',#16092,10.);
#4562=VECTOR('',#16095,10.);
#4563=VECTOR('',#16098,10.);
#4564=VECTOR('',#16101,10.);
#4565=VECTOR('',#16106,10.);
#4566=VECTOR('',#16107,10.);
#4567=VECTOR('',#16108,10.);
#4568=VECTOR('',#16109,10.);
#4569=VECTOR('',#16110,10.);
#4570=VECTOR('',#16111,10.);
#4571=VECTOR('',#16112,10.);
#4572=VECTOR('',#16113,10.);
#4573=VECTOR('',#16116,10.);
#4574=VECTOR('',#16117,10.);
#4575=VECTOR('',#16118,10.);
#4576=VECTOR('',#16121,10.);
#4577=VECTOR('',#16122,10.);
#4578=VECTOR('',#16123,10.);
#4579=VECTOR('',#16126,10.);
#4580=VECTOR('',#16127,10.);
#4581=VECTOR('',#16128,10.);
#4582=VECTOR('',#16129,10.);
#4583=VECTOR('',#16130,10.);
#4584=VECTOR('',#16133,10.);
#4585=VECTOR('',#16134,10.);
#4586=VECTOR('',#16135,10.);
#4587=VECTOR('',#16136,10.);
#4588=VECTOR('',#16139,10.);
#4589=VECTOR('',#16140,10.);
#4590=VECTOR('',#16141,10.);
#4591=VECTOR('',#16144,10.);
#4592=VECTOR('',#16145,10.);
#4593=VECTOR('',#16148,10.);
#4594=VECTOR('',#16149,10.);
#4595=VECTOR('',#16150,10.);
#4596=VECTOR('',#16153,10.);
#4597=VECTOR('',#16154,10.);
#4598=VECTOR('',#16155,10.);
#4599=VECTOR('',#16158,10.);
#4600=VECTOR('',#16159,10.);
#4601=VECTOR('',#16160,10.);
#4602=VECTOR('',#16163,10.);
#4603=VECTOR('',#16164,10.);
#4604=VECTOR('',#16167,10.);
#4605=VECTOR('',#16168,10.);
#4606=VECTOR('',#16171,10.);
#4607=VECTOR('',#16172,10.);
#4608=VECTOR('',#16175,10.);
#4609=VECTOR('',#16176,10.);
#4610=VECTOR('',#16179,10.);
#4611=VECTOR('',#16182,10.);
#4612=VECTOR('',#16185,10.);
#4613=VECTOR('',#16190,10.);
#4614=VECTOR('',#16191,10.);
#4615=VECTOR('',#16192,10.);
#4616=VECTOR('',#16193,10.);
#4617=VECTOR('',#16194,10.);
#4618=VECTOR('',#16195,10.);
#4619=VECTOR('',#16196,10.);
#4620=VECTOR('',#16197,10.);
#4621=VECTOR('',#16200,10.);
#4622=VECTOR('',#16201,10.);
#4623=VECTOR('',#16202,10.);
#4624=VECTOR('',#16205,10.);
#4625=VECTOR('',#16206,10.);
#4626=VECTOR('',#16207,10.);
#4627=VECTOR('',#16210,10.);
#4628=VECTOR('',#16211,10.);
#4629=VECTOR('',#16212,10.);
#4630=VECTOR('',#16213,10.);
#4631=VECTOR('',#16214,10.);
#4632=VECTOR('',#16217,10.);
#4633=VECTOR('',#16218,10.);
#4634=VECTOR('',#16219,10.);
#4635=VECTOR('',#16220,10.);
#4636=VECTOR('',#16223,10.);
#4637=VECTOR('',#16224,10.);
#4638=VECTOR('',#16225,10.);
#4639=VECTOR('',#16228,10.);
#4640=VECTOR('',#16229,10.);
#4641=VECTOR('',#16232,10.);
#4642=VECTOR('',#16233,10.);
#4643=VECTOR('',#16234,10.);
#4644=VECTOR('',#16237,10.);
#4645=VECTOR('',#16238,10.);
#4646=VECTOR('',#16239,10.);
#4647=VECTOR('',#16242,10.);
#4648=VECTOR('',#16243,10.);
#4649=VECTOR('',#16244,10.);
#4650=VECTOR('',#16247,10.);
#4651=VECTOR('',#16248,10.);
#4652=VECTOR('',#16251,10.);
#4653=VECTOR('',#16252,10.);
#4654=VECTOR('',#16255,10.);
#4655=VECTOR('',#16256,10.);
#4656=VECTOR('',#16259,10.);
#4657=VECTOR('',#16260,10.);
#4658=VECTOR('',#16263,10.);
#4659=VECTOR('',#16266,10.);
#4660=VECTOR('',#16269,10.);
#4661=VECTOR('',#16274,10.);
#4662=VECTOR('',#16275,10.);
#4663=VECTOR('',#16276,10.);
#4664=VECTOR('',#16277,10.);
#4665=VECTOR('',#16278,10.);
#4666=VECTOR('',#16279,10.);
#4667=VECTOR('',#16280,10.);
#4668=VECTOR('',#16281,10.);
#4669=VECTOR('',#16284,10.);
#4670=VECTOR('',#16285,10.);
#4671=VECTOR('',#16286,10.);
#4672=VECTOR('',#16289,10.);
#4673=VECTOR('',#16290,10.);
#4674=VECTOR('',#16291,10.);
#4675=VECTOR('',#16294,10.);
#4676=VECTOR('',#16295,10.);
#4677=VECTOR('',#16296,10.);
#4678=VECTOR('',#16297,10.);
#4679=VECTOR('',#16298,10.);
#4680=VECTOR('',#16301,10.);
#4681=VECTOR('',#16302,10.);
#4682=VECTOR('',#16303,10.);
#4683=VECTOR('',#16304,10.);
#4684=VECTOR('',#16307,10.);
#4685=VECTOR('',#16308,10.);
#4686=VECTOR('',#16309,10.);
#4687=VECTOR('',#16312,10.);
#4688=VECTOR('',#16313,10.);
#4689=VECTOR('',#16316,10.);
#4690=VECTOR('',#16317,10.);
#4691=VECTOR('',#16318,10.);
#4692=VECTOR('',#16321,10.);
#4693=VECTOR('',#16322,10.);
#4694=VECTOR('',#16323,10.);
#4695=VECTOR('',#16326,10.);
#4696=VECTOR('',#16327,10.);
#4697=VECTOR('',#16328,10.);
#4698=VECTOR('',#16331,10.);
#4699=VECTOR('',#16332,10.);
#4700=VECTOR('',#16335,10.);
#4701=VECTOR('',#16336,10.);
#4702=VECTOR('',#16339,10.);
#4703=VECTOR('',#16340,10.);
#4704=VECTOR('',#16343,10.);
#4705=VECTOR('',#16344,10.);
#4706=VECTOR('',#16347,10.);
#4707=VECTOR('',#16350,10.);
#4708=VECTOR('',#16353,10.);
#4709=VECTOR('',#16358,10.);
#4710=VECTOR('',#16359,10.);
#4711=VECTOR('',#16360,10.);
#4712=VECTOR('',#16361,10.);
#4713=VECTOR('',#16362,10.);
#4714=VECTOR('',#16363,10.);
#4715=VECTOR('',#16364,10.);
#4716=VECTOR('',#16365,10.);
#4717=VECTOR('',#16368,10.);
#4718=VECTOR('',#16369,10.);
#4719=VECTOR('',#16370,10.);
#4720=VECTOR('',#16373,10.);
#4721=VECTOR('',#16374,10.);
#4722=VECTOR('',#16375,10.);
#4723=VECTOR('',#16378,10.);
#4724=VECTOR('',#16379,10.);
#4725=VECTOR('',#16380,10.);
#4726=VECTOR('',#16381,10.);
#4727=VECTOR('',#16382,10.);
#4728=VECTOR('',#16385,10.);
#4729=VECTOR('',#16386,10.);
#4730=VECTOR('',#16387,10.);
#4731=VECTOR('',#16388,10.);
#4732=VECTOR('',#16391,10.);
#4733=VECTOR('',#16392,10.);
#4734=VECTOR('',#16393,10.);
#4735=VECTOR('',#16396,10.);
#4736=VECTOR('',#16397,10.);
#4737=VECTOR('',#16400,10.);
#4738=VECTOR('',#16401,10.);
#4739=VECTOR('',#16402,10.);
#4740=VECTOR('',#16405,10.);
#4741=VECTOR('',#16406,10.);
#4742=VECTOR('',#16407,10.);
#4743=VECTOR('',#16410,10.);
#4744=VECTOR('',#16411,10.);
#4745=VECTOR('',#16412,10.);
#4746=VECTOR('',#16415,10.);
#4747=VECTOR('',#16416,10.);
#4748=VECTOR('',#16419,10.);
#4749=VECTOR('',#16420,10.);
#4750=VECTOR('',#16423,10.);
#4751=VECTOR('',#16424,10.);
#4752=VECTOR('',#16427,10.);
#4753=VECTOR('',#16428,10.);
#4754=VECTOR('',#16431,10.);
#4755=VECTOR('',#16434,10.);
#4756=VECTOR('',#16437,10.);
#4757=VECTOR('',#16442,10.);
#4758=VECTOR('',#16443,10.);
#4759=VECTOR('',#16444,10.);
#4760=VECTOR('',#16445,10.);
#4761=VECTOR('',#16446,10.);
#4762=VECTOR('',#16447,10.);
#4763=VECTOR('',#16448,10.);
#4764=VECTOR('',#16449,10.);
#4765=VECTOR('',#16452,10.);
#4766=VECTOR('',#16453,10.);
#4767=VECTOR('',#16454,10.);
#4768=VECTOR('',#16457,10.);
#4769=VECTOR('',#16458,10.);
#4770=VECTOR('',#16459,10.);
#4771=VECTOR('',#16462,10.);
#4772=VECTOR('',#16463,10.);
#4773=VECTOR('',#16464,10.);
#4774=VECTOR('',#16465,10.);
#4775=VECTOR('',#16466,10.);
#4776=VECTOR('',#16469,10.);
#4777=VECTOR('',#16470,10.);
#4778=VECTOR('',#16471,10.);
#4779=VECTOR('',#16472,10.);
#4780=VECTOR('',#16475,10.);
#4781=VECTOR('',#16476,10.);
#4782=VECTOR('',#16477,10.);
#4783=VECTOR('',#16480,10.);
#4784=VECTOR('',#16481,10.);
#4785=VECTOR('',#16484,10.);
#4786=VECTOR('',#16485,10.);
#4787=VECTOR('',#16486,10.);
#4788=VECTOR('',#16489,10.);
#4789=VECTOR('',#16490,10.);
#4790=VECTOR('',#16491,10.);
#4791=VECTOR('',#16494,10.);
#4792=VECTOR('',#16495,10.);
#4793=VECTOR('',#16496,10.);
#4794=VECTOR('',#16499,10.);
#4795=VECTOR('',#16500,10.);
#4796=VECTOR('',#16503,10.);
#4797=VECTOR('',#16504,10.);
#4798=VECTOR('',#16507,10.);
#4799=VECTOR('',#16508,10.);
#4800=VECTOR('',#16511,10.);
#4801=VECTOR('',#16512,10.);
#4802=VECTOR('',#16515,10.);
#4803=VECTOR('',#16518,10.);
#4804=VECTOR('',#16521,10.);
#4805=VECTOR('',#16526,10.);
#4806=VECTOR('',#16527,10.);
#4807=VECTOR('',#16528,10.);
#4808=VECTOR('',#16529,10.);
#4809=VECTOR('',#16530,10.);
#4810=VECTOR('',#16531,10.);
#4811=VECTOR('',#16532,10.);
#4812=VECTOR('',#16533,10.);
#4813=VECTOR('',#16536,10.);
#4814=VECTOR('',#16537,10.);
#4815=VECTOR('',#16538,10.);
#4816=VECTOR('',#16541,10.);
#4817=VECTOR('',#16542,10.);
#4818=VECTOR('',#16543,10.);
#4819=VECTOR('',#16546,10.);
#4820=VECTOR('',#16547,10.);
#4821=VECTOR('',#16548,10.);
#4822=VECTOR('',#16549,10.);
#4823=VECTOR('',#16550,10.);
#4824=VECTOR('',#16553,10.);
#4825=VECTOR('',#16554,10.);
#4826=VECTOR('',#16555,10.);
#4827=VECTOR('',#16556,10.);
#4828=VECTOR('',#16559,10.);
#4829=VECTOR('',#16560,10.);
#4830=VECTOR('',#16561,10.);
#4831=VECTOR('',#16564,10.);
#4832=VECTOR('',#16565,10.);
#4833=VECTOR('',#16568,10.);
#4834=VECTOR('',#16569,10.);
#4835=VECTOR('',#16570,10.);
#4836=VECTOR('',#16573,10.);
#4837=VECTOR('',#16574,10.);
#4838=VECTOR('',#16575,10.);
#4839=VECTOR('',#16578,10.);
#4840=VECTOR('',#16579,10.);
#4841=VECTOR('',#16580,10.);
#4842=VECTOR('',#16583,10.);
#4843=VECTOR('',#16584,10.);
#4844=VECTOR('',#16587,10.);
#4845=VECTOR('',#16588,10.);
#4846=VECTOR('',#16591,10.);
#4847=VECTOR('',#16592,10.);
#4848=VECTOR('',#16595,10.);
#4849=VECTOR('',#16596,10.);
#4850=VECTOR('',#16599,10.);
#4851=VECTOR('',#16602,10.);
#4852=VECTOR('',#16605,10.);
#4853=VECTOR('',#16610,10.);
#4854=VECTOR('',#16611,10.);
#4855=VECTOR('',#16612,10.);
#4856=VECTOR('',#16613,10.);
#4857=VECTOR('',#16614,10.);
#4858=VECTOR('',#16615,10.);
#4859=VECTOR('',#16616,10.);
#4860=VECTOR('',#16617,10.);
#4861=VECTOR('',#16620,10.);
#4862=VECTOR('',#16621,10.);
#4863=VECTOR('',#16622,10.);
#4864=VECTOR('',#16625,10.);
#4865=VECTOR('',#16626,10.);
#4866=VECTOR('',#16627,10.);
#4867=VECTOR('',#16630,10.);
#4868=VECTOR('',#16631,10.);
#4869=VECTOR('',#16632,10.);
#4870=VECTOR('',#16633,10.);
#4871=VECTOR('',#16634,10.);
#4872=VECTOR('',#16637,10.);
#4873=VECTOR('',#16638,10.);
#4874=VECTOR('',#16639,10.);
#4875=VECTOR('',#16640,10.);
#4876=VECTOR('',#16643,10.);
#4877=VECTOR('',#16644,10.);
#4878=VECTOR('',#16645,10.);
#4879=VECTOR('',#16648,10.);
#4880=VECTOR('',#16649,10.);
#4881=VECTOR('',#16652,10.);
#4882=VECTOR('',#16653,10.);
#4883=VECTOR('',#16654,10.);
#4884=VECTOR('',#16657,10.);
#4885=VECTOR('',#16658,10.);
#4886=VECTOR('',#16659,10.);
#4887=VECTOR('',#16662,10.);
#4888=VECTOR('',#16663,10.);
#4889=VECTOR('',#16664,10.);
#4890=VECTOR('',#16667,10.);
#4891=VECTOR('',#16668,10.);
#4892=VECTOR('',#16671,10.);
#4893=VECTOR('',#16672,10.);
#4894=VECTOR('',#16675,10.);
#4895=VECTOR('',#16676,10.);
#4896=VECTOR('',#16679,10.);
#4897=VECTOR('',#16680,10.);
#4898=VECTOR('',#16683,10.);
#4899=VECTOR('',#16686,10.);
#4900=VECTOR('',#16689,10.);
#4901=VECTOR('',#16694,10.);
#4902=VECTOR('',#16695,10.);
#4903=VECTOR('',#16696,10.);
#4904=VECTOR('',#16697,10.);
#4905=VECTOR('',#16698,10.);
#4906=VECTOR('',#16699,10.);
#4907=VECTOR('',#16700,10.);
#4908=VECTOR('',#16701,10.);
#4909=VECTOR('',#16704,10.);
#4910=VECTOR('',#16705,10.);
#4911=VECTOR('',#16706,10.);
#4912=VECTOR('',#16709,10.);
#4913=VECTOR('',#16710,10.);
#4914=VECTOR('',#16711,10.);
#4915=VECTOR('',#16714,10.);
#4916=VECTOR('',#16715,10.);
#4917=VECTOR('',#16716,10.);
#4918=VECTOR('',#16717,10.);
#4919=VECTOR('',#16718,10.);
#4920=VECTOR('',#16721,10.);
#4921=VECTOR('',#16722,10.);
#4922=VECTOR('',#16723,10.);
#4923=VECTOR('',#16724,10.);
#4924=VECTOR('',#16727,10.);
#4925=VECTOR('',#16728,10.);
#4926=VECTOR('',#16729,10.);
#4927=VECTOR('',#16732,10.);
#4928=VECTOR('',#16733,10.);
#4929=VECTOR('',#16736,10.);
#4930=VECTOR('',#16737,10.);
#4931=VECTOR('',#16738,10.);
#4932=VECTOR('',#16741,10.);
#4933=VECTOR('',#16742,10.);
#4934=VECTOR('',#16743,10.);
#4935=VECTOR('',#16746,10.);
#4936=VECTOR('',#16747,10.);
#4937=VECTOR('',#16748,10.);
#4938=VECTOR('',#16751,10.);
#4939=VECTOR('',#16752,10.);
#4940=VECTOR('',#16755,10.);
#4941=VECTOR('',#16756,10.);
#4942=VECTOR('',#16759,10.);
#4943=VECTOR('',#16760,10.);
#4944=VECTOR('',#16763,10.);
#4945=VECTOR('',#16764,10.);
#4946=VECTOR('',#16767,10.);
#4947=VECTOR('',#16770,10.);
#4948=VECTOR('',#16773,10.);
#4949=VECTOR('',#16778,10.);
#4950=VECTOR('',#16779,10.);
#4951=VECTOR('',#16780,10.);
#4952=VECTOR('',#16781,10.);
#4953=VECTOR('',#16782,10.);
#4954=VECTOR('',#16783,10.);
#4955=VECTOR('',#16784,10.);
#4956=VECTOR('',#16785,10.);
#4957=VECTOR('',#16788,10.);
#4958=VECTOR('',#16789,10.);
#4959=VECTOR('',#16790,10.);
#4960=VECTOR('',#16793,10.);
#4961=VECTOR('',#16794,10.);
#4962=VECTOR('',#16795,10.);
#4963=VECTOR('',#16798,10.);
#4964=VECTOR('',#16799,10.);
#4965=VECTOR('',#16800,10.);
#4966=VECTOR('',#16801,10.);
#4967=VECTOR('',#16802,10.);
#4968=VECTOR('',#16805,10.);
#4969=VECTOR('',#16806,10.);
#4970=VECTOR('',#16807,10.);
#4971=VECTOR('',#16808,10.);
#4972=VECTOR('',#16811,10.);
#4973=VECTOR('',#16812,10.);
#4974=VECTOR('',#16813,10.);
#4975=VECTOR('',#16816,10.);
#4976=VECTOR('',#16817,10.);
#4977=VECTOR('',#16820,10.);
#4978=VECTOR('',#16821,10.);
#4979=VECTOR('',#16822,10.);
#4980=VECTOR('',#16825,10.);
#4981=VECTOR('',#16826,10.);
#4982=VECTOR('',#16827,10.);
#4983=VECTOR('',#16830,10.);
#4984=VECTOR('',#16831,10.);
#4985=VECTOR('',#16832,10.);
#4986=VECTOR('',#16835,10.);
#4987=VECTOR('',#16836,10.);
#4988=VECTOR('',#16839,10.);
#4989=VECTOR('',#16840,10.);
#4990=VECTOR('',#16843,10.);
#4991=VECTOR('',#16844,10.);
#4992=VECTOR('',#16847,10.);
#4993=VECTOR('',#16848,10.);
#4994=VECTOR('',#16851,10.);
#4995=VECTOR('',#16854,10.);
#4996=VECTOR('',#16857,10.);
#4997=VECTOR('',#16862,10.);
#4998=VECTOR('',#16863,10.);
#4999=VECTOR('',#16864,10.);
#5000=VECTOR('',#16865,10.);
#5001=VECTOR('',#16866,10.);
#5002=VECTOR('',#16867,10.);
#5003=VECTOR('',#16868,10.);
#5004=VECTOR('',#16869,10.);
#5005=VECTOR('',#16872,10.);
#5006=VECTOR('',#16873,10.);
#5007=VECTOR('',#16874,10.);
#5008=VECTOR('',#16877,10.);
#5009=VECTOR('',#16878,10.);
#5010=VECTOR('',#16879,10.);
#5011=VECTOR('',#16882,10.);
#5012=VECTOR('',#16883,10.);
#5013=VECTOR('',#16884,10.);
#5014=VECTOR('',#16885,10.);
#5015=VECTOR('',#16886,10.);
#5016=VECTOR('',#16889,10.);
#5017=VECTOR('',#16890,10.);
#5018=VECTOR('',#16891,10.);
#5019=VECTOR('',#16892,10.);
#5020=VECTOR('',#16895,10.);
#5021=VECTOR('',#16896,10.);
#5022=VECTOR('',#16897,10.);
#5023=VECTOR('',#16900,10.);
#5024=VECTOR('',#16901,10.);
#5025=VECTOR('',#16904,10.);
#5026=VECTOR('',#16905,10.);
#5027=VECTOR('',#16906,10.);
#5028=VECTOR('',#16909,10.);
#5029=VECTOR('',#16910,10.);
#5030=VECTOR('',#16911,10.);
#5031=VECTOR('',#16914,10.);
#5032=VECTOR('',#16915,10.);
#5033=VECTOR('',#16916,10.);
#5034=VECTOR('',#16919,10.);
#5035=VECTOR('',#16920,10.);
#5036=VECTOR('',#16923,10.);
#5037=VECTOR('',#16924,10.);
#5038=VECTOR('',#16927,10.);
#5039=VECTOR('',#16928,10.);
#5040=VECTOR('',#16931,10.);
#5041=VECTOR('',#16932,10.);
#5042=VECTOR('',#16935,10.);
#5043=VECTOR('',#16938,10.);
#5044=VECTOR('',#16941,10.);
#5045=VECTOR('',#16946,10.);
#5046=VECTOR('',#16947,10.);
#5047=VECTOR('',#16948,10.);
#5048=VECTOR('',#16949,10.);
#5049=VECTOR('',#16950,10.);
#5050=VECTOR('',#16951,10.);
#5051=VECTOR('',#16952,10.);
#5052=VECTOR('',#16953,10.);
#5053=VECTOR('',#16956,10.);
#5054=VECTOR('',#16957,10.);
#5055=VECTOR('',#16958,10.);
#5056=VECTOR('',#16961,10.);
#5057=VECTOR('',#16962,10.);
#5058=VECTOR('',#16963,10.);
#5059=VECTOR('',#16966,10.);
#5060=VECTOR('',#16967,10.);
#5061=VECTOR('',#16968,10.);
#5062=VECTOR('',#16969,10.);
#5063=VECTOR('',#16970,10.);
#5064=VECTOR('',#16973,10.);
#5065=VECTOR('',#16974,10.);
#5066=VECTOR('',#16975,10.);
#5067=VECTOR('',#16976,10.);
#5068=VECTOR('',#16979,10.);
#5069=VECTOR('',#16980,10.);
#5070=VECTOR('',#16981,10.);
#5071=VECTOR('',#16984,10.);
#5072=VECTOR('',#16985,10.);
#5073=VECTOR('',#16988,10.);
#5074=VECTOR('',#16989,10.);
#5075=VECTOR('',#16990,10.);
#5076=VECTOR('',#16993,10.);
#5077=VECTOR('',#16994,10.);
#5078=VECTOR('',#16995,10.);
#5079=VECTOR('',#16998,10.);
#5080=VECTOR('',#16999,10.);
#5081=VECTOR('',#17000,10.);
#5082=VECTOR('',#17003,10.);
#5083=VECTOR('',#17004,10.);
#5084=VECTOR('',#17007,10.);
#5085=VECTOR('',#17008,10.);
#5086=VECTOR('',#17011,10.);
#5087=VECTOR('',#17012,10.);
#5088=VECTOR('',#17015,10.);
#5089=VECTOR('',#17016,10.);
#5090=VECTOR('',#17019,10.);
#5091=VECTOR('',#17022,10.);
#5092=VECTOR('',#17025,10.);
#5093=VERTEX_POINT('',#17030);
#5094=VERTEX_POINT('',#17031);
#5095=VERTEX_POINT('',#17033);
#5096=VERTEX_POINT('',#17035);
#5097=VERTEX_POINT('',#17039);
#5098=VERTEX_POINT('',#17041);
#5099=VERTEX_POINT('',#17045);
#5100=VERTEX_POINT('',#17047);
#5101=VERTEX_POINT('',#17054);
#5102=VERTEX_POINT('',#17056);
#5103=VERTEX_POINT('',#17060);
#5104=VERTEX_POINT('',#17062);
#5105=VERTEX_POINT('',#17064);
#5106=VERTEX_POINT('',#17066);
#5107=VERTEX_POINT('',#17068);
#5108=VERTEX_POINT('',#17073);
#5109=VERTEX_POINT('',#17074);
#5110=VERTEX_POINT('',#17076);
#5111=VERTEX_POINT('',#17078);
#5112=VERTEX_POINT('',#17082);
#5113=VERTEX_POINT('',#17087);
#5114=VERTEX_POINT('',#17094);
#5115=VERTEX_POINT('',#17099);
#5116=VERTEX_POINT('',#17101);
#5117=VERTEX_POINT('',#17112);
#5118=VERTEX_POINT('',#17113);
#5119=VERTEX_POINT('',#17115);
#5120=VERTEX_POINT('',#17117);
#5121=VERTEX_POINT('',#17120);
#5122=VERTEX_POINT('',#17121);
#5123=VERTEX_POINT('',#17123);
#5124=VERTEX_POINT('',#17125);
#5125=VERTEX_POINT('',#17129);
#5126=VERTEX_POINT('',#17131);
#5127=VERTEX_POINT('',#17135);
#5128=VERTEX_POINT('',#17137);
#5129=VERTEX_POINT('',#17141);
#5130=VERTEX_POINT('',#17143);
#5131=VERTEX_POINT('',#17145);
#5132=VERTEX_POINT('',#17147);
#5133=VERTEX_POINT('',#17151);
#5134=VERTEX_POINT('',#17153);
#5135=VERTEX_POINT('',#17155);
#5136=VERTEX_POINT('',#17159);
#5137=VERTEX_POINT('',#17161);
#5138=VERTEX_POINT('',#17165);
#5139=VERTEX_POINT('',#17169);
#5140=VERTEX_POINT('',#17171);
#5141=VERTEX_POINT('',#17175);
#5142=VERTEX_POINT('',#17177);
#5143=VERTEX_POINT('',#17181);
#5144=VERTEX_POINT('',#17182);
#5145=VERTEX_POINT('',#17187);
#5146=VERTEX_POINT('',#17191);
#5147=VERTEX_POINT('',#17195);
#5148=VERTEX_POINT('',#17199);
#5149=VERTEX_POINT('',#17210);
#5150=VERTEX_POINT('',#17211);
#5151=VERTEX_POINT('',#17213);
#5152=VERTEX_POINT('',#17215);
#5153=VERTEX_POINT('',#17219);
#5154=VERTEX_POINT('',#17221);
#5155=VERTEX_POINT('',#17225);
#5156=VERTEX_POINT('',#17227);
#5157=VERTEX_POINT('',#17234);
#5158=VERTEX_POINT('',#17236);
#5159=VERTEX_POINT('',#17240);
#5160=VERTEX_POINT('',#17242);
#5161=VERTEX_POINT('',#17244);
#5162=VERTEX_POINT('',#17246);
#5163=VERTEX_POINT('',#17248);
#5164=VERTEX_POINT('',#17253);
#5165=VERTEX_POINT('',#17254);
#5166=VERTEX_POINT('',#17256);
#5167=VERTEX_POINT('',#17258);
#5168=VERTEX_POINT('',#17262);
#5169=VERTEX_POINT('',#17267);
#5170=VERTEX_POINT('',#17274);
#5171=VERTEX_POINT('',#17279);
#5172=VERTEX_POINT('',#17281);
#5173=VERTEX_POINT('',#17292);
#5174=VERTEX_POINT('',#17293);
#5175=VERTEX_POINT('',#17295);
#5176=VERTEX_POINT('',#17297);
#5177=VERTEX_POINT('',#17301);
#5178=VERTEX_POINT('',#17303);
#5179=VERTEX_POINT('',#17307);
#5180=VERTEX_POINT('',#17309);
#5181=VERTEX_POINT('',#17316);
#5182=VERTEX_POINT('',#17318);
#5183=VERTEX_POINT('',#17322);
#5184=VERTEX_POINT('',#17324);
#5185=VERTEX_POINT('',#17326);
#5186=VERTEX_POINT('',#17328);
#5187=VERTEX_POINT('',#17330);
#5188=VERTEX_POINT('',#17335);
#5189=VERTEX_POINT('',#17336);
#5190=VERTEX_POINT('',#17338);
#5191=VERTEX_POINT('',#17340);
#5192=VERTEX_POINT('',#17344);
#5193=VERTEX_POINT('',#17349);
#5194=VERTEX_POINT('',#17356);
#5195=VERTEX_POINT('',#17361);
#5196=VERTEX_POINT('',#17363);
#5197=VERTEX_POINT('',#17374);
#5198=VERTEX_POINT('',#17375);
#5199=VERTEX_POINT('',#17377);
#5200=VERTEX_POINT('',#17379);
#5201=VERTEX_POINT('',#17383);
#5202=VERTEX_POINT('',#17385);
#5203=VERTEX_POINT('',#17389);
#5204=VERTEX_POINT('',#17391);
#5205=VERTEX_POINT('',#17398);
#5206=VERTEX_POINT('',#17400);
#5207=VERTEX_POINT('',#17404);
#5208=VERTEX_POINT('',#17406);
#5209=VERTEX_POINT('',#17408);
#5210=VERTEX_POINT('',#17410);
#5211=VERTEX_POINT('',#17412);
#5212=VERTEX_POINT('',#17417);
#5213=VERTEX_POINT('',#17418);
#5214=VERTEX_POINT('',#17420);
#5215=VERTEX_POINT('',#17422);
#5216=VERTEX_POINT('',#17426);
#5217=VERTEX_POINT('',#17431);
#5218=VERTEX_POINT('',#17438);
#5219=VERTEX_POINT('',#17443);
#5220=VERTEX_POINT('',#17445);
#5221=VERTEX_POINT('',#17456);
#5222=VERTEX_POINT('',#17457);
#5223=VERTEX_POINT('',#17459);
#5224=VERTEX_POINT('',#17461);
#5225=VERTEX_POINT('',#17465);
#5226=VERTEX_POINT('',#17467);
#5227=VERTEX_POINT('',#17471);
#5228=VERTEX_POINT('',#17473);
#5229=VERTEX_POINT('',#17480);
#5230=VERTEX_POINT('',#17482);
#5231=VERTEX_POINT('',#17486);
#5232=VERTEX_POINT('',#17488);
#5233=VERTEX_POINT('',#17490);
#5234=VERTEX_POINT('',#17492);
#5235=VERTEX_POINT('',#17494);
#5236=VERTEX_POINT('',#17499);
#5237=VERTEX_POINT('',#17500);
#5238=VERTEX_POINT('',#17502);
#5239=VERTEX_POINT('',#17504);
#5240=VERTEX_POINT('',#17508);
#5241=VERTEX_POINT('',#17513);
#5242=VERTEX_POINT('',#17520);
#5243=VERTEX_POINT('',#17525);
#5244=VERTEX_POINT('',#17527);
#5245=VERTEX_POINT('',#17538);
#5246=VERTEX_POINT('',#17539);
#5247=VERTEX_POINT('',#17541);
#5248=VERTEX_POINT('',#17543);
#5249=VERTEX_POINT('',#17547);
#5250=VERTEX_POINT('',#17549);
#5251=VERTEX_POINT('',#17553);
#5252=VERTEX_POINT('',#17555);
#5253=VERTEX_POINT('',#17562);
#5254=VERTEX_POINT('',#17564);
#5255=VERTEX_POINT('',#17568);
#5256=VERTEX_POINT('',#17570);
#5257=VERTEX_POINT('',#17572);
#5258=VERTEX_POINT('',#17574);
#5259=VERTEX_POINT('',#17576);
#5260=VERTEX_POINT('',#17581);
#5261=VERTEX_POINT('',#17582);
#5262=VERTEX_POINT('',#17584);
#5263=VERTEX_POINT('',#17586);
#5264=VERTEX_POINT('',#17590);
#5265=VERTEX_POINT('',#17595);
#5266=VERTEX_POINT('',#17602);
#5267=VERTEX_POINT('',#17607);
#5268=VERTEX_POINT('',#17609);
#5269=VERTEX_POINT('',#17620);
#5270=VERTEX_POINT('',#17621);
#5271=VERTEX_POINT('',#17623);
#5272=VERTEX_POINT('',#17625);
#5273=VERTEX_POINT('',#17629);
#5274=VERTEX_POINT('',#17631);
#5275=VERTEX_POINT('',#17635);
#5276=VERTEX_POINT('',#17637);
#5277=VERTEX_POINT('',#17644);
#5278=VERTEX_POINT('',#17646);
#5279=VERTEX_POINT('',#17650);
#5280=VERTEX_POINT('',#17652);
#5281=VERTEX_POINT('',#17654);
#5282=VERTEX_POINT('',#17656);
#5283=VERTEX_POINT('',#17658);
#5284=VERTEX_POINT('',#17663);
#5285=VERTEX_POINT('',#17664);
#5286=VERTEX_POINT('',#17666);
#5287=VERTEX_POINT('',#17668);
#5288=VERTEX_POINT('',#17672);
#5289=VERTEX_POINT('',#17677);
#5290=VERTEX_POINT('',#17684);
#5291=VERTEX_POINT('',#17689);
#5292=VERTEX_POINT('',#17691);
#5293=VERTEX_POINT('',#17702);
#5294=VERTEX_POINT('',#17703);
#5295=VERTEX_POINT('',#17705);
#5296=VERTEX_POINT('',#17707);
#5297=VERTEX_POINT('',#17711);
#5298=VERTEX_POINT('',#17713);
#5299=VERTEX_POINT('',#17717);
#5300=VERTEX_POINT('',#17719);
#5301=VERTEX_POINT('',#17726);
#5302=VERTEX_POINT('',#17728);
#5303=VERTEX_POINT('',#17732);
#5304=VERTEX_POINT('',#17734);
#5305=VERTEX_POINT('',#17736);
#5306=VERTEX_POINT('',#17738);
#5307=VERTEX_POINT('',#17740);
#5308=VERTEX_POINT('',#17745);
#5309=VERTEX_POINT('',#17746);
#5310=VERTEX_POINT('',#17748);
#5311=VERTEX_POINT('',#17750);
#5312=VERTEX_POINT('',#17754);
#5313=VERTEX_POINT('',#17759);
#5314=VERTEX_POINT('',#17766);
#5315=VERTEX_POINT('',#17771);
#5316=VERTEX_POINT('',#17773);
#5317=VERTEX_POINT('',#17784);
#5318=VERTEX_POINT('',#17785);
#5319=VERTEX_POINT('',#17787);
#5320=VERTEX_POINT('',#17789);
#5321=VERTEX_POINT('',#17793);
#5322=VERTEX_POINT('',#17795);
#5323=VERTEX_POINT('',#17799);
#5324=VERTEX_POINT('',#17801);
#5325=VERTEX_POINT('',#17808);
#5326=VERTEX_POINT('',#17810);
#5327=VERTEX_POINT('',#17814);
#5328=VERTEX_POINT('',#17816);
#5329=VERTEX_POINT('',#17818);
#5330=VERTEX_POINT('',#17820);
#5331=VERTEX_POINT('',#17822);
#5332=VERTEX_POINT('',#17827);
#5333=VERTEX_POINT('',#17828);
#5334=VERTEX_POINT('',#17830);
#5335=VERTEX_POINT('',#17832);
#5336=VERTEX_POINT('',#17836);
#5337=VERTEX_POINT('',#17841);
#5338=VERTEX_POINT('',#17848);
#5339=VERTEX_POINT('',#17853);
#5340=VERTEX_POINT('',#17855);
#5341=VERTEX_POINT('',#17866);
#5342=VERTEX_POINT('',#17867);
#5343=VERTEX_POINT('',#17869);
#5344=VERTEX_POINT('',#17871);
#5345=VERTEX_POINT('',#17875);
#5346=VERTEX_POINT('',#17877);
#5347=VERTEX_POINT('',#17881);
#5348=VERTEX_POINT('',#17883);
#5349=VERTEX_POINT('',#17890);
#5350=VERTEX_POINT('',#17892);
#5351=VERTEX_POINT('',#17896);
#5352=VERTEX_POINT('',#17898);
#5353=VERTEX_POINT('',#17900);
#5354=VERTEX_POINT('',#17902);
#5355=VERTEX_POINT('',#17904);
#5356=VERTEX_POINT('',#17909);
#5357=VERTEX_POINT('',#17910);
#5358=VERTEX_POINT('',#17912);
#5359=VERTEX_POINT('',#17914);
#5360=VERTEX_POINT('',#17918);
#5361=VERTEX_POINT('',#17923);
#5362=VERTEX_POINT('',#17930);
#5363=VERTEX_POINT('',#17935);
#5364=VERTEX_POINT('',#17937);
#5365=VERTEX_POINT('',#17948);
#5366=VERTEX_POINT('',#17949);
#5367=VERTEX_POINT('',#17951);
#5368=VERTEX_POINT('',#17953);
#5369=VERTEX_POINT('',#17957);
#5370=VERTEX_POINT('',#17959);
#5371=VERTEX_POINT('',#17963);
#5372=VERTEX_POINT('',#17965);
#5373=VERTEX_POINT('',#17972);
#5374=VERTEX_POINT('',#17974);
#5375=VERTEX_POINT('',#17978);
#5376=VERTEX_POINT('',#17980);
#5377=VERTEX_POINT('',#17982);
#5378=VERTEX_POINT('',#17984);
#5379=VERTEX_POINT('',#17986);
#5380=VERTEX_POINT('',#17991);
#5381=VERTEX_POINT('',#17992);
#5382=VERTEX_POINT('',#17994);
#5383=VERTEX_POINT('',#17996);
#5384=VERTEX_POINT('',#18000);
#5385=VERTEX_POINT('',#18005);
#5386=VERTEX_POINT('',#18012);
#5387=VERTEX_POINT('',#18017);
#5388=VERTEX_POINT('',#18019);
#5389=VERTEX_POINT('',#18030);
#5390=VERTEX_POINT('',#18031);
#5391=VERTEX_POINT('',#18033);
#5392=VERTEX_POINT('',#18035);
#5393=VERTEX_POINT('',#18039);
#5394=VERTEX_POINT('',#18041);
#5395=VERTEX_POINT('',#18045);
#5396=VERTEX_POINT('',#18047);
#5397=VERTEX_POINT('',#18054);
#5398=VERTEX_POINT('',#18056);
#5399=VERTEX_POINT('',#18060);
#5400=VERTEX_POINT('',#18062);
#5401=VERTEX_POINT('',#18064);
#5402=VERTEX_POINT('',#18066);
#5403=VERTEX_POINT('',#18068);
#5404=VERTEX_POINT('',#18073);
#5405=VERTEX_POINT('',#18074);
#5406=VERTEX_POINT('',#18076);
#5407=VERTEX_POINT('',#18078);
#5408=VERTEX_POINT('',#18082);
#5409=VERTEX_POINT('',#18087);
#5410=VERTEX_POINT('',#18094);
#5411=VERTEX_POINT('',#18099);
#5412=VERTEX_POINT('',#18101);
#5413=VERTEX_POINT('',#18112);
#5414=VERTEX_POINT('',#18113);
#5415=VERTEX_POINT('',#18115);
#5416=VERTEX_POINT('',#18117);
#5417=VERTEX_POINT('',#18121);
#5418=VERTEX_POINT('',#18123);
#5419=VERTEX_POINT('',#18127);
#5420=VERTEX_POINT('',#18129);
#5421=VERTEX_POINT('',#18136);
#5422=VERTEX_POINT('',#18138);
#5423=VERTEX_POINT('',#18142);
#5424=VERTEX_POINT('',#18144);
#5425=VERTEX_POINT('',#18146);
#5426=VERTEX_POINT('',#18148);
#5427=VERTEX_POINT('',#18150);
#5428=VERTEX_POINT('',#18155);
#5429=VERTEX_POINT('',#18156);
#5430=VERTEX_POINT('',#18158);
#5431=VERTEX_POINT('',#18160);
#5432=VERTEX_POINT('',#18164);
#5433=VERTEX_POINT('',#18169);
#5434=VERTEX_POINT('',#18176);
#5435=VERTEX_POINT('',#18181);
#5436=VERTEX_POINT('',#18183);
#5437=VERTEX_POINT('',#18194);
#5438=VERTEX_POINT('',#18195);
#5439=VERTEX_POINT('',#18197);
#5440=VERTEX_POINT('',#18199);
#5441=VERTEX_POINT('',#18203);
#5442=VERTEX_POINT('',#18205);
#5443=VERTEX_POINT('',#18209);
#5444=VERTEX_POINT('',#18211);
#5445=VERTEX_POINT('',#18218);
#5446=VERTEX_POINT('',#18220);
#5447=VERTEX_POINT('',#18224);
#5448=VERTEX_POINT('',#18226);
#5449=VERTEX_POINT('',#18228);
#5450=VERTEX_POINT('',#18230);
#5451=VERTEX_POINT('',#18232);
#5452=VERTEX_POINT('',#18237);
#5453=VERTEX_POINT('',#18238);
#5454=VERTEX_POINT('',#18240);
#5455=VERTEX_POINT('',#18242);
#5456=VERTEX_POINT('',#18246);
#5457=VERTEX_POINT('',#18251);
#5458=VERTEX_POINT('',#18258);
#5459=VERTEX_POINT('',#18263);
#5460=VERTEX_POINT('',#18265);
#5461=VERTEX_POINT('',#18276);
#5462=VERTEX_POINT('',#18277);
#5463=VERTEX_POINT('',#18279);
#5464=VERTEX_POINT('',#18281);
#5465=VERTEX_POINT('',#18285);
#5466=VERTEX_POINT('',#18287);
#5467=VERTEX_POINT('',#18291);
#5468=VERTEX_POINT('',#18293);
#5469=VERTEX_POINT('',#18300);
#5470=VERTEX_POINT('',#18302);
#5471=VERTEX_POINT('',#18306);
#5472=VERTEX_POINT('',#18308);
#5473=VERTEX_POINT('',#18310);
#5474=VERTEX_POINT('',#18312);
#5475=VERTEX_POINT('',#18314);
#5476=VERTEX_POINT('',#18319);
#5477=VERTEX_POINT('',#18320);
#5478=VERTEX_POINT('',#18322);
#5479=VERTEX_POINT('',#18324);
#5480=VERTEX_POINT('',#18328);
#5481=VERTEX_POINT('',#18333);
#5482=VERTEX_POINT('',#18340);
#5483=VERTEX_POINT('',#18345);
#5484=VERTEX_POINT('',#18347);
#5485=VERTEX_POINT('',#18358);
#5486=VERTEX_POINT('',#18359);
#5487=VERTEX_POINT('',#18361);
#5488=VERTEX_POINT('',#18363);
#5489=VERTEX_POINT('',#18367);
#5490=VERTEX_POINT('',#18369);
#5491=VERTEX_POINT('',#18373);
#5492=VERTEX_POINT('',#18375);
#5493=VERTEX_POINT('',#18382);
#5494=VERTEX_POINT('',#18384);
#5495=VERTEX_POINT('',#18388);
#5496=VERTEX_POINT('',#18390);
#5497=VERTEX_POINT('',#18392);
#5498=VERTEX_POINT('',#18394);
#5499=VERTEX_POINT('',#18396);
#5500=VERTEX_POINT('',#18401);
#5501=VERTEX_POINT('',#18402);
#5502=VERTEX_POINT('',#18404);
#5503=VERTEX_POINT('',#18406);
#5504=VERTEX_POINT('',#18410);
#5505=VERTEX_POINT('',#18415);
#5506=VERTEX_POINT('',#18422);
#5507=VERTEX_POINT('',#18427);
#5508=VERTEX_POINT('',#18429);
#5509=VERTEX_POINT('',#18440);
#5510=VERTEX_POINT('',#18441);
#5511=VERTEX_POINT('',#18443);
#5512=VERTEX_POINT('',#18445);
#5513=VERTEX_POINT('',#18449);
#5514=VERTEX_POINT('',#18451);
#5515=VERTEX_POINT('',#18455);
#5516=VERTEX_POINT('',#18457);
#5517=VERTEX_POINT('',#18464);
#5518=VERTEX_POINT('',#18466);
#5519=VERTEX_POINT('',#18470);
#5520=VERTEX_POINT('',#18472);
#5521=VERTEX_POINT('',#18474);
#5522=VERTEX_POINT('',#18476);
#5523=VERTEX_POINT('',#18478);
#5524=VERTEX_POINT('',#18483);
#5525=VERTEX_POINT('',#18484);
#5526=VERTEX_POINT('',#18486);
#5527=VERTEX_POINT('',#18488);
#5528=VERTEX_POINT('',#18492);
#5529=VERTEX_POINT('',#18497);
#5530=VERTEX_POINT('',#18504);
#5531=VERTEX_POINT('',#18509);
#5532=VERTEX_POINT('',#18511);
#5533=VERTEX_POINT('',#18522);
#5534=VERTEX_POINT('',#18523);
#5535=VERTEX_POINT('',#18525);
#5536=VERTEX_POINT('',#18527);
#5537=VERTEX_POINT('',#18531);
#5538=VERTEX_POINT('',#18533);
#5539=VERTEX_POINT('',#18537);
#5540=VERTEX_POINT('',#18539);
#5541=VERTEX_POINT('',#18546);
#5542=VERTEX_POINT('',#18548);
#5543=VERTEX_POINT('',#18552);
#5544=VERTEX_POINT('',#18554);
#5545=VERTEX_POINT('',#18556);
#5546=VERTEX_POINT('',#18558);
#5547=VERTEX_POINT('',#18560);
#5548=VERTEX_POINT('',#18565);
#5549=VERTEX_POINT('',#18566);
#5550=VERTEX_POINT('',#18568);
#5551=VERTEX_POINT('',#18570);
#5552=VERTEX_POINT('',#18574);
#5553=VERTEX_POINT('',#18579);
#5554=VERTEX_POINT('',#18586);
#5555=VERTEX_POINT('',#18591);
#5556=VERTEX_POINT('',#18593);
#5557=VERTEX_POINT('',#18604);
#5558=VERTEX_POINT('',#18605);
#5559=VERTEX_POINT('',#18607);
#5560=VERTEX_POINT('',#18609);
#5561=VERTEX_POINT('',#18613);
#5562=VERTEX_POINT('',#18615);
#5563=VERTEX_POINT('',#18619);
#5564=VERTEX_POINT('',#18621);
#5565=VERTEX_POINT('',#18628);
#5566=VERTEX_POINT('',#18630);
#5567=VERTEX_POINT('',#18634);
#5568=VERTEX_POINT('',#18636);
#5569=VERTEX_POINT('',#18638);
#5570=VERTEX_POINT('',#18640);
#5571=VERTEX_POINT('',#18642);
#5572=VERTEX_POINT('',#18647);
#5573=VERTEX_POINT('',#18648);
#5574=VERTEX_POINT('',#18650);
#5575=VERTEX_POINT('',#18652);
#5576=VERTEX_POINT('',#18656);
#5577=VERTEX_POINT('',#18661);
#5578=VERTEX_POINT('',#18668);
#5579=VERTEX_POINT('',#18673);
#5580=VERTEX_POINT('',#18675);
#5581=VERTEX_POINT('',#18686);
#5582=VERTEX_POINT('',#18687);
#5583=VERTEX_POINT('',#18689);
#5584=VERTEX_POINT('',#18691);
#5585=VERTEX_POINT('',#18695);
#5586=VERTEX_POINT('',#18697);
#5587=VERTEX_POINT('',#18701);
#5588=VERTEX_POINT('',#18703);
#5589=VERTEX_POINT('',#18710);
#5590=VERTEX_POINT('',#18712);
#5591=VERTEX_POINT('',#18716);
#5592=VERTEX_POINT('',#18718);
#5593=VERTEX_POINT('',#18720);
#5594=VERTEX_POINT('',#18722);
#5595=VERTEX_POINT('',#18724);
#5596=VERTEX_POINT('',#18729);
#5597=VERTEX_POINT('',#18730);
#5598=VERTEX_POINT('',#18732);
#5599=VERTEX_POINT('',#18734);
#5600=VERTEX_POINT('',#18738);
#5601=VERTEX_POINT('',#18743);
#5602=VERTEX_POINT('',#18750);
#5603=VERTEX_POINT('',#18755);
#5604=VERTEX_POINT('',#18757);
#5605=VERTEX_POINT('',#18768);
#5606=VERTEX_POINT('',#18769);
#5607=VERTEX_POINT('',#18771);
#5608=VERTEX_POINT('',#18773);
#5609=VERTEX_POINT('',#18776);
#5610=VERTEX_POINT('',#18777);
#5611=VERTEX_POINT('',#18779);
#5612=VERTEX_POINT('',#18781);
#5613=VERTEX_POINT('',#18785);
#5614=VERTEX_POINT('',#18787);
#5615=VERTEX_POINT('',#18791);
#5616=VERTEX_POINT('',#18793);
#5617=VERTEX_POINT('',#18797);
#5618=VERTEX_POINT('',#18799);
#5619=VERTEX_POINT('',#18801);
#5620=VERTEX_POINT('',#18803);
#5621=VERTEX_POINT('',#18807);
#5622=VERTEX_POINT('',#18809);
#5623=VERTEX_POINT('',#18811);
#5624=VERTEX_POINT('',#18815);
#5625=VERTEX_POINT('',#18817);
#5626=VERTEX_POINT('',#18821);
#5627=VERTEX_POINT('',#18825);
#5628=VERTEX_POINT('',#18827);
#5629=VERTEX_POINT('',#18831);
#5630=VERTEX_POINT('',#18833);
#5631=VERTEX_POINT('',#18837);
#5632=VERTEX_POINT('',#18838);
#5633=VERTEX_POINT('',#18843);
#5634=VERTEX_POINT('',#18847);
#5635=VERTEX_POINT('',#18851);
#5636=VERTEX_POINT('',#18855);
#5637=VERTEX_POINT('',#18866);
#5638=VERTEX_POINT('',#18867);
#5639=VERTEX_POINT('',#18869);
#5640=VERTEX_POINT('',#18871);
#5641=VERTEX_POINT('',#18874);
#5642=VERTEX_POINT('',#18875);
#5643=VERTEX_POINT('',#18877);
#5644=VERTEX_POINT('',#18879);
#5645=VERTEX_POINT('',#18883);
#5646=VERTEX_POINT('',#18885);
#5647=VERTEX_POINT('',#18889);
#5648=VERTEX_POINT('',#18891);
#5649=VERTEX_POINT('',#18895);
#5650=VERTEX_POINT('',#18897);
#5651=VERTEX_POINT('',#18899);
#5652=VERTEX_POINT('',#18901);
#5653=VERTEX_POINT('',#18905);
#5654=VERTEX_POINT('',#18907);
#5655=VERTEX_POINT('',#18909);
#5656=VERTEX_POINT('',#18913);
#5657=VERTEX_POINT('',#18915);
#5658=VERTEX_POINT('',#18919);
#5659=VERTEX_POINT('',#18923);
#5660=VERTEX_POINT('',#18925);
#5661=VERTEX_POINT('',#18929);
#5662=VERTEX_POINT('',#18931);
#5663=VERTEX_POINT('',#18935);
#5664=VERTEX_POINT('',#18936);
#5665=VERTEX_POINT('',#18941);
#5666=VERTEX_POINT('',#18945);
#5667=VERTEX_POINT('',#18949);
#5668=VERTEX_POINT('',#18953);
#5669=VERTEX_POINT('',#18964);
#5670=VERTEX_POINT('',#18965);
#5671=VERTEX_POINT('',#18967);
#5672=VERTEX_POINT('',#18969);
#5673=VERTEX_POINT('',#18972);
#5674=VERTEX_POINT('',#18973);
#5675=VERTEX_POINT('',#18975);
#5676=VERTEX_POINT('',#18977);
#5677=VERTEX_POINT('',#18981);
#5678=VERTEX_POINT('',#18983);
#5679=VERTEX_POINT('',#18987);
#5680=VERTEX_POINT('',#18989);
#5681=VERTEX_POINT('',#18993);
#5682=VERTEX_POINT('',#18995);
#5683=VERTEX_POINT('',#18997);
#5684=VERTEX_POINT('',#18999);
#5685=VERTEX_POINT('',#19003);
#5686=VERTEX_POINT('',#19005);
#5687=VERTEX_POINT('',#19007);
#5688=VERTEX_POINT('',#19011);
#5689=VERTEX_POINT('',#19013);
#5690=VERTEX_POINT('',#19017);
#5691=VERTEX_POINT('',#19021);
#5692=VERTEX_POINT('',#19023);
#5693=VERTEX_POINT('',#19027);
#5694=VERTEX_POINT('',#19029);
#5695=VERTEX_POINT('',#19033);
#5696=VERTEX_POINT('',#19034);
#5697=VERTEX_POINT('',#19039);
#5698=VERTEX_POINT('',#19043);
#5699=VERTEX_POINT('',#19047);
#5700=VERTEX_POINT('',#19051);
#5701=VERTEX_POINT('',#19062);
#5702=VERTEX_POINT('',#19063);
#5703=VERTEX_POINT('',#19065);
#5704=VERTEX_POINT('',#19067);
#5705=VERTEX_POINT('',#19070);
#5706=VERTEX_POINT('',#19071);
#5707=VERTEX_POINT('',#19073);
#5708=VERTEX_POINT('',#19075);
#5709=VERTEX_POINT('',#19079);
#5710=VERTEX_POINT('',#19081);
#5711=VERTEX_POINT('',#19085);
#5712=VERTEX_POINT('',#19087);
#5713=VERTEX_POINT('',#19091);
#5714=VERTEX_POINT('',#19093);
#5715=VERTEX_POINT('',#19095);
#5716=VERTEX_POINT('',#19097);
#5717=VERTEX_POINT('',#19101);
#5718=VERTEX_POINT('',#19103);
#5719=VERTEX_POINT('',#19105);
#5720=VERTEX_POINT('',#19109);
#5721=VERTEX_POINT('',#19111);
#5722=VERTEX_POINT('',#19115);
#5723=VERTEX_POINT('',#19119);
#5724=VERTEX_POINT('',#19121);
#5725=VERTEX_POINT('',#19125);
#5726=VERTEX_POINT('',#19127);
#5727=VERTEX_POINT('',#19131);
#5728=VERTEX_POINT('',#19132);
#5729=VERTEX_POINT('',#19137);
#5730=VERTEX_POINT('',#19141);
#5731=VERTEX_POINT('',#19145);
#5732=VERTEX_POINT('',#19149);
#5733=VERTEX_POINT('',#19160);
#5734=VERTEX_POINT('',#19161);
#5735=VERTEX_POINT('',#19163);
#5736=VERTEX_POINT('',#19165);
#5737=VERTEX_POINT('',#19168);
#5738=VERTEX_POINT('',#19169);
#5739=VERTEX_POINT('',#19171);
#5740=VERTEX_POINT('',#19173);
#5741=VERTEX_POINT('',#19177);
#5742=VERTEX_POINT('',#19179);
#5743=VERTEX_POINT('',#19183);
#5744=VERTEX_POINT('',#19185);
#5745=VERTEX_POINT('',#19189);
#5746=VERTEX_POINT('',#19191);
#5747=VERTEX_POINT('',#19193);
#5748=VERTEX_POINT('',#19195);
#5749=VERTEX_POINT('',#19199);
#5750=VERTEX_POINT('',#19201);
#5751=VERTEX_POINT('',#19203);
#5752=VERTEX_POINT('',#19207);
#5753=VERTEX_POINT('',#19209);
#5754=VERTEX_POINT('',#19213);
#5755=VERTEX_POINT('',#19217);
#5756=VERTEX_POINT('',#19219);
#5757=VERTEX_POINT('',#19223);
#5758=VERTEX_POINT('',#19225);
#5759=VERTEX_POINT('',#19229);
#5760=VERTEX_POINT('',#19230);
#5761=VERTEX_POINT('',#19235);
#5762=VERTEX_POINT('',#19239);
#5763=VERTEX_POINT('',#19243);
#5764=VERTEX_POINT('',#19247);
#5765=VERTEX_POINT('',#19258);
#5766=VERTEX_POINT('',#19259);
#5767=VERTEX_POINT('',#19261);
#5768=VERTEX_POINT('',#19263);
#5769=VERTEX_POINT('',#19266);
#5770=VERTEX_POINT('',#19267);
#5771=VERTEX_POINT('',#19269);
#5772=VERTEX_POINT('',#19271);
#5773=VERTEX_POINT('',#19275);
#5774=VERTEX_POINT('',#19277);
#5775=VERTEX_POINT('',#19281);
#5776=VERTEX_POINT('',#19283);
#5777=VERTEX_POINT('',#19287);
#5778=VERTEX_POINT('',#19289);
#5779=VERTEX_POINT('',#19291);
#5780=VERTEX_POINT('',#19293);
#5781=VERTEX_POINT('',#19297);
#5782=VERTEX_POINT('',#19299);
#5783=VERTEX_POINT('',#19301);
#5784=VERTEX_POINT('',#19305);
#5785=VERTEX_POINT('',#19307);
#5786=VERTEX_POINT('',#19311);
#5787=VERTEX_POINT('',#19315);
#5788=VERTEX_POINT('',#19317);
#5789=VERTEX_POINT('',#19321);
#5790=VERTEX_POINT('',#19323);
#5791=VERTEX_POINT('',#19327);
#5792=VERTEX_POINT('',#19328);
#5793=VERTEX_POINT('',#19333);
#5794=VERTEX_POINT('',#19337);
#5795=VERTEX_POINT('',#19341);
#5796=VERTEX_POINT('',#19345);
#5797=VERTEX_POINT('',#19356);
#5798=VERTEX_POINT('',#19357);
#5799=VERTEX_POINT('',#19359);
#5800=VERTEX_POINT('',#19361);
#5801=VERTEX_POINT('',#19364);
#5802=VERTEX_POINT('',#19365);
#5803=VERTEX_POINT('',#19367);
#5804=VERTEX_POINT('',#19369);
#5805=VERTEX_POINT('',#19373);
#5806=VERTEX_POINT('',#19375);
#5807=VERTEX_POINT('',#19379);
#5808=VERTEX_POINT('',#19381);
#5809=VERTEX_POINT('',#19385);
#5810=VERTEX_POINT('',#19387);
#5811=VERTEX_POINT('',#19389);
#5812=VERTEX_POINT('',#19391);
#5813=VERTEX_POINT('',#19395);
#5814=VERTEX_POINT('',#19397);
#5815=VERTEX_POINT('',#19399);
#5816=VERTEX_POINT('',#19403);
#5817=VERTEX_POINT('',#19405);
#5818=VERTEX_POINT('',#19409);
#5819=VERTEX_POINT('',#19413);
#5820=VERTEX_POINT('',#19415);
#5821=VERTEX_POINT('',#19419);
#5822=VERTEX_POINT('',#19421);
#5823=VERTEX_POINT('',#19425);
#5824=VERTEX_POINT('',#19426);
#5825=VERTEX_POINT('',#19431);
#5826=VERTEX_POINT('',#19435);
#5827=VERTEX_POINT('',#19439);
#5828=VERTEX_POINT('',#19443);
#5829=VERTEX_POINT('',#19454);
#5830=VERTEX_POINT('',#19455);
#5831=VERTEX_POINT('',#19457);
#5832=VERTEX_POINT('',#19459);
#5833=VERTEX_POINT('',#19462);
#5834=VERTEX_POINT('',#19463);
#5835=VERTEX_POINT('',#19465);
#5836=VERTEX_POINT('',#19467);
#5837=VERTEX_POINT('',#19471);
#5838=VERTEX_POINT('',#19473);
#5839=VERTEX_POINT('',#19477);
#5840=VERTEX_POINT('',#19479);
#5841=VERTEX_POINT('',#19483);
#5842=VERTEX_POINT('',#19485);
#5843=VERTEX_POINT('',#19487);
#5844=VERTEX_POINT('',#19489);
#5845=VERTEX_POINT('',#19493);
#5846=VERTEX_POINT('',#19495);
#5847=VERTEX_POINT('',#19497);
#5848=VERTEX_POINT('',#19501);
#5849=VERTEX_POINT('',#19503);
#5850=VERTEX_POINT('',#19507);
#5851=VERTEX_POINT('',#19511);
#5852=VERTEX_POINT('',#19513);
#5853=VERTEX_POINT('',#19517);
#5854=VERTEX_POINT('',#19519);
#5855=VERTEX_POINT('',#19523);
#5856=VERTEX_POINT('',#19524);
#5857=VERTEX_POINT('',#19529);
#5858=VERTEX_POINT('',#19533);
#5859=VERTEX_POINT('',#19537);
#5860=VERTEX_POINT('',#19541);
#5861=VERTEX_POINT('',#19552);
#5862=VERTEX_POINT('',#19553);
#5863=VERTEX_POINT('',#19555);
#5864=VERTEX_POINT('',#19557);
#5865=VERTEX_POINT('',#19560);
#5866=VERTEX_POINT('',#19561);
#5867=VERTEX_POINT('',#19563);
#5868=VERTEX_POINT('',#19565);
#5869=VERTEX_POINT('',#19569);
#5870=VERTEX_POINT('',#19571);
#5871=VERTEX_POINT('',#19575);
#5872=VERTEX_POINT('',#19577);
#5873=VERTEX_POINT('',#19581);
#5874=VERTEX_POINT('',#19583);
#5875=VERTEX_POINT('',#19585);
#5876=VERTEX_POINT('',#19587);
#5877=VERTEX_POINT('',#19591);
#5878=VERTEX_POINT('',#19593);
#5879=VERTEX_POINT('',#19595);
#5880=VERTEX_POINT('',#19599);
#5881=VERTEX_POINT('',#19601);
#5882=VERTEX_POINT('',#19605);
#5883=VERTEX_POINT('',#19609);
#5884=VERTEX_POINT('',#19611);
#5885=VERTEX_POINT('',#19615);
#5886=VERTEX_POINT('',#19617);
#5887=VERTEX_POINT('',#19621);
#5888=VERTEX_POINT('',#19622);
#5889=VERTEX_POINT('',#19627);
#5890=VERTEX_POINT('',#19631);
#5891=VERTEX_POINT('',#19635);
#5892=VERTEX_POINT('',#19639);
#5893=VERTEX_POINT('',#19650);
#5894=VERTEX_POINT('',#19651);
#5895=VERTEX_POINT('',#19653);
#5896=VERTEX_POINT('',#19655);
#5897=VERTEX_POINT('',#19658);
#5898=VERTEX_POINT('',#19659);
#5899=VERTEX_POINT('',#19661);
#5900=VERTEX_POINT('',#19663);
#5901=VERTEX_POINT('',#19667);
#5902=VERTEX_POINT('',#19669);
#5903=VERTEX_POINT('',#19673);
#5904=VERTEX_POINT('',#19675);
#5905=VERTEX_POINT('',#19679);
#5906=VERTEX_POINT('',#19681);
#5907=VERTEX_POINT('',#19683);
#5908=VERTEX_POINT('',#19685);
#5909=VERTEX_POINT('',#19689);
#5910=VERTEX_POINT('',#19691);
#5911=VERTEX_POINT('',#19693);
#5912=VERTEX_POINT('',#19697);
#5913=VERTEX_POINT('',#19699);
#5914=VERTEX_POINT('',#19703);
#5915=VERTEX_POINT('',#19707);
#5916=VERTEX_POINT('',#19709);
#5917=VERTEX_POINT('',#19713);
#5918=VERTEX_POINT('',#19715);
#5919=VERTEX_POINT('',#19719);
#5920=VERTEX_POINT('',#19720);
#5921=VERTEX_POINT('',#19725);
#5922=VERTEX_POINT('',#19729);
#5923=VERTEX_POINT('',#19733);
#5924=VERTEX_POINT('',#19737);
#5925=VERTEX_POINT('',#19748);
#5926=VERTEX_POINT('',#19749);
#5927=VERTEX_POINT('',#19751);
#5928=VERTEX_POINT('',#19753);
#5929=VERTEX_POINT('',#19756);
#5930=VERTEX_POINT('',#19757);
#5931=VERTEX_POINT('',#19759);
#5932=VERTEX_POINT('',#19761);
#5933=VERTEX_POINT('',#19765);
#5934=VERTEX_POINT('',#19767);
#5935=VERTEX_POINT('',#19771);
#5936=VERTEX_POINT('',#19773);
#5937=VERTEX_POINT('',#19777);
#5938=VERTEX_POINT('',#19779);
#5939=VERTEX_POINT('',#19781);
#5940=VERTEX_POINT('',#19783);
#5941=VERTEX_POINT('',#19787);
#5942=VERTEX_POINT('',#19789);
#5943=VERTEX_POINT('',#19791);
#5944=VERTEX_POINT('',#19795);
#5945=VERTEX_POINT('',#19797);
#5946=VERTEX_POINT('',#19801);
#5947=VERTEX_POINT('',#19805);
#5948=VERTEX_POINT('',#19807);
#5949=VERTEX_POINT('',#19811);
#5950=VERTEX_POINT('',#19813);
#5951=VERTEX_POINT('',#19817);
#5952=VERTEX_POINT('',#19818);
#5953=VERTEX_POINT('',#19823);
#5954=VERTEX_POINT('',#19827);
#5955=VERTEX_POINT('',#19831);
#5956=VERTEX_POINT('',#19835);
#5957=VERTEX_POINT('',#19846);
#5958=VERTEX_POINT('',#19847);
#5959=VERTEX_POINT('',#19849);
#5960=VERTEX_POINT('',#19851);
#5961=VERTEX_POINT('',#19854);
#5962=VERTEX_POINT('',#19855);
#5963=VERTEX_POINT('',#19857);
#5964=VERTEX_POINT('',#19859);
#5965=VERTEX_POINT('',#19863);
#5966=VERTEX_POINT('',#19865);
#5967=VERTEX_POINT('',#19869);
#5968=VERTEX_POINT('',#19871);
#5969=VERTEX_POINT('',#19875);
#5970=VERTEX_POINT('',#19877);
#5971=VERTEX_POINT('',#19879);
#5972=VERTEX_POINT('',#19881);
#5973=VERTEX_POINT('',#19885);
#5974=VERTEX_POINT('',#19887);
#5975=VERTEX_POINT('',#19889);
#5976=VERTEX_POINT('',#19893);
#5977=VERTEX_POINT('',#19895);
#5978=VERTEX_POINT('',#19899);
#5979=VERTEX_POINT('',#19903);
#5980=VERTEX_POINT('',#19905);
#5981=VERTEX_POINT('',#19909);
#5982=VERTEX_POINT('',#19911);
#5983=VERTEX_POINT('',#19915);
#5984=VERTEX_POINT('',#19916);
#5985=VERTEX_POINT('',#19921);
#5986=VERTEX_POINT('',#19925);
#5987=VERTEX_POINT('',#19929);
#5988=VERTEX_POINT('',#19933);
#5989=VERTEX_POINT('',#19944);
#5990=VERTEX_POINT('',#19945);
#5991=VERTEX_POINT('',#19947);
#5992=VERTEX_POINT('',#19949);
#5993=VERTEX_POINT('',#19952);
#5994=VERTEX_POINT('',#19953);
#5995=VERTEX_POINT('',#19955);
#5996=VERTEX_POINT('',#19957);
#5997=VERTEX_POINT('',#19961);
#5998=VERTEX_POINT('',#19963);
#5999=VERTEX_POINT('',#19967);
#6000=VERTEX_POINT('',#19969);
#6001=VERTEX_POINT('',#19973);
#6002=VERTEX_POINT('',#19975);
#6003=VERTEX_POINT('',#19977);
#6004=VERTEX_POINT('',#19979);
#6005=VERTEX_POINT('',#19983);
#6006=VERTEX_POINT('',#19985);
#6007=VERTEX_POINT('',#19987);
#6008=VERTEX_POINT('',#19991);
#6009=VERTEX_POINT('',#19993);
#6010=VERTEX_POINT('',#19997);
#6011=VERTEX_POINT('',#20001);
#6012=VERTEX_POINT('',#20003);
#6013=VERTEX_POINT('',#20007);
#6014=VERTEX_POINT('',#20009);
#6015=VERTEX_POINT('',#20013);
#6016=VERTEX_POINT('',#20014);
#6017=VERTEX_POINT('',#20019);
#6018=VERTEX_POINT('',#20023);
#6019=VERTEX_POINT('',#20027);
#6020=VERTEX_POINT('',#20031);
#6021=VERTEX_POINT('',#20042);
#6022=VERTEX_POINT('',#20043);
#6023=VERTEX_POINT('',#20045);
#6024=VERTEX_POINT('',#20047);
#6025=VERTEX_POINT('',#20050);
#6026=VERTEX_POINT('',#20051);
#6027=VERTEX_POINT('',#20053);
#6028=VERTEX_POINT('',#20055);
#6029=VERTEX_POINT('',#20059);
#6030=VERTEX_POINT('',#20061);
#6031=VERTEX_POINT('',#20065);
#6032=VERTEX_POINT('',#20067);
#6033=VERTEX_POINT('',#20071);
#6034=VERTEX_POINT('',#20073);
#6035=VERTEX_POINT('',#20075);
#6036=VERTEX_POINT('',#20077);
#6037=VERTEX_POINT('',#20081);
#6038=VERTEX_POINT('',#20083);
#6039=VERTEX_POINT('',#20085);
#6040=VERTEX_POINT('',#20089);
#6041=VERTEX_POINT('',#20091);
#6042=VERTEX_POINT('',#20095);
#6043=VERTEX_POINT('',#20099);
#6044=VERTEX_POINT('',#20101);
#6045=VERTEX_POINT('',#20105);
#6046=VERTEX_POINT('',#20107);
#6047=VERTEX_POINT('',#20111);
#6048=VERTEX_POINT('',#20112);
#6049=VERTEX_POINT('',#20117);
#6050=VERTEX_POINT('',#20121);
#6051=VERTEX_POINT('',#20125);
#6052=VERTEX_POINT('',#20129);
#6053=VERTEX_POINT('',#20140);
#6054=VERTEX_POINT('',#20141);
#6055=VERTEX_POINT('',#20143);
#6056=VERTEX_POINT('',#20145);
#6057=VERTEX_POINT('',#20148);
#6058=VERTEX_POINT('',#20149);
#6059=VERTEX_POINT('',#20151);
#6060=VERTEX_POINT('',#20153);
#6061=VERTEX_POINT('',#20157);
#6062=VERTEX_POINT('',#20159);
#6063=VERTEX_POINT('',#20163);
#6064=VERTEX_POINT('',#20165);
#6065=VERTEX_POINT('',#20169);
#6066=VERTEX_POINT('',#20171);
#6067=VERTEX_POINT('',#20173);
#6068=VERTEX_POINT('',#20175);
#6069=VERTEX_POINT('',#20179);
#6070=VERTEX_POINT('',#20181);
#6071=VERTEX_POINT('',#20183);
#6072=VERTEX_POINT('',#20187);
#6073=VERTEX_POINT('',#20189);
#6074=VERTEX_POINT('',#20193);
#6075=VERTEX_POINT('',#20197);
#6076=VERTEX_POINT('',#20199);
#6077=VERTEX_POINT('',#20203);
#6078=VERTEX_POINT('',#20205);
#6079=VERTEX_POINT('',#20209);
#6080=VERTEX_POINT('',#20210);
#6081=VERTEX_POINT('',#20215);
#6082=VERTEX_POINT('',#20219);
#6083=VERTEX_POINT('',#20223);
#6084=VERTEX_POINT('',#20227);
#6085=VERTEX_POINT('',#20238);
#6086=VERTEX_POINT('',#20239);
#6087=VERTEX_POINT('',#20241);
#6088=VERTEX_POINT('',#20243);
#6089=VERTEX_POINT('',#20246);
#6090=VERTEX_POINT('',#20247);
#6091=VERTEX_POINT('',#20249);
#6092=VERTEX_POINT('',#20251);
#6093=VERTEX_POINT('',#20255);
#6094=VERTEX_POINT('',#20257);
#6095=VERTEX_POINT('',#20261);
#6096=VERTEX_POINT('',#20263);
#6097=VERTEX_POINT('',#20267);
#6098=VERTEX_POINT('',#20269);
#6099=VERTEX_POINT('',#20271);
#6100=VERTEX_POINT('',#20273);
#6101=VERTEX_POINT('',#20277);
#6102=VERTEX_POINT('',#20279);
#6103=VERTEX_POINT('',#20281);
#6104=VERTEX_POINT('',#20285);
#6105=VERTEX_POINT('',#20287);
#6106=VERTEX_POINT('',#20291);
#6107=VERTEX_POINT('',#20295);
#6108=VERTEX_POINT('',#20297);
#6109=VERTEX_POINT('',#20301);
#6110=VERTEX_POINT('',#20303);
#6111=VERTEX_POINT('',#20307);
#6112=VERTEX_POINT('',#20308);
#6113=VERTEX_POINT('',#20313);
#6114=VERTEX_POINT('',#20317);
#6115=VERTEX_POINT('',#20321);
#6116=VERTEX_POINT('',#20325);
#6117=VERTEX_POINT('',#20336);
#6118=VERTEX_POINT('',#20337);
#6119=VERTEX_POINT('',#20339);
#6120=VERTEX_POINT('',#20341);
#6121=VERTEX_POINT('',#20344);
#6122=VERTEX_POINT('',#20345);
#6123=VERTEX_POINT('',#20347);
#6124=VERTEX_POINT('',#20349);
#6125=VERTEX_POINT('',#20353);
#6126=VERTEX_POINT('',#20355);
#6127=VERTEX_POINT('',#20359);
#6128=VERTEX_POINT('',#20361);
#6129=VERTEX_POINT('',#20365);
#6130=VERTEX_POINT('',#20367);
#6131=VERTEX_POINT('',#20369);
#6132=VERTEX_POINT('',#20371);
#6133=VERTEX_POINT('',#20375);
#6134=VERTEX_POINT('',#20377);
#6135=VERTEX_POINT('',#20379);
#6136=VERTEX_POINT('',#20383);
#6137=VERTEX_POINT('',#20385);
#6138=VERTEX_POINT('',#20389);
#6139=VERTEX_POINT('',#20393);
#6140=VERTEX_POINT('',#20395);
#6141=VERTEX_POINT('',#20399);
#6142=VERTEX_POINT('',#20401);
#6143=VERTEX_POINT('',#20405);
#6144=VERTEX_POINT('',#20406);
#6145=VERTEX_POINT('',#20411);
#6146=VERTEX_POINT('',#20415);
#6147=VERTEX_POINT('',#20419);
#6148=VERTEX_POINT('',#20423);
#6149=VERTEX_POINT('',#20434);
#6150=VERTEX_POINT('',#20435);
#6151=VERTEX_POINT('',#20437);
#6152=VERTEX_POINT('',#20439);
#6153=VERTEX_POINT('',#20442);
#6154=VERTEX_POINT('',#20443);
#6155=VERTEX_POINT('',#20445);
#6156=VERTEX_POINT('',#20447);
#6157=VERTEX_POINT('',#20451);
#6158=VERTEX_POINT('',#20453);
#6159=VERTEX_POINT('',#20457);
#6160=VERTEX_POINT('',#20459);
#6161=VERTEX_POINT('',#20463);
#6162=VERTEX_POINT('',#20465);
#6163=VERTEX_POINT('',#20467);
#6164=VERTEX_POINT('',#20469);
#6165=VERTEX_POINT('',#20473);
#6166=VERTEX_POINT('',#20475);
#6167=VERTEX_POINT('',#20477);
#6168=VERTEX_POINT('',#20481);
#6169=VERTEX_POINT('',#20483);
#6170=VERTEX_POINT('',#20487);
#6171=VERTEX_POINT('',#20491);
#6172=VERTEX_POINT('',#20493);
#6173=VERTEX_POINT('',#20497);
#6174=VERTEX_POINT('',#20499);
#6175=VERTEX_POINT('',#20503);
#6176=VERTEX_POINT('',#20504);
#6177=VERTEX_POINT('',#20509);
#6178=VERTEX_POINT('',#20513);
#6179=VERTEX_POINT('',#20517);
#6180=VERTEX_POINT('',#20521);
#6181=VERTEX_POINT('',#20532);
#6182=VERTEX_POINT('',#20533);
#6183=VERTEX_POINT('',#20535);
#6184=VERTEX_POINT('',#20537);
#6185=VERTEX_POINT('',#20540);
#6186=VERTEX_POINT('',#20541);
#6187=VERTEX_POINT('',#20543);
#6188=VERTEX_POINT('',#20545);
#6189=VERTEX_POINT('',#20549);
#6190=VERTEX_POINT('',#20551);
#6191=VERTEX_POINT('',#20555);
#6192=VERTEX_POINT('',#20557);
#6193=VERTEX_POINT('',#20561);
#6194=VERTEX_POINT('',#20563);
#6195=VERTEX_POINT('',#20565);
#6196=VERTEX_POINT('',#20567);
#6197=VERTEX_POINT('',#20571);
#6198=VERTEX_POINT('',#20573);
#6199=VERTEX_POINT('',#20575);
#6200=VERTEX_POINT('',#20579);
#6201=VERTEX_POINT('',#20581);
#6202=VERTEX_POINT('',#20585);
#6203=VERTEX_POINT('',#20589);
#6204=VERTEX_POINT('',#20591);
#6205=VERTEX_POINT('',#20595);
#6206=VERTEX_POINT('',#20597);
#6207=VERTEX_POINT('',#20601);
#6208=VERTEX_POINT('',#20602);
#6209=VERTEX_POINT('',#20607);
#6210=VERTEX_POINT('',#20611);
#6211=VERTEX_POINT('',#20615);
#6212=VERTEX_POINT('',#20619);
#6213=EDGE_CURVE('',#5093,#5094,#1733,.T.);
#6214=EDGE_CURVE('',#5094,#5095,#1734,.T.);
#6215=EDGE_CURVE('',#5095,#5096,#1735,.T.);
#6216=EDGE_CURVE('',#5096,#5093,#1736,.T.);
#6217=EDGE_CURVE('',#5097,#5095,#1737,.T.);
#6218=EDGE_CURVE('',#5094,#5098,#1738,.T.);
#6219=EDGE_CURVE('',#5098,#5097,#1739,.T.);
#6220=EDGE_CURVE('',#5099,#5097,#1740,.T.);
#6221=EDGE_CURVE('',#5098,#5100,#1741,.T.);
#6222=EDGE_CURVE('',#5100,#5099,#1742,.T.);
#6223=EDGE_CURVE('',#5096,#5099,#1743,.T.);
#6224=EDGE_CURVE('',#5100,#5093,#1744,.T.);
#6225=EDGE_CURVE('',#5096,#5101,#1745,.T.);
#6226=EDGE_CURVE('',#5102,#5101,#1746,.T.);
#6227=EDGE_CURVE('',#5099,#5102,#1747,.T.);
#6228=EDGE_CURVE('',#5095,#5103,#1748,.T.);
#6229=EDGE_CURVE('',#5103,#5104,#173,.T.);
#6230=EDGE_CURVE('',#5104,#5105,#1749,.T.);
#6231=EDGE_CURVE('',#5106,#5105,#1750,.T.);
#6232=EDGE_CURVE('',#5107,#5106,#1751,.T.);
#6233=EDGE_CURVE('',#5101,#5107,#174,.T.);
#6234=EDGE_CURVE('',#5108,#5109,#1752,.T.);
#6235=EDGE_CURVE('',#5109,#5110,#1753,.T.);
#6236=EDGE_CURVE('',#5110,#5111,#1754,.T.);
#6237=EDGE_CURVE('',#5108,#5111,#1755,.T.);
#6238=EDGE_CURVE('',#5109,#5112,#1756,.T.);
#6239=EDGE_CURVE('',#5112,#5105,#1757,.T.);
#6240=EDGE_CURVE('',#5105,#5110,#1758,.T.);
#6241=EDGE_CURVE('',#5112,#5113,#1759,.T.);
#6242=EDGE_CURVE('',#5113,#5106,#1760,.T.);
#6243=EDGE_CURVE('',#5111,#5106,#1761,.T.);
#6244=EDGE_CURVE('',#5113,#5108,#1762,.T.);
#6245=EDGE_CURVE('',#5114,#5111,#1763,.T.);
#6246=EDGE_CURVE('',#5114,#5107,#1764,.T.);
#6247=EDGE_CURVE('',#5102,#5114,#175,.T.);
#6248=EDGE_CURVE('',#5115,#5110,#1765,.T.);
#6249=EDGE_CURVE('',#5116,#5115,#176,.T.);
#6250=EDGE_CURVE('',#5097,#5116,#1766,.T.);
#6251=EDGE_CURVE('',#5104,#5115,#1767,.T.);
#6252=EDGE_CURVE('',#5103,#5116,#1768,.T.);
#6253=EDGE_CURVE('',#5117,#5118,#1769,.T.);
#6254=EDGE_CURVE('',#5117,#5119,#1770,.T.);
#6255=EDGE_CURVE('',#5120,#5119,#1771,.T.);
#6256=EDGE_CURVE('',#5118,#5120,#1772,.T.);
#6257=EDGE_CURVE('',#5121,#5122,#1773,.T.);
#6258=EDGE_CURVE('',#5123,#5121,#1774,.T.);
#6259=EDGE_CURVE('',#5124,#5123,#1775,.T.);
#6260=EDGE_CURVE('',#5122,#5124,#1776,.T.);
#6261=EDGE_CURVE('',#5125,#5117,#1777,.T.);
#6262=EDGE_CURVE('',#5126,#5125,#1778,.T.);
#6263=EDGE_CURVE('',#5119,#5126,#1779,.T.);
#6264=EDGE_CURVE('',#5118,#5127,#1780,.T.);
#6265=EDGE_CURVE('',#5128,#5120,#1781,.T.);
#6266=EDGE_CURVE('',#5127,#5128,#1782,.T.);
#6267=EDGE_CURVE('',#5129,#5126,#1783,.T.);
#6268=EDGE_CURVE('',#5130,#5129,#1784,.T.);
#6269=EDGE_CURVE('',#5131,#5130,#1785,.T.);
#6270=EDGE_CURVE('',#5132,#5131,#1786,.T.);
#6271=EDGE_CURVE('',#5128,#5132,#1787,.T.);
#6272=EDGE_CURVE('',#5125,#5133,#1788,.T.);
#6273=EDGE_CURVE('',#5134,#5133,#1789,.T.);
#6274=EDGE_CURVE('',#5134,#5135,#1790,.T.);
#6275=EDGE_CURVE('',#5129,#5135,#1791,.T.);
#6276=EDGE_CURVE('',#5123,#5136,#1792,.T.);
#6277=EDGE_CURVE('',#5137,#5136,#1793,.T.);
#6278=EDGE_CURVE('',#5124,#5137,#1794,.T.);
#6279=EDGE_CURVE('',#5121,#5138,#1795,.T.);
#6280=EDGE_CURVE('',#5136,#5138,#1796,.T.);
#6281=EDGE_CURVE('',#5131,#5139,#1797,.T.);
#6282=EDGE_CURVE('',#5139,#5140,#1798,.T.);
#6283=EDGE_CURVE('',#5140,#5132,#1799,.T.);
#6284=EDGE_CURVE('',#5140,#5141,#1800,.T.);
#6285=EDGE_CURVE('',#5142,#5141,#1801,.T.);
#6286=EDGE_CURVE('',#5142,#5127,#1802,.T.);
#6287=EDGE_CURVE('',#5143,#5144,#1803,.T.);
#6288=EDGE_CURVE('',#5144,#5142,#1804,.T.);
#6289=EDGE_CURVE('',#5141,#5143,#1805,.T.);
#6290=EDGE_CURVE('',#5145,#5144,#1806,.T.);
#6291=EDGE_CURVE('',#5133,#5145,#1807,.T.);
#6292=EDGE_CURVE('',#5145,#5146,#1808,.T.);
#6293=EDGE_CURVE('',#5146,#5134,#1809,.T.);
#6294=EDGE_CURVE('',#5147,#5130,#1810,.T.);
#6295=EDGE_CURVE('',#5135,#5147,#1811,.T.);
#6296=EDGE_CURVE('',#5122,#5148,#1812,.T.);
#6297=EDGE_CURVE('',#5138,#5148,#1813,.T.);
#6298=EDGE_CURVE('',#5148,#5137,#1814,.T.);
#6299=EDGE_CURVE('',#5147,#5146,#1815,.T.);
#6300=EDGE_CURVE('',#5143,#5139,#1816,.T.);
#6301=EDGE_CURVE('',#5149,#5150,#1817,.T.);
#6302=EDGE_CURVE('',#5150,#5151,#1818,.T.);
#6303=EDGE_CURVE('',#5151,#5152,#1819,.T.);
#6304=EDGE_CURVE('',#5152,#5149,#1820,.T.);
#6305=EDGE_CURVE('',#5153,#5151,#1821,.T.);
#6306=EDGE_CURVE('',#5150,#5154,#1822,.T.);
#6307=EDGE_CURVE('',#5154,#5153,#1823,.T.);
#6308=EDGE_CURVE('',#5155,#5153,#1824,.T.);
#6309=EDGE_CURVE('',#5154,#5156,#1825,.T.);
#6310=EDGE_CURVE('',#5156,#5155,#1826,.T.);
#6311=EDGE_CURVE('',#5152,#5155,#1827,.T.);
#6312=EDGE_CURVE('',#5156,#5149,#1828,.T.);
#6313=EDGE_CURVE('',#5152,#5157,#1829,.T.);
#6314=EDGE_CURVE('',#5158,#5157,#1830,.T.);
#6315=EDGE_CURVE('',#5155,#5158,#1831,.T.);
#6316=EDGE_CURVE('',#5151,#5159,#1832,.T.);
#6317=EDGE_CURVE('',#5159,#5160,#177,.T.);
#6318=EDGE_CURVE('',#5160,#5161,#1833,.T.);
#6319=EDGE_CURVE('',#5162,#5161,#1834,.T.);
#6320=EDGE_CURVE('',#5163,#5162,#1835,.T.);
#6321=EDGE_CURVE('',#5157,#5163,#178,.T.);
#6322=EDGE_CURVE('',#5164,#5165,#1836,.T.);
#6323=EDGE_CURVE('',#5165,#5166,#1837,.T.);
#6324=EDGE_CURVE('',#5166,#5167,#1838,.T.);
#6325=EDGE_CURVE('',#5164,#5167,#1839,.T.);
#6326=EDGE_CURVE('',#5165,#5168,#1840,.T.);
#6327=EDGE_CURVE('',#5168,#5161,#1841,.T.);
#6328=EDGE_CURVE('',#5161,#5166,#1842,.T.);
#6329=EDGE_CURVE('',#5168,#5169,#1843,.T.);
#6330=EDGE_CURVE('',#5169,#5162,#1844,.T.);
#6331=EDGE_CURVE('',#5167,#5162,#1845,.T.);
#6332=EDGE_CURVE('',#5169,#5164,#1846,.T.);
#6333=EDGE_CURVE('',#5170,#5167,#1847,.T.);
#6334=EDGE_CURVE('',#5170,#5163,#1848,.T.);
#6335=EDGE_CURVE('',#5158,#5170,#179,.T.);
#6336=EDGE_CURVE('',#5171,#5166,#1849,.T.);
#6337=EDGE_CURVE('',#5172,#5171,#180,.T.);
#6338=EDGE_CURVE('',#5153,#5172,#1850,.T.);
#6339=EDGE_CURVE('',#5160,#5171,#1851,.T.);
#6340=EDGE_CURVE('',#5159,#5172,#1852,.T.);
#6341=EDGE_CURVE('',#5173,#5174,#1853,.T.);
#6342=EDGE_CURVE('',#5174,#5175,#1854,.T.);
#6343=EDGE_CURVE('',#5175,#5176,#1855,.T.);
#6344=EDGE_CURVE('',#5176,#5173,#1856,.T.);
#6345=EDGE_CURVE('',#5177,#5175,#1857,.T.);
#6346=EDGE_CURVE('',#5174,#5178,#1858,.T.);
#6347=EDGE_CURVE('',#5178,#5177,#1859,.T.);
#6348=EDGE_CURVE('',#5179,#5177,#1860,.T.);
#6349=EDGE_CURVE('',#5178,#5180,#1861,.T.);
#6350=EDGE_CURVE('',#5180,#5179,#1862,.T.);
#6351=EDGE_CURVE('',#5176,#5179,#1863,.T.);
#6352=EDGE_CURVE('',#5180,#5173,#1864,.T.);
#6353=EDGE_CURVE('',#5176,#5181,#1865,.T.);
#6354=EDGE_CURVE('',#5182,#5181,#1866,.T.);
#6355=EDGE_CURVE('',#5179,#5182,#1867,.T.);
#6356=EDGE_CURVE('',#5175,#5183,#1868,.T.);
#6357=EDGE_CURVE('',#5183,#5184,#181,.T.);
#6358=EDGE_CURVE('',#5184,#5185,#1869,.T.);
#6359=EDGE_CURVE('',#5186,#5185,#1870,.T.);
#6360=EDGE_CURVE('',#5187,#5186,#1871,.T.);
#6361=EDGE_CURVE('',#5181,#5187,#182,.T.);
#6362=EDGE_CURVE('',#5188,#5189,#1872,.T.);
#6363=EDGE_CURVE('',#5189,#5190,#1873,.T.);
#6364=EDGE_CURVE('',#5190,#5191,#1874,.T.);
#6365=EDGE_CURVE('',#5188,#5191,#1875,.T.);
#6366=EDGE_CURVE('',#5189,#5192,#1876,.T.);
#6367=EDGE_CURVE('',#5192,#5185,#1877,.T.);
#6368=EDGE_CURVE('',#5185,#5190,#1878,.T.);
#6369=EDGE_CURVE('',#5192,#5193,#1879,.T.);
#6370=EDGE_CURVE('',#5193,#5186,#1880,.T.);
#6371=EDGE_CURVE('',#5191,#5186,#1881,.T.);
#6372=EDGE_CURVE('',#5193,#5188,#1882,.T.);
#6373=EDGE_CURVE('',#5194,#5191,#1883,.T.);
#6374=EDGE_CURVE('',#5194,#5187,#1884,.T.);
#6375=EDGE_CURVE('',#5182,#5194,#183,.T.);
#6376=EDGE_CURVE('',#5195,#5190,#1885,.T.);
#6377=EDGE_CURVE('',#5196,#5195,#184,.T.);
#6378=EDGE_CURVE('',#5177,#5196,#1886,.T.);
#6379=EDGE_CURVE('',#5184,#5195,#1887,.T.);
#6380=EDGE_CURVE('',#5183,#5196,#1888,.T.);
#6381=EDGE_CURVE('',#5197,#5198,#1889,.T.);
#6382=EDGE_CURVE('',#5198,#5199,#1890,.T.);
#6383=EDGE_CURVE('',#5199,#5200,#1891,.T.);
#6384=EDGE_CURVE('',#5200,#5197,#1892,.T.);
#6385=EDGE_CURVE('',#5201,#5199,#1893,.T.);
#6386=EDGE_CURVE('',#5198,#5202,#1894,.T.);
#6387=EDGE_CURVE('',#5202,#5201,#1895,.T.);
#6388=EDGE_CURVE('',#5203,#5201,#1896,.T.);
#6389=EDGE_CURVE('',#5202,#5204,#1897,.T.);
#6390=EDGE_CURVE('',#5204,#5203,#1898,.T.);
#6391=EDGE_CURVE('',#5200,#5203,#1899,.T.);
#6392=EDGE_CURVE('',#5204,#5197,#1900,.T.);
#6393=EDGE_CURVE('',#5200,#5205,#1901,.T.);
#6394=EDGE_CURVE('',#5206,#5205,#1902,.T.);
#6395=EDGE_CURVE('',#5203,#5206,#1903,.T.);
#6396=EDGE_CURVE('',#5199,#5207,#1904,.T.);
#6397=EDGE_CURVE('',#5207,#5208,#185,.T.);
#6398=EDGE_CURVE('',#5208,#5209,#1905,.T.);
#6399=EDGE_CURVE('',#5210,#5209,#1906,.T.);
#6400=EDGE_CURVE('',#5211,#5210,#1907,.T.);
#6401=EDGE_CURVE('',#5205,#5211,#186,.T.);
#6402=EDGE_CURVE('',#5212,#5213,#1908,.T.);
#6403=EDGE_CURVE('',#5213,#5214,#1909,.T.);
#6404=EDGE_CURVE('',#5214,#5215,#1910,.T.);
#6405=EDGE_CURVE('',#5212,#5215,#1911,.T.);
#6406=EDGE_CURVE('',#5213,#5216,#1912,.T.);
#6407=EDGE_CURVE('',#5216,#5209,#1913,.T.);
#6408=EDGE_CURVE('',#5209,#5214,#1914,.T.);
#6409=EDGE_CURVE('',#5216,#5217,#1915,.T.);
#6410=EDGE_CURVE('',#5217,#5210,#1916,.T.);
#6411=EDGE_CURVE('',#5215,#5210,#1917,.T.);
#6412=EDGE_CURVE('',#5217,#5212,#1918,.T.);
#6413=EDGE_CURVE('',#5218,#5215,#1919,.T.);
#6414=EDGE_CURVE('',#5218,#5211,#1920,.T.);
#6415=EDGE_CURVE('',#5206,#5218,#187,.T.);
#6416=EDGE_CURVE('',#5219,#5214,#1921,.T.);
#6417=EDGE_CURVE('',#5220,#5219,#188,.T.);
#6418=EDGE_CURVE('',#5201,#5220,#1922,.T.);
#6419=EDGE_CURVE('',#5208,#5219,#1923,.T.);
#6420=EDGE_CURVE('',#5207,#5220,#1924,.T.);
#6421=EDGE_CURVE('',#5221,#5222,#1925,.T.);
#6422=EDGE_CURVE('',#5222,#5223,#1926,.T.);
#6423=EDGE_CURVE('',#5223,#5224,#1927,.T.);
#6424=EDGE_CURVE('',#5224,#5221,#1928,.T.);
#6425=EDGE_CURVE('',#5225,#5223,#1929,.T.);
#6426=EDGE_CURVE('',#5222,#5226,#1930,.T.);
#6427=EDGE_CURVE('',#5226,#5225,#1931,.T.);
#6428=EDGE_CURVE('',#5227,#5225,#1932,.T.);
#6429=EDGE_CURVE('',#5226,#5228,#1933,.T.);
#6430=EDGE_CURVE('',#5228,#5227,#1934,.T.);
#6431=EDGE_CURVE('',#5224,#5227,#1935,.T.);
#6432=EDGE_CURVE('',#5228,#5221,#1936,.T.);
#6433=EDGE_CURVE('',#5224,#5229,#1937,.T.);
#6434=EDGE_CURVE('',#5230,#5229,#1938,.T.);
#6435=EDGE_CURVE('',#5227,#5230,#1939,.T.);
#6436=EDGE_CURVE('',#5223,#5231,#1940,.T.);
#6437=EDGE_CURVE('',#5231,#5232,#189,.T.);
#6438=EDGE_CURVE('',#5232,#5233,#1941,.T.);
#6439=EDGE_CURVE('',#5234,#5233,#1942,.T.);
#6440=EDGE_CURVE('',#5235,#5234,#1943,.T.);
#6441=EDGE_CURVE('',#5229,#5235,#190,.T.);
#6442=EDGE_CURVE('',#5236,#5237,#1944,.T.);
#6443=EDGE_CURVE('',#5237,#5238,#1945,.T.);
#6444=EDGE_CURVE('',#5238,#5239,#1946,.T.);
#6445=EDGE_CURVE('',#5236,#5239,#1947,.T.);
#6446=EDGE_CURVE('',#5237,#5240,#1948,.T.);
#6447=EDGE_CURVE('',#5240,#5233,#1949,.T.);
#6448=EDGE_CURVE('',#5233,#5238,#1950,.T.);
#6449=EDGE_CURVE('',#5240,#5241,#1951,.T.);
#6450=EDGE_CURVE('',#5241,#5234,#1952,.T.);
#6451=EDGE_CURVE('',#5239,#5234,#1953,.T.);
#6452=EDGE_CURVE('',#5241,#5236,#1954,.T.);
#6453=EDGE_CURVE('',#5242,#5239,#1955,.T.);
#6454=EDGE_CURVE('',#5242,#5235,#1956,.T.);
#6455=EDGE_CURVE('',#5230,#5242,#191,.T.);
#6456=EDGE_CURVE('',#5243,#5238,#1957,.T.);
#6457=EDGE_CURVE('',#5244,#5243,#192,.T.);
#6458=EDGE_CURVE('',#5225,#5244,#1958,.T.);
#6459=EDGE_CURVE('',#5232,#5243,#1959,.T.);
#6460=EDGE_CURVE('',#5231,#5244,#1960,.T.);
#6461=EDGE_CURVE('',#5245,#5246,#1961,.T.);
#6462=EDGE_CURVE('',#5246,#5247,#1962,.T.);
#6463=EDGE_CURVE('',#5247,#5248,#1963,.T.);
#6464=EDGE_CURVE('',#5248,#5245,#1964,.T.);
#6465=EDGE_CURVE('',#5249,#5247,#1965,.T.);
#6466=EDGE_CURVE('',#5246,#5250,#1966,.T.);
#6467=EDGE_CURVE('',#5250,#5249,#1967,.T.);
#6468=EDGE_CURVE('',#5251,#5249,#1968,.T.);
#6469=EDGE_CURVE('',#5250,#5252,#1969,.T.);
#6470=EDGE_CURVE('',#5252,#5251,#1970,.T.);
#6471=EDGE_CURVE('',#5248,#5251,#1971,.T.);
#6472=EDGE_CURVE('',#5252,#5245,#1972,.T.);
#6473=EDGE_CURVE('',#5248,#5253,#1973,.T.);
#6474=EDGE_CURVE('',#5254,#5253,#1974,.T.);
#6475=EDGE_CURVE('',#5251,#5254,#1975,.T.);
#6476=EDGE_CURVE('',#5247,#5255,#1976,.T.);
#6477=EDGE_CURVE('',#5255,#5256,#193,.T.);
#6478=EDGE_CURVE('',#5256,#5257,#1977,.T.);
#6479=EDGE_CURVE('',#5258,#5257,#1978,.T.);
#6480=EDGE_CURVE('',#5259,#5258,#1979,.T.);
#6481=EDGE_CURVE('',#5253,#5259,#194,.T.);
#6482=EDGE_CURVE('',#5260,#5261,#1980,.T.);
#6483=EDGE_CURVE('',#5261,#5262,#1981,.T.);
#6484=EDGE_CURVE('',#5262,#5263,#1982,.T.);
#6485=EDGE_CURVE('',#5260,#5263,#1983,.T.);
#6486=EDGE_CURVE('',#5261,#5264,#1984,.T.);
#6487=EDGE_CURVE('',#5264,#5257,#1985,.T.);
#6488=EDGE_CURVE('',#5257,#5262,#1986,.T.);
#6489=EDGE_CURVE('',#5264,#5265,#1987,.T.);
#6490=EDGE_CURVE('',#5265,#5258,#1988,.T.);
#6491=EDGE_CURVE('',#5263,#5258,#1989,.T.);
#6492=EDGE_CURVE('',#5265,#5260,#1990,.T.);
#6493=EDGE_CURVE('',#5266,#5263,#1991,.T.);
#6494=EDGE_CURVE('',#5266,#5259,#1992,.T.);
#6495=EDGE_CURVE('',#5254,#5266,#195,.T.);
#6496=EDGE_CURVE('',#5267,#5262,#1993,.T.);
#6497=EDGE_CURVE('',#5268,#5267,#196,.T.);
#6498=EDGE_CURVE('',#5249,#5268,#1994,.T.);
#6499=EDGE_CURVE('',#5256,#5267,#1995,.T.);
#6500=EDGE_CURVE('',#5255,#5268,#1996,.T.);
#6501=EDGE_CURVE('',#5269,#5270,#1997,.T.);
#6502=EDGE_CURVE('',#5270,#5271,#1998,.T.);
#6503=EDGE_CURVE('',#5271,#5272,#1999,.T.);
#6504=EDGE_CURVE('',#5272,#5269,#2000,.T.);
#6505=EDGE_CURVE('',#5273,#5271,#2001,.T.);
#6506=EDGE_CURVE('',#5270,#5274,#2002,.T.);
#6507=EDGE_CURVE('',#5274,#5273,#2003,.T.);
#6508=EDGE_CURVE('',#5275,#5273,#2004,.T.);
#6509=EDGE_CURVE('',#5274,#5276,#2005,.T.);
#6510=EDGE_CURVE('',#5276,#5275,#2006,.T.);
#6511=EDGE_CURVE('',#5272,#5275,#2007,.T.);
#6512=EDGE_CURVE('',#5276,#5269,#2008,.T.);
#6513=EDGE_CURVE('',#5272,#5277,#2009,.T.);
#6514=EDGE_CURVE('',#5278,#5277,#2010,.T.);
#6515=EDGE_CURVE('',#5275,#5278,#2011,.T.);
#6516=EDGE_CURVE('',#5271,#5279,#2012,.T.);
#6517=EDGE_CURVE('',#5279,#5280,#197,.T.);
#6518=EDGE_CURVE('',#5280,#5281,#2013,.T.);
#6519=EDGE_CURVE('',#5282,#5281,#2014,.T.);
#6520=EDGE_CURVE('',#5283,#5282,#2015,.T.);
#6521=EDGE_CURVE('',#5277,#5283,#198,.T.);
#6522=EDGE_CURVE('',#5284,#5285,#2016,.T.);
#6523=EDGE_CURVE('',#5285,#5286,#2017,.T.);
#6524=EDGE_CURVE('',#5286,#5287,#2018,.T.);
#6525=EDGE_CURVE('',#5284,#5287,#2019,.T.);
#6526=EDGE_CURVE('',#5285,#5288,#2020,.T.);
#6527=EDGE_CURVE('',#5288,#5281,#2021,.T.);
#6528=EDGE_CURVE('',#5281,#5286,#2022,.T.);
#6529=EDGE_CURVE('',#5288,#5289,#2023,.T.);
#6530=EDGE_CURVE('',#5289,#5282,#2024,.T.);
#6531=EDGE_CURVE('',#5287,#5282,#2025,.T.);
#6532=EDGE_CURVE('',#5289,#5284,#2026,.T.);
#6533=EDGE_CURVE('',#5290,#5287,#2027,.T.);
#6534=EDGE_CURVE('',#5290,#5283,#2028,.T.);
#6535=EDGE_CURVE('',#5278,#5290,#199,.T.);
#6536=EDGE_CURVE('',#5291,#5286,#2029,.T.);
#6537=EDGE_CURVE('',#5292,#5291,#200,.T.);
#6538=EDGE_CURVE('',#5273,#5292,#2030,.T.);
#6539=EDGE_CURVE('',#5280,#5291,#2031,.T.);
#6540=EDGE_CURVE('',#5279,#5292,#2032,.T.);
#6541=EDGE_CURVE('',#5293,#5294,#2033,.T.);
#6542=EDGE_CURVE('',#5294,#5295,#2034,.T.);
#6543=EDGE_CURVE('',#5295,#5296,#2035,.T.);
#6544=EDGE_CURVE('',#5296,#5293,#2036,.T.);
#6545=EDGE_CURVE('',#5297,#5295,#2037,.T.);
#6546=EDGE_CURVE('',#5294,#5298,#2038,.T.);
#6547=EDGE_CURVE('',#5298,#5297,#2039,.T.);
#6548=EDGE_CURVE('',#5299,#5297,#2040,.T.);
#6549=EDGE_CURVE('',#5298,#5300,#2041,.T.);
#6550=EDGE_CURVE('',#5300,#5299,#2042,.T.);
#6551=EDGE_CURVE('',#5296,#5299,#2043,.T.);
#6552=EDGE_CURVE('',#5300,#5293,#2044,.T.);
#6553=EDGE_CURVE('',#5296,#5301,#2045,.T.);
#6554=EDGE_CURVE('',#5302,#5301,#2046,.T.);
#6555=EDGE_CURVE('',#5299,#5302,#2047,.T.);
#6556=EDGE_CURVE('',#5295,#5303,#2048,.T.);
#6557=EDGE_CURVE('',#5303,#5304,#201,.T.);
#6558=EDGE_CURVE('',#5304,#5305,#2049,.T.);
#6559=EDGE_CURVE('',#5306,#5305,#2050,.T.);
#6560=EDGE_CURVE('',#5307,#5306,#2051,.T.);
#6561=EDGE_CURVE('',#5301,#5307,#202,.T.);
#6562=EDGE_CURVE('',#5308,#5309,#2052,.T.);
#6563=EDGE_CURVE('',#5309,#5310,#2053,.T.);
#6564=EDGE_CURVE('',#5310,#5311,#2054,.T.);
#6565=EDGE_CURVE('',#5308,#5311,#2055,.T.);
#6566=EDGE_CURVE('',#5309,#5312,#2056,.T.);
#6567=EDGE_CURVE('',#5312,#5305,#2057,.T.);
#6568=EDGE_CURVE('',#5305,#5310,#2058,.T.);
#6569=EDGE_CURVE('',#5312,#5313,#2059,.T.);
#6570=EDGE_CURVE('',#5313,#5306,#2060,.T.);
#6571=EDGE_CURVE('',#5311,#5306,#2061,.T.);
#6572=EDGE_CURVE('',#5313,#5308,#2062,.T.);
#6573=EDGE_CURVE('',#5314,#5311,#2063,.T.);
#6574=EDGE_CURVE('',#5314,#5307,#2064,.T.);
#6575=EDGE_CURVE('',#5302,#5314,#203,.T.);
#6576=EDGE_CURVE('',#5315,#5310,#2065,.T.);
#6577=EDGE_CURVE('',#5316,#5315,#204,.T.);
#6578=EDGE_CURVE('',#5297,#5316,#2066,.T.);
#6579=EDGE_CURVE('',#5304,#5315,#2067,.T.);
#6580=EDGE_CURVE('',#5303,#5316,#2068,.T.);
#6581=EDGE_CURVE('',#5317,#5318,#2069,.T.);
#6582=EDGE_CURVE('',#5318,#5319,#2070,.T.);
#6583=EDGE_CURVE('',#5319,#5320,#2071,.T.);
#6584=EDGE_CURVE('',#5320,#5317,#2072,.T.);
#6585=EDGE_CURVE('',#5321,#5319,#2073,.T.);
#6586=EDGE_CURVE('',#5318,#5322,#2074,.T.);
#6587=EDGE_CURVE('',#5322,#5321,#2075,.T.);
#6588=EDGE_CURVE('',#5323,#5321,#2076,.T.);
#6589=EDGE_CURVE('',#5322,#5324,#2077,.T.);
#6590=EDGE_CURVE('',#5324,#5323,#2078,.T.);
#6591=EDGE_CURVE('',#5320,#5323,#2079,.T.);
#6592=EDGE_CURVE('',#5324,#5317,#2080,.T.);
#6593=EDGE_CURVE('',#5320,#5325,#2081,.T.);
#6594=EDGE_CURVE('',#5326,#5325,#2082,.T.);
#6595=EDGE_CURVE('',#5323,#5326,#2083,.T.);
#6596=EDGE_CURVE('',#5319,#5327,#2084,.T.);
#6597=EDGE_CURVE('',#5327,#5328,#205,.T.);
#6598=EDGE_CURVE('',#5328,#5329,#2085,.T.);
#6599=EDGE_CURVE('',#5330,#5329,#2086,.T.);
#6600=EDGE_CURVE('',#5331,#5330,#2087,.T.);
#6601=EDGE_CURVE('',#5325,#5331,#206,.T.);
#6602=EDGE_CURVE('',#5332,#5333,#2088,.T.);
#6603=EDGE_CURVE('',#5333,#5334,#2089,.T.);
#6604=EDGE_CURVE('',#5334,#5335,#2090,.T.);
#6605=EDGE_CURVE('',#5332,#5335,#2091,.T.);
#6606=EDGE_CURVE('',#5333,#5336,#2092,.T.);
#6607=EDGE_CURVE('',#5336,#5329,#2093,.T.);
#6608=EDGE_CURVE('',#5329,#5334,#2094,.T.);
#6609=EDGE_CURVE('',#5336,#5337,#2095,.T.);
#6610=EDGE_CURVE('',#5337,#5330,#2096,.T.);
#6611=EDGE_CURVE('',#5335,#5330,#2097,.T.);
#6612=EDGE_CURVE('',#5337,#5332,#2098,.T.);
#6613=EDGE_CURVE('',#5338,#5335,#2099,.T.);
#6614=EDGE_CURVE('',#5338,#5331,#2100,.T.);
#6615=EDGE_CURVE('',#5326,#5338,#207,.T.);
#6616=EDGE_CURVE('',#5339,#5334,#2101,.T.);
#6617=EDGE_CURVE('',#5340,#5339,#208,.T.);
#6618=EDGE_CURVE('',#5321,#5340,#2102,.T.);
#6619=EDGE_CURVE('',#5328,#5339,#2103,.T.);
#6620=EDGE_CURVE('',#5327,#5340,#2104,.T.);
#6621=EDGE_CURVE('',#5341,#5342,#2105,.T.);
#6622=EDGE_CURVE('',#5342,#5343,#2106,.T.);
#6623=EDGE_CURVE('',#5343,#5344,#2107,.T.);
#6624=EDGE_CURVE('',#5344,#5341,#2108,.T.);
#6625=EDGE_CURVE('',#5345,#5343,#2109,.T.);
#6626=EDGE_CURVE('',#5342,#5346,#2110,.T.);
#6627=EDGE_CURVE('',#5346,#5345,#2111,.T.);
#6628=EDGE_CURVE('',#5347,#5345,#2112,.T.);
#6629=EDGE_CURVE('',#5346,#5348,#2113,.T.);
#6630=EDGE_CURVE('',#5348,#5347,#2114,.T.);
#6631=EDGE_CURVE('',#5344,#5347,#2115,.T.);
#6632=EDGE_CURVE('',#5348,#5341,#2116,.T.);
#6633=EDGE_CURVE('',#5344,#5349,#2117,.T.);
#6634=EDGE_CURVE('',#5350,#5349,#2118,.T.);
#6635=EDGE_CURVE('',#5347,#5350,#2119,.T.);
#6636=EDGE_CURVE('',#5343,#5351,#2120,.T.);
#6637=EDGE_CURVE('',#5351,#5352,#209,.T.);
#6638=EDGE_CURVE('',#5352,#5353,#2121,.T.);
#6639=EDGE_CURVE('',#5354,#5353,#2122,.T.);
#6640=EDGE_CURVE('',#5355,#5354,#2123,.T.);
#6641=EDGE_CURVE('',#5349,#5355,#210,.T.);
#6642=EDGE_CURVE('',#5356,#5357,#2124,.T.);
#6643=EDGE_CURVE('',#5357,#5358,#2125,.T.);
#6644=EDGE_CURVE('',#5358,#5359,#2126,.T.);
#6645=EDGE_CURVE('',#5356,#5359,#2127,.T.);
#6646=EDGE_CURVE('',#5357,#5360,#2128,.T.);
#6647=EDGE_CURVE('',#5360,#5353,#2129,.T.);
#6648=EDGE_CURVE('',#5353,#5358,#2130,.T.);
#6649=EDGE_CURVE('',#5360,#5361,#2131,.T.);
#6650=EDGE_CURVE('',#5361,#5354,#2132,.T.);
#6651=EDGE_CURVE('',#5359,#5354,#2133,.T.);
#6652=EDGE_CURVE('',#5361,#5356,#2134,.T.);
#6653=EDGE_CURVE('',#5362,#5359,#2135,.T.);
#6654=EDGE_CURVE('',#5362,#5355,#2136,.T.);
#6655=EDGE_CURVE('',#5350,#5362,#211,.T.);
#6656=EDGE_CURVE('',#5363,#5358,#2137,.T.);
#6657=EDGE_CURVE('',#5364,#5363,#212,.T.);
#6658=EDGE_CURVE('',#5345,#5364,#2138,.T.);
#6659=EDGE_CURVE('',#5352,#5363,#2139,.T.);
#6660=EDGE_CURVE('',#5351,#5364,#2140,.T.);
#6661=EDGE_CURVE('',#5365,#5366,#2141,.T.);
#6662=EDGE_CURVE('',#5366,#5367,#2142,.T.);
#6663=EDGE_CURVE('',#5367,#5368,#2143,.T.);
#6664=EDGE_CURVE('',#5368,#5365,#2144,.T.);
#6665=EDGE_CURVE('',#5369,#5367,#2145,.T.);
#6666=EDGE_CURVE('',#5366,#5370,#2146,.T.);
#6667=EDGE_CURVE('',#5370,#5369,#2147,.T.);
#6668=EDGE_CURVE('',#5371,#5369,#2148,.T.);
#6669=EDGE_CURVE('',#5370,#5372,#2149,.T.);
#6670=EDGE_CURVE('',#5372,#5371,#2150,.T.);
#6671=EDGE_CURVE('',#5368,#5371,#2151,.T.);
#6672=EDGE_CURVE('',#5372,#5365,#2152,.T.);
#6673=EDGE_CURVE('',#5368,#5373,#2153,.T.);
#6674=EDGE_CURVE('',#5374,#5373,#2154,.T.);
#6675=EDGE_CURVE('',#5371,#5374,#2155,.T.);
#6676=EDGE_CURVE('',#5367,#5375,#2156,.T.);
#6677=EDGE_CURVE('',#5375,#5376,#213,.T.);
#6678=EDGE_CURVE('',#5376,#5377,#2157,.T.);
#6679=EDGE_CURVE('',#5378,#5377,#2158,.T.);
#6680=EDGE_CURVE('',#5379,#5378,#2159,.T.);
#6681=EDGE_CURVE('',#5373,#5379,#214,.T.);
#6682=EDGE_CURVE('',#5380,#5381,#2160,.T.);
#6683=EDGE_CURVE('',#5381,#5382,#2161,.T.);
#6684=EDGE_CURVE('',#5382,#5383,#2162,.T.);
#6685=EDGE_CURVE('',#5380,#5383,#2163,.T.);
#6686=EDGE_CURVE('',#5381,#5384,#2164,.T.);
#6687=EDGE_CURVE('',#5384,#5377,#2165,.T.);
#6688=EDGE_CURVE('',#5377,#5382,#2166,.T.);
#6689=EDGE_CURVE('',#5384,#5385,#2167,.T.);
#6690=EDGE_CURVE('',#5385,#5378,#2168,.T.);
#6691=EDGE_CURVE('',#5383,#5378,#2169,.T.);
#6692=EDGE_CURVE('',#5385,#5380,#2170,.T.);
#6693=EDGE_CURVE('',#5386,#5383,#2171,.T.);
#6694=EDGE_CURVE('',#5386,#5379,#2172,.T.);
#6695=EDGE_CURVE('',#5374,#5386,#215,.T.);
#6696=EDGE_CURVE('',#5387,#5382,#2173,.T.);
#6697=EDGE_CURVE('',#5388,#5387,#216,.T.);
#6698=EDGE_CURVE('',#5369,#5388,#2174,.T.);
#6699=EDGE_CURVE('',#5376,#5387,#2175,.T.);
#6700=EDGE_CURVE('',#5375,#5388,#2176,.T.);
#6701=EDGE_CURVE('',#5389,#5390,#2177,.T.);
#6702=EDGE_CURVE('',#5390,#5391,#2178,.T.);
#6703=EDGE_CURVE('',#5391,#5392,#2179,.T.);
#6704=EDGE_CURVE('',#5392,#5389,#2180,.T.);
#6705=EDGE_CURVE('',#5393,#5391,#2181,.T.);
#6706=EDGE_CURVE('',#5390,#5394,#2182,.T.);
#6707=EDGE_CURVE('',#5394,#5393,#2183,.T.);
#6708=EDGE_CURVE('',#5395,#5393,#2184,.T.);
#6709=EDGE_CURVE('',#5394,#5396,#2185,.T.);
#6710=EDGE_CURVE('',#5396,#5395,#2186,.T.);
#6711=EDGE_CURVE('',#5392,#5395,#2187,.T.);
#6712=EDGE_CURVE('',#5396,#5389,#2188,.T.);
#6713=EDGE_CURVE('',#5392,#5397,#2189,.T.);
#6714=EDGE_CURVE('',#5398,#5397,#2190,.T.);
#6715=EDGE_CURVE('',#5395,#5398,#2191,.T.);
#6716=EDGE_CURVE('',#5391,#5399,#2192,.T.);
#6717=EDGE_CURVE('',#5399,#5400,#217,.T.);
#6718=EDGE_CURVE('',#5400,#5401,#2193,.T.);
#6719=EDGE_CURVE('',#5402,#5401,#2194,.T.);
#6720=EDGE_CURVE('',#5403,#5402,#2195,.T.);
#6721=EDGE_CURVE('',#5397,#5403,#218,.T.);
#6722=EDGE_CURVE('',#5404,#5405,#2196,.T.);
#6723=EDGE_CURVE('',#5405,#5406,#2197,.T.);
#6724=EDGE_CURVE('',#5406,#5407,#2198,.T.);
#6725=EDGE_CURVE('',#5404,#5407,#2199,.T.);
#6726=EDGE_CURVE('',#5405,#5408,#2200,.T.);
#6727=EDGE_CURVE('',#5408,#5401,#2201,.T.);
#6728=EDGE_CURVE('',#5401,#5406,#2202,.T.);
#6729=EDGE_CURVE('',#5408,#5409,#2203,.T.);
#6730=EDGE_CURVE('',#5409,#5402,#2204,.T.);
#6731=EDGE_CURVE('',#5407,#5402,#2205,.T.);
#6732=EDGE_CURVE('',#5409,#5404,#2206,.T.);
#6733=EDGE_CURVE('',#5410,#5407,#2207,.T.);
#6734=EDGE_CURVE('',#5410,#5403,#2208,.T.);
#6735=EDGE_CURVE('',#5398,#5410,#219,.T.);
#6736=EDGE_CURVE('',#5411,#5406,#2209,.T.);
#6737=EDGE_CURVE('',#5412,#5411,#220,.T.);
#6738=EDGE_CURVE('',#5393,#5412,#2210,.T.);
#6739=EDGE_CURVE('',#5400,#5411,#2211,.T.);
#6740=EDGE_CURVE('',#5399,#5412,#2212,.T.);
#6741=EDGE_CURVE('',#5413,#5414,#2213,.T.);
#6742=EDGE_CURVE('',#5414,#5415,#2214,.T.);
#6743=EDGE_CURVE('',#5415,#5416,#2215,.T.);
#6744=EDGE_CURVE('',#5416,#5413,#2216,.T.);
#6745=EDGE_CURVE('',#5417,#5415,#2217,.T.);
#6746=EDGE_CURVE('',#5414,#5418,#2218,.T.);
#6747=EDGE_CURVE('',#5418,#5417,#2219,.T.);
#6748=EDGE_CURVE('',#5419,#5417,#2220,.T.);
#6749=EDGE_CURVE('',#5418,#5420,#2221,.T.);
#6750=EDGE_CURVE('',#5420,#5419,#2222,.T.);
#6751=EDGE_CURVE('',#5416,#5419,#2223,.T.);
#6752=EDGE_CURVE('',#5420,#5413,#2224,.T.);
#6753=EDGE_CURVE('',#5416,#5421,#2225,.T.);
#6754=EDGE_CURVE('',#5422,#5421,#2226,.T.);
#6755=EDGE_CURVE('',#5419,#5422,#2227,.T.);
#6756=EDGE_CURVE('',#5415,#5423,#2228,.T.);
#6757=EDGE_CURVE('',#5423,#5424,#221,.T.);
#6758=EDGE_CURVE('',#5424,#5425,#2229,.T.);
#6759=EDGE_CURVE('',#5426,#5425,#2230,.T.);
#6760=EDGE_CURVE('',#5427,#5426,#2231,.T.);
#6761=EDGE_CURVE('',#5421,#5427,#222,.T.);
#6762=EDGE_CURVE('',#5428,#5429,#2232,.T.);
#6763=EDGE_CURVE('',#5429,#5430,#2233,.T.);
#6764=EDGE_CURVE('',#5430,#5431,#2234,.T.);
#6765=EDGE_CURVE('',#5428,#5431,#2235,.T.);
#6766=EDGE_CURVE('',#5429,#5432,#2236,.T.);
#6767=EDGE_CURVE('',#5432,#5425,#2237,.T.);
#6768=EDGE_CURVE('',#5425,#5430,#2238,.T.);
#6769=EDGE_CURVE('',#5432,#5433,#2239,.T.);
#6770=EDGE_CURVE('',#5433,#5426,#2240,.T.);
#6771=EDGE_CURVE('',#5431,#5426,#2241,.T.);
#6772=EDGE_CURVE('',#5433,#5428,#2242,.T.);
#6773=EDGE_CURVE('',#5434,#5431,#2243,.T.);
#6774=EDGE_CURVE('',#5434,#5427,#2244,.T.);
#6775=EDGE_CURVE('',#5422,#5434,#223,.T.);
#6776=EDGE_CURVE('',#5435,#5430,#2245,.T.);
#6777=EDGE_CURVE('',#5436,#5435,#224,.T.);
#6778=EDGE_CURVE('',#5417,#5436,#2246,.T.);
#6779=EDGE_CURVE('',#5424,#5435,#2247,.T.);
#6780=EDGE_CURVE('',#5423,#5436,#2248,.T.);
#6781=EDGE_CURVE('',#5437,#5438,#2249,.T.);
#6782=EDGE_CURVE('',#5438,#5439,#2250,.T.);
#6783=EDGE_CURVE('',#5439,#5440,#2251,.T.);
#6784=EDGE_CURVE('',#5440,#5437,#2252,.T.);
#6785=EDGE_CURVE('',#5441,#5439,#2253,.T.);
#6786=EDGE_CURVE('',#5438,#5442,#2254,.T.);
#6787=EDGE_CURVE('',#5442,#5441,#2255,.T.);
#6788=EDGE_CURVE('',#5443,#5441,#2256,.T.);
#6789=EDGE_CURVE('',#5442,#5444,#2257,.T.);
#6790=EDGE_CURVE('',#5444,#5443,#2258,.T.);
#6791=EDGE_CURVE('',#5440,#5443,#2259,.T.);
#6792=EDGE_CURVE('',#5444,#5437,#2260,.T.);
#6793=EDGE_CURVE('',#5440,#5445,#2261,.T.);
#6794=EDGE_CURVE('',#5446,#5445,#2262,.T.);
#6795=EDGE_CURVE('',#5443,#5446,#2263,.T.);
#6796=EDGE_CURVE('',#5439,#5447,#2264,.T.);
#6797=EDGE_CURVE('',#5447,#5448,#225,.T.);
#6798=EDGE_CURVE('',#5448,#5449,#2265,.T.);
#6799=EDGE_CURVE('',#5450,#5449,#2266,.T.);
#6800=EDGE_CURVE('',#5451,#5450,#2267,.T.);
#6801=EDGE_CURVE('',#5445,#5451,#226,.T.);
#6802=EDGE_CURVE('',#5452,#5453,#2268,.T.);
#6803=EDGE_CURVE('',#5453,#5454,#2269,.T.);
#6804=EDGE_CURVE('',#5454,#5455,#2270,.T.);
#6805=EDGE_CURVE('',#5452,#5455,#2271,.T.);
#6806=EDGE_CURVE('',#5453,#5456,#2272,.T.);
#6807=EDGE_CURVE('',#5456,#5449,#2273,.T.);
#6808=EDGE_CURVE('',#5449,#5454,#2274,.T.);
#6809=EDGE_CURVE('',#5456,#5457,#2275,.T.);
#6810=EDGE_CURVE('',#5457,#5450,#2276,.T.);
#6811=EDGE_CURVE('',#5455,#5450,#2277,.T.);
#6812=EDGE_CURVE('',#5457,#5452,#2278,.T.);
#6813=EDGE_CURVE('',#5458,#5455,#2279,.T.);
#6814=EDGE_CURVE('',#5458,#5451,#2280,.T.);
#6815=EDGE_CURVE('',#5446,#5458,#227,.T.);
#6816=EDGE_CURVE('',#5459,#5454,#2281,.T.);
#6817=EDGE_CURVE('',#5460,#5459,#228,.T.);
#6818=EDGE_CURVE('',#5441,#5460,#2282,.T.);
#6819=EDGE_CURVE('',#5448,#5459,#2283,.T.);
#6820=EDGE_CURVE('',#5447,#5460,#2284,.T.);
#6821=EDGE_CURVE('',#5461,#5462,#2285,.T.);
#6822=EDGE_CURVE('',#5462,#5463,#2286,.T.);
#6823=EDGE_CURVE('',#5463,#5464,#2287,.T.);
#6824=EDGE_CURVE('',#5464,#5461,#2288,.T.);
#6825=EDGE_CURVE('',#5465,#5463,#2289,.T.);
#6826=EDGE_CURVE('',#5462,#5466,#2290,.T.);
#6827=EDGE_CURVE('',#5466,#5465,#2291,.T.);
#6828=EDGE_CURVE('',#5467,#5465,#2292,.T.);
#6829=EDGE_CURVE('',#5466,#5468,#2293,.T.);
#6830=EDGE_CURVE('',#5468,#5467,#2294,.T.);
#6831=EDGE_CURVE('',#5464,#5467,#2295,.T.);
#6832=EDGE_CURVE('',#5468,#5461,#2296,.T.);
#6833=EDGE_CURVE('',#5464,#5469,#2297,.T.);
#6834=EDGE_CURVE('',#5470,#5469,#2298,.T.);
#6835=EDGE_CURVE('',#5467,#5470,#2299,.T.);
#6836=EDGE_CURVE('',#5463,#5471,#2300,.T.);
#6837=EDGE_CURVE('',#5471,#5472,#229,.T.);
#6838=EDGE_CURVE('',#5472,#5473,#2301,.T.);
#6839=EDGE_CURVE('',#5474,#5473,#2302,.T.);
#6840=EDGE_CURVE('',#5475,#5474,#2303,.T.);
#6841=EDGE_CURVE('',#5469,#5475,#230,.T.);
#6842=EDGE_CURVE('',#5476,#5477,#2304,.T.);
#6843=EDGE_CURVE('',#5477,#5478,#2305,.T.);
#6844=EDGE_CURVE('',#5478,#5479,#2306,.T.);
#6845=EDGE_CURVE('',#5476,#5479,#2307,.T.);
#6846=EDGE_CURVE('',#5477,#5480,#2308,.T.);
#6847=EDGE_CURVE('',#5480,#5473,#2309,.T.);
#6848=EDGE_CURVE('',#5473,#5478,#2310,.T.);
#6849=EDGE_CURVE('',#5480,#5481,#2311,.T.);
#6850=EDGE_CURVE('',#5481,#5474,#2312,.T.);
#6851=EDGE_CURVE('',#5479,#5474,#2313,.T.);
#6852=EDGE_CURVE('',#5481,#5476,#2314,.T.);
#6853=EDGE_CURVE('',#5482,#5479,#2315,.T.);
#6854=EDGE_CURVE('',#5482,#5475,#2316,.T.);
#6855=EDGE_CURVE('',#5470,#5482,#231,.T.);
#6856=EDGE_CURVE('',#5483,#5478,#2317,.T.);
#6857=EDGE_CURVE('',#5484,#5483,#232,.T.);
#6858=EDGE_CURVE('',#5465,#5484,#2318,.T.);
#6859=EDGE_CURVE('',#5472,#5483,#2319,.T.);
#6860=EDGE_CURVE('',#5471,#5484,#2320,.T.);
#6861=EDGE_CURVE('',#5485,#5486,#2321,.T.);
#6862=EDGE_CURVE('',#5486,#5487,#2322,.T.);
#6863=EDGE_CURVE('',#5487,#5488,#2323,.T.);
#6864=EDGE_CURVE('',#5488,#5485,#2324,.T.);
#6865=EDGE_CURVE('',#5489,#5487,#2325,.T.);
#6866=EDGE_CURVE('',#5486,#5490,#2326,.T.);
#6867=EDGE_CURVE('',#5490,#5489,#2327,.T.);
#6868=EDGE_CURVE('',#5491,#5489,#2328,.T.);
#6869=EDGE_CURVE('',#5490,#5492,#2329,.T.);
#6870=EDGE_CURVE('',#5492,#5491,#2330,.T.);
#6871=EDGE_CURVE('',#5488,#5491,#2331,.T.);
#6872=EDGE_CURVE('',#5492,#5485,#2332,.T.);
#6873=EDGE_CURVE('',#5488,#5493,#2333,.T.);
#6874=EDGE_CURVE('',#5494,#5493,#2334,.T.);
#6875=EDGE_CURVE('',#5491,#5494,#2335,.T.);
#6876=EDGE_CURVE('',#5487,#5495,#2336,.T.);
#6877=EDGE_CURVE('',#5495,#5496,#233,.T.);
#6878=EDGE_CURVE('',#5496,#5497,#2337,.T.);
#6879=EDGE_CURVE('',#5498,#5497,#2338,.T.);
#6880=EDGE_CURVE('',#5499,#5498,#2339,.T.);
#6881=EDGE_CURVE('',#5493,#5499,#234,.T.);
#6882=EDGE_CURVE('',#5500,#5501,#2340,.T.);
#6883=EDGE_CURVE('',#5501,#5502,#2341,.T.);
#6884=EDGE_CURVE('',#5502,#5503,#2342,.T.);
#6885=EDGE_CURVE('',#5500,#5503,#2343,.T.);
#6886=EDGE_CURVE('',#5501,#5504,#2344,.T.);
#6887=EDGE_CURVE('',#5504,#5497,#2345,.T.);
#6888=EDGE_CURVE('',#5497,#5502,#2346,.T.);
#6889=EDGE_CURVE('',#5504,#5505,#2347,.T.);
#6890=EDGE_CURVE('',#5505,#5498,#2348,.T.);
#6891=EDGE_CURVE('',#5503,#5498,#2349,.T.);
#6892=EDGE_CURVE('',#5505,#5500,#2350,.T.);
#6893=EDGE_CURVE('',#5506,#5503,#2351,.T.);
#6894=EDGE_CURVE('',#5506,#5499,#2352,.T.);
#6895=EDGE_CURVE('',#5494,#5506,#235,.T.);
#6896=EDGE_CURVE('',#5507,#5502,#2353,.T.);
#6897=EDGE_CURVE('',#5508,#5507,#236,.T.);
#6898=EDGE_CURVE('',#5489,#5508,#2354,.T.);
#6899=EDGE_CURVE('',#5496,#5507,#2355,.T.);
#6900=EDGE_CURVE('',#5495,#5508,#2356,.T.);
#6901=EDGE_CURVE('',#5509,#5510,#2357,.T.);
#6902=EDGE_CURVE('',#5510,#5511,#2358,.T.);
#6903=EDGE_CURVE('',#5511,#5512,#2359,.T.);
#6904=EDGE_CURVE('',#5512,#5509,#2360,.T.);
#6905=EDGE_CURVE('',#5513,#5511,#2361,.T.);
#6906=EDGE_CURVE('',#5510,#5514,#2362,.T.);
#6907=EDGE_CURVE('',#5514,#5513,#2363,.T.);
#6908=EDGE_CURVE('',#5515,#5513,#2364,.T.);
#6909=EDGE_CURVE('',#5514,#5516,#2365,.T.);
#6910=EDGE_CURVE('',#5516,#5515,#2366,.T.);
#6911=EDGE_CURVE('',#5512,#5515,#2367,.T.);
#6912=EDGE_CURVE('',#5516,#5509,#2368,.T.);
#6913=EDGE_CURVE('',#5512,#5517,#2369,.T.);
#6914=EDGE_CURVE('',#5518,#5517,#2370,.T.);
#6915=EDGE_CURVE('',#5515,#5518,#2371,.T.);
#6916=EDGE_CURVE('',#5511,#5519,#2372,.T.);
#6917=EDGE_CURVE('',#5519,#5520,#237,.T.);
#6918=EDGE_CURVE('',#5520,#5521,#2373,.T.);
#6919=EDGE_CURVE('',#5522,#5521,#2374,.T.);
#6920=EDGE_CURVE('',#5523,#5522,#2375,.T.);
#6921=EDGE_CURVE('',#5517,#5523,#238,.T.);
#6922=EDGE_CURVE('',#5524,#5525,#2376,.T.);
#6923=EDGE_CURVE('',#5525,#5526,#2377,.T.);
#6924=EDGE_CURVE('',#5526,#5527,#2378,.T.);
#6925=EDGE_CURVE('',#5524,#5527,#2379,.T.);
#6926=EDGE_CURVE('',#5525,#5528,#2380,.T.);
#6927=EDGE_CURVE('',#5528,#5521,#2381,.T.);
#6928=EDGE_CURVE('',#5521,#5526,#2382,.T.);
#6929=EDGE_CURVE('',#5528,#5529,#2383,.T.);
#6930=EDGE_CURVE('',#5529,#5522,#2384,.T.);
#6931=EDGE_CURVE('',#5527,#5522,#2385,.T.);
#6932=EDGE_CURVE('',#5529,#5524,#2386,.T.);
#6933=EDGE_CURVE('',#5530,#5527,#2387,.T.);
#6934=EDGE_CURVE('',#5530,#5523,#2388,.T.);
#6935=EDGE_CURVE('',#5518,#5530,#239,.T.);
#6936=EDGE_CURVE('',#5531,#5526,#2389,.T.);
#6937=EDGE_CURVE('',#5532,#5531,#240,.T.);
#6938=EDGE_CURVE('',#5513,#5532,#2390,.T.);
#6939=EDGE_CURVE('',#5520,#5531,#2391,.T.);
#6940=EDGE_CURVE('',#5519,#5532,#2392,.T.);
#6941=EDGE_CURVE('',#5533,#5534,#2393,.T.);
#6942=EDGE_CURVE('',#5534,#5535,#2394,.T.);
#6943=EDGE_CURVE('',#5535,#5536,#2395,.T.);
#6944=EDGE_CURVE('',#5536,#5533,#2396,.T.);
#6945=EDGE_CURVE('',#5537,#5535,#2397,.T.);
#6946=EDGE_CURVE('',#5534,#5538,#2398,.T.);
#6947=EDGE_CURVE('',#5538,#5537,#2399,.T.);
#6948=EDGE_CURVE('',#5539,#5537,#2400,.T.);
#6949=EDGE_CURVE('',#5538,#5540,#2401,.T.);
#6950=EDGE_CURVE('',#5540,#5539,#2402,.T.);
#6951=EDGE_CURVE('',#5536,#5539,#2403,.T.);
#6952=EDGE_CURVE('',#5540,#5533,#2404,.T.);
#6953=EDGE_CURVE('',#5536,#5541,#2405,.T.);
#6954=EDGE_CURVE('',#5542,#5541,#2406,.T.);
#6955=EDGE_CURVE('',#5539,#5542,#2407,.T.);
#6956=EDGE_CURVE('',#5535,#5543,#2408,.T.);
#6957=EDGE_CURVE('',#5543,#5544,#241,.T.);
#6958=EDGE_CURVE('',#5544,#5545,#2409,.T.);
#6959=EDGE_CURVE('',#5546,#5545,#2410,.T.);
#6960=EDGE_CURVE('',#5547,#5546,#2411,.T.);
#6961=EDGE_CURVE('',#5541,#5547,#242,.T.);
#6962=EDGE_CURVE('',#5548,#5549,#2412,.T.);
#6963=EDGE_CURVE('',#5549,#5550,#2413,.T.);
#6964=EDGE_CURVE('',#5550,#5551,#2414,.T.);
#6965=EDGE_CURVE('',#5548,#5551,#2415,.T.);
#6966=EDGE_CURVE('',#5549,#5552,#2416,.T.);
#6967=EDGE_CURVE('',#5552,#5545,#2417,.T.);
#6968=EDGE_CURVE('',#5545,#5550,#2418,.T.);
#6969=EDGE_CURVE('',#5552,#5553,#2419,.T.);
#6970=EDGE_CURVE('',#5553,#5546,#2420,.T.);
#6971=EDGE_CURVE('',#5551,#5546,#2421,.T.);
#6972=EDGE_CURVE('',#5553,#5548,#2422,.T.);
#6973=EDGE_CURVE('',#5554,#5551,#2423,.T.);
#6974=EDGE_CURVE('',#5554,#5547,#2424,.T.);
#6975=EDGE_CURVE('',#5542,#5554,#243,.T.);
#6976=EDGE_CURVE('',#5555,#5550,#2425,.T.);
#6977=EDGE_CURVE('',#5556,#5555,#244,.T.);
#6978=EDGE_CURVE('',#5537,#5556,#2426,.T.);
#6979=EDGE_CURVE('',#5544,#5555,#2427,.T.);
#6980=EDGE_CURVE('',#5543,#5556,#2428,.T.);
#6981=EDGE_CURVE('',#5557,#5558,#2429,.T.);
#6982=EDGE_CURVE('',#5558,#5559,#2430,.T.);
#6983=EDGE_CURVE('',#5559,#5560,#2431,.T.);
#6984=EDGE_CURVE('',#5560,#5557,#2432,.T.);
#6985=EDGE_CURVE('',#5561,#5559,#2433,.T.);
#6986=EDGE_CURVE('',#5558,#5562,#2434,.T.);
#6987=EDGE_CURVE('',#5562,#5561,#2435,.T.);
#6988=EDGE_CURVE('',#5563,#5561,#2436,.T.);
#6989=EDGE_CURVE('',#5562,#5564,#2437,.T.);
#6990=EDGE_CURVE('',#5564,#5563,#2438,.T.);
#6991=EDGE_CURVE('',#5560,#5563,#2439,.T.);
#6992=EDGE_CURVE('',#5564,#5557,#2440,.T.);
#6993=EDGE_CURVE('',#5560,#5565,#2441,.T.);
#6994=EDGE_CURVE('',#5566,#5565,#2442,.T.);
#6995=EDGE_CURVE('',#5563,#5566,#2443,.T.);
#6996=EDGE_CURVE('',#5559,#5567,#2444,.T.);
#6997=EDGE_CURVE('',#5567,#5568,#245,.T.);
#6998=EDGE_CURVE('',#5568,#5569,#2445,.T.);
#6999=EDGE_CURVE('',#5570,#5569,#2446,.T.);
#7000=EDGE_CURVE('',#5571,#5570,#2447,.T.);
#7001=EDGE_CURVE('',#5565,#5571,#246,.T.);
#7002=EDGE_CURVE('',#5572,#5573,#2448,.T.);
#7003=EDGE_CURVE('',#5573,#5574,#2449,.T.);
#7004=EDGE_CURVE('',#5574,#5575,#2450,.T.);
#7005=EDGE_CURVE('',#5572,#5575,#2451,.T.);
#7006=EDGE_CURVE('',#5573,#5576,#2452,.T.);
#7007=EDGE_CURVE('',#5576,#5569,#2453,.T.);
#7008=EDGE_CURVE('',#5569,#5574,#2454,.T.);
#7009=EDGE_CURVE('',#5576,#5577,#2455,.T.);
#7010=EDGE_CURVE('',#5577,#5570,#2456,.T.);
#7011=EDGE_CURVE('',#5575,#5570,#2457,.T.);
#7012=EDGE_CURVE('',#5577,#5572,#2458,.T.);
#7013=EDGE_CURVE('',#5578,#5575,#2459,.T.);
#7014=EDGE_CURVE('',#5578,#5571,#2460,.T.);
#7015=EDGE_CURVE('',#5566,#5578,#247,.T.);
#7016=EDGE_CURVE('',#5579,#5574,#2461,.T.);
#7017=EDGE_CURVE('',#5580,#5579,#248,.T.);
#7018=EDGE_CURVE('',#5561,#5580,#2462,.T.);
#7019=EDGE_CURVE('',#5568,#5579,#2463,.T.);
#7020=EDGE_CURVE('',#5567,#5580,#2464,.T.);
#7021=EDGE_CURVE('',#5581,#5582,#2465,.T.);
#7022=EDGE_CURVE('',#5582,#5583,#2466,.T.);
#7023=EDGE_CURVE('',#5583,#5584,#2467,.T.);
#7024=EDGE_CURVE('',#5584,#5581,#2468,.T.);
#7025=EDGE_CURVE('',#5585,#5583,#2469,.T.);
#7026=EDGE_CURVE('',#5582,#5586,#2470,.T.);
#7027=EDGE_CURVE('',#5586,#5585,#2471,.T.);
#7028=EDGE_CURVE('',#5587,#5585,#2472,.T.);
#7029=EDGE_CURVE('',#5586,#5588,#2473,.T.);
#7030=EDGE_CURVE('',#5588,#5587,#2474,.T.);
#7031=EDGE_CURVE('',#5584,#5587,#2475,.T.);
#7032=EDGE_CURVE('',#5588,#5581,#2476,.T.);
#7033=EDGE_CURVE('',#5584,#5589,#2477,.T.);
#7034=EDGE_CURVE('',#5590,#5589,#2478,.T.);
#7035=EDGE_CURVE('',#5587,#5590,#2479,.T.);
#7036=EDGE_CURVE('',#5583,#5591,#2480,.T.);
#7037=EDGE_CURVE('',#5591,#5592,#249,.T.);
#7038=EDGE_CURVE('',#5592,#5593,#2481,.T.);
#7039=EDGE_CURVE('',#5594,#5593,#2482,.T.);
#7040=EDGE_CURVE('',#5595,#5594,#2483,.T.);
#7041=EDGE_CURVE('',#5589,#5595,#250,.T.);
#7042=EDGE_CURVE('',#5596,#5597,#2484,.T.);
#7043=EDGE_CURVE('',#5597,#5598,#2485,.T.);
#7044=EDGE_CURVE('',#5598,#5599,#2486,.T.);
#7045=EDGE_CURVE('',#5596,#5599,#2487,.T.);
#7046=EDGE_CURVE('',#5597,#5600,#2488,.T.);
#7047=EDGE_CURVE('',#5600,#5593,#2489,.T.);
#7048=EDGE_CURVE('',#5593,#5598,#2490,.T.);
#7049=EDGE_CURVE('',#5600,#5601,#2491,.T.);
#7050=EDGE_CURVE('',#5601,#5594,#2492,.T.);
#7051=EDGE_CURVE('',#5599,#5594,#2493,.T.);
#7052=EDGE_CURVE('',#5601,#5596,#2494,.T.);
#7053=EDGE_CURVE('',#5602,#5599,#2495,.T.);
#7054=EDGE_CURVE('',#5602,#5595,#2496,.T.);
#7055=EDGE_CURVE('',#5590,#5602,#251,.T.);
#7056=EDGE_CURVE('',#5603,#5598,#2497,.T.);
#7057=EDGE_CURVE('',#5604,#5603,#252,.T.);
#7058=EDGE_CURVE('',#5585,#5604,#2498,.T.);
#7059=EDGE_CURVE('',#5592,#5603,#2499,.T.);
#7060=EDGE_CURVE('',#5591,#5604,#2500,.T.);
#7061=EDGE_CURVE('',#5605,#5606,#2501,.T.);
#7062=EDGE_CURVE('',#5605,#5607,#2502,.T.);
#7063=EDGE_CURVE('',#5608,#5607,#2503,.T.);
#7064=EDGE_CURVE('',#5606,#5608,#2504,.T.);
#7065=EDGE_CURVE('',#5609,#5610,#2505,.T.);
#7066=EDGE_CURVE('',#5611,#5609,#2506,.T.);
#7067=EDGE_CURVE('',#5612,#5611,#2507,.T.);
#7068=EDGE_CURVE('',#5610,#5612,#2508,.T.);
#7069=EDGE_CURVE('',#5613,#5605,#2509,.T.);
#7070=EDGE_CURVE('',#5614,#5613,#2510,.T.);
#7071=EDGE_CURVE('',#5607,#5614,#2511,.T.);
#7072=EDGE_CURVE('',#5606,#5615,#2512,.T.);
#7073=EDGE_CURVE('',#5616,#5608,#2513,.T.);
#7074=EDGE_CURVE('',#5615,#5616,#2514,.T.);
#7075=EDGE_CURVE('',#5617,#5614,#2515,.T.);
#7076=EDGE_CURVE('',#5618,#5617,#2516,.T.);
#7077=EDGE_CURVE('',#5619,#5618,#2517,.T.);
#7078=EDGE_CURVE('',#5620,#5619,#2518,.T.);
#7079=EDGE_CURVE('',#5616,#5620,#2519,.T.);
#7080=EDGE_CURVE('',#5613,#5621,#2520,.T.);
#7081=EDGE_CURVE('',#5622,#5621,#2521,.T.);
#7082=EDGE_CURVE('',#5622,#5623,#2522,.T.);
#7083=EDGE_CURVE('',#5617,#5623,#2523,.T.);
#7084=EDGE_CURVE('',#5611,#5624,#2524,.T.);
#7085=EDGE_CURVE('',#5625,#5624,#2525,.T.);
#7086=EDGE_CURVE('',#5612,#5625,#2526,.T.);
#7087=EDGE_CURVE('',#5609,#5626,#2527,.T.);
#7088=EDGE_CURVE('',#5624,#5626,#2528,.T.);
#7089=EDGE_CURVE('',#5619,#5627,#2529,.T.);
#7090=EDGE_CURVE('',#5627,#5628,#2530,.T.);
#7091=EDGE_CURVE('',#5628,#5620,#2531,.T.);
#7092=EDGE_CURVE('',#5628,#5629,#2532,.T.);
#7093=EDGE_CURVE('',#5630,#5629,#2533,.T.);
#7094=EDGE_CURVE('',#5630,#5615,#2534,.T.);
#7095=EDGE_CURVE('',#5631,#5632,#2535,.T.);
#7096=EDGE_CURVE('',#5632,#5630,#2536,.T.);
#7097=EDGE_CURVE('',#5629,#5631,#2537,.T.);
#7098=EDGE_CURVE('',#5633,#5632,#2538,.T.);
#7099=EDGE_CURVE('',#5621,#5633,#2539,.T.);
#7100=EDGE_CURVE('',#5633,#5634,#2540,.T.);
#7101=EDGE_CURVE('',#5634,#5622,#2541,.T.);
#7102=EDGE_CURVE('',#5635,#5618,#2542,.T.);
#7103=EDGE_CURVE('',#5623,#5635,#2543,.T.);
#7104=EDGE_CURVE('',#5610,#5636,#2544,.T.);
#7105=EDGE_CURVE('',#5626,#5636,#2545,.T.);
#7106=EDGE_CURVE('',#5636,#5625,#2546,.T.);
#7107=EDGE_CURVE('',#5635,#5634,#2547,.T.);
#7108=EDGE_CURVE('',#5631,#5627,#2548,.T.);
#7109=EDGE_CURVE('',#5637,#5638,#2549,.T.);
#7110=EDGE_CURVE('',#5637,#5639,#2550,.T.);
#7111=EDGE_CURVE('',#5640,#5639,#2551,.T.);
#7112=EDGE_CURVE('',#5638,#5640,#2552,.T.);
#7113=EDGE_CURVE('',#5641,#5642,#2553,.T.);
#7114=EDGE_CURVE('',#5643,#5641,#2554,.T.);
#7115=EDGE_CURVE('',#5644,#5643,#2555,.T.);
#7116=EDGE_CURVE('',#5642,#5644,#2556,.T.);
#7117=EDGE_CURVE('',#5645,#5637,#2557,.T.);
#7118=EDGE_CURVE('',#5646,#5645,#2558,.T.);
#7119=EDGE_CURVE('',#5639,#5646,#2559,.T.);
#7120=EDGE_CURVE('',#5638,#5647,#2560,.T.);
#7121=EDGE_CURVE('',#5648,#5640,#2561,.T.);
#7122=EDGE_CURVE('',#5647,#5648,#2562,.T.);
#7123=EDGE_CURVE('',#5649,#5646,#2563,.T.);
#7124=EDGE_CURVE('',#5650,#5649,#2564,.T.);
#7125=EDGE_CURVE('',#5651,#5650,#2565,.T.);
#7126=EDGE_CURVE('',#5652,#5651,#2566,.T.);
#7127=EDGE_CURVE('',#5648,#5652,#2567,.T.);
#7128=EDGE_CURVE('',#5645,#5653,#2568,.T.);
#7129=EDGE_CURVE('',#5654,#5653,#2569,.T.);
#7130=EDGE_CURVE('',#5654,#5655,#2570,.T.);
#7131=EDGE_CURVE('',#5649,#5655,#2571,.T.);
#7132=EDGE_CURVE('',#5643,#5656,#2572,.T.);
#7133=EDGE_CURVE('',#5657,#5656,#2573,.T.);
#7134=EDGE_CURVE('',#5644,#5657,#2574,.T.);
#7135=EDGE_CURVE('',#5641,#5658,#2575,.T.);
#7136=EDGE_CURVE('',#5656,#5658,#2576,.T.);
#7137=EDGE_CURVE('',#5651,#5659,#2577,.T.);
#7138=EDGE_CURVE('',#5659,#5660,#2578,.T.);
#7139=EDGE_CURVE('',#5660,#5652,#2579,.T.);
#7140=EDGE_CURVE('',#5660,#5661,#2580,.T.);
#7141=EDGE_CURVE('',#5662,#5661,#2581,.T.);
#7142=EDGE_CURVE('',#5662,#5647,#2582,.T.);
#7143=EDGE_CURVE('',#5663,#5664,#2583,.T.);
#7144=EDGE_CURVE('',#5664,#5662,#2584,.T.);
#7145=EDGE_CURVE('',#5661,#5663,#2585,.T.);
#7146=EDGE_CURVE('',#5665,#5664,#2586,.T.);
#7147=EDGE_CURVE('',#5653,#5665,#2587,.T.);
#7148=EDGE_CURVE('',#5665,#5666,#2588,.T.);
#7149=EDGE_CURVE('',#5666,#5654,#2589,.T.);
#7150=EDGE_CURVE('',#5667,#5650,#2590,.T.);
#7151=EDGE_CURVE('',#5655,#5667,#2591,.T.);
#7152=EDGE_CURVE('',#5642,#5668,#2592,.T.);
#7153=EDGE_CURVE('',#5658,#5668,#2593,.T.);
#7154=EDGE_CURVE('',#5668,#5657,#2594,.T.);
#7155=EDGE_CURVE('',#5667,#5666,#2595,.T.);
#7156=EDGE_CURVE('',#5663,#5659,#2596,.T.);
#7157=EDGE_CURVE('',#5669,#5670,#2597,.T.);
#7158=EDGE_CURVE('',#5669,#5671,#2598,.T.);
#7159=EDGE_CURVE('',#5672,#5671,#2599,.T.);
#7160=EDGE_CURVE('',#5670,#5672,#2600,.T.);
#7161=EDGE_CURVE('',#5673,#5674,#2601,.T.);
#7162=EDGE_CURVE('',#5675,#5673,#2602,.T.);
#7163=EDGE_CURVE('',#5676,#5675,#2603,.T.);
#7164=EDGE_CURVE('',#5674,#5676,#2604,.T.);
#7165=EDGE_CURVE('',#5677,#5669,#2605,.T.);
#7166=EDGE_CURVE('',#5678,#5677,#2606,.T.);
#7167=EDGE_CURVE('',#5671,#5678,#2607,.T.);
#7168=EDGE_CURVE('',#5670,#5679,#2608,.T.);
#7169=EDGE_CURVE('',#5680,#5672,#2609,.T.);
#7170=EDGE_CURVE('',#5679,#5680,#2610,.T.);
#7171=EDGE_CURVE('',#5681,#5678,#2611,.T.);
#7172=EDGE_CURVE('',#5682,#5681,#2612,.T.);
#7173=EDGE_CURVE('',#5683,#5682,#2613,.T.);
#7174=EDGE_CURVE('',#5684,#5683,#2614,.T.);
#7175=EDGE_CURVE('',#5680,#5684,#2615,.T.);
#7176=EDGE_CURVE('',#5677,#5685,#2616,.T.);
#7177=EDGE_CURVE('',#5686,#5685,#2617,.T.);
#7178=EDGE_CURVE('',#5686,#5687,#2618,.T.);
#7179=EDGE_CURVE('',#5681,#5687,#2619,.T.);
#7180=EDGE_CURVE('',#5675,#5688,#2620,.T.);
#7181=EDGE_CURVE('',#5689,#5688,#2621,.T.);
#7182=EDGE_CURVE('',#5676,#5689,#2622,.T.);
#7183=EDGE_CURVE('',#5673,#5690,#2623,.T.);
#7184=EDGE_CURVE('',#5688,#5690,#2624,.T.);
#7185=EDGE_CURVE('',#5683,#5691,#2625,.T.);
#7186=EDGE_CURVE('',#5691,#5692,#2626,.T.);
#7187=EDGE_CURVE('',#5692,#5684,#2627,.T.);
#7188=EDGE_CURVE('',#5692,#5693,#2628,.T.);
#7189=EDGE_CURVE('',#5694,#5693,#2629,.T.);
#7190=EDGE_CURVE('',#5694,#5679,#2630,.T.);
#7191=EDGE_CURVE('',#5695,#5696,#2631,.T.);
#7192=EDGE_CURVE('',#5696,#5694,#2632,.T.);
#7193=EDGE_CURVE('',#5693,#5695,#2633,.T.);
#7194=EDGE_CURVE('',#5697,#5696,#2634,.T.);
#7195=EDGE_CURVE('',#5685,#5697,#2635,.T.);
#7196=EDGE_CURVE('',#5697,#5698,#2636,.T.);
#7197=EDGE_CURVE('',#5698,#5686,#2637,.T.);
#7198=EDGE_CURVE('',#5699,#5682,#2638,.T.);
#7199=EDGE_CURVE('',#5687,#5699,#2639,.T.);
#7200=EDGE_CURVE('',#5674,#5700,#2640,.T.);
#7201=EDGE_CURVE('',#5690,#5700,#2641,.T.);
#7202=EDGE_CURVE('',#5700,#5689,#2642,.T.);
#7203=EDGE_CURVE('',#5699,#5698,#2643,.T.);
#7204=EDGE_CURVE('',#5695,#5691,#2644,.T.);
#7205=EDGE_CURVE('',#5701,#5702,#2645,.T.);
#7206=EDGE_CURVE('',#5701,#5703,#2646,.T.);
#7207=EDGE_CURVE('',#5704,#5703,#2647,.T.);
#7208=EDGE_CURVE('',#5702,#5704,#2648,.T.);
#7209=EDGE_CURVE('',#5705,#5706,#2649,.T.);
#7210=EDGE_CURVE('',#5707,#5705,#2650,.T.);
#7211=EDGE_CURVE('',#5708,#5707,#2651,.T.);
#7212=EDGE_CURVE('',#5706,#5708,#2652,.T.);
#7213=EDGE_CURVE('',#5709,#5701,#2653,.T.);
#7214=EDGE_CURVE('',#5710,#5709,#2654,.T.);
#7215=EDGE_CURVE('',#5703,#5710,#2655,.T.);
#7216=EDGE_CURVE('',#5702,#5711,#2656,.T.);
#7217=EDGE_CURVE('',#5712,#5704,#2657,.T.);
#7218=EDGE_CURVE('',#5711,#5712,#2658,.T.);
#7219=EDGE_CURVE('',#5713,#5710,#2659,.T.);
#7220=EDGE_CURVE('',#5714,#5713,#2660,.T.);
#7221=EDGE_CURVE('',#5715,#5714,#2661,.T.);
#7222=EDGE_CURVE('',#5716,#5715,#2662,.T.);
#7223=EDGE_CURVE('',#5712,#5716,#2663,.T.);
#7224=EDGE_CURVE('',#5709,#5717,#2664,.T.);
#7225=EDGE_CURVE('',#5718,#5717,#2665,.T.);
#7226=EDGE_CURVE('',#5718,#5719,#2666,.T.);
#7227=EDGE_CURVE('',#5713,#5719,#2667,.T.);
#7228=EDGE_CURVE('',#5707,#5720,#2668,.T.);
#7229=EDGE_CURVE('',#5721,#5720,#2669,.T.);
#7230=EDGE_CURVE('',#5708,#5721,#2670,.T.);
#7231=EDGE_CURVE('',#5705,#5722,#2671,.T.);
#7232=EDGE_CURVE('',#5720,#5722,#2672,.T.);
#7233=EDGE_CURVE('',#5715,#5723,#2673,.T.);
#7234=EDGE_CURVE('',#5723,#5724,#2674,.T.);
#7235=EDGE_CURVE('',#5724,#5716,#2675,.T.);
#7236=EDGE_CURVE('',#5724,#5725,#2676,.T.);
#7237=EDGE_CURVE('',#5726,#5725,#2677,.T.);
#7238=EDGE_CURVE('',#5726,#5711,#2678,.T.);
#7239=EDGE_CURVE('',#5727,#5728,#2679,.T.);
#7240=EDGE_CURVE('',#5728,#5726,#2680,.T.);
#7241=EDGE_CURVE('',#5725,#5727,#2681,.T.);
#7242=EDGE_CURVE('',#5729,#5728,#2682,.T.);
#7243=EDGE_CURVE('',#5717,#5729,#2683,.T.);
#7244=EDGE_CURVE('',#5729,#5730,#2684,.T.);
#7245=EDGE_CURVE('',#5730,#5718,#2685,.T.);
#7246=EDGE_CURVE('',#5731,#5714,#2686,.T.);
#7247=EDGE_CURVE('',#5719,#5731,#2687,.T.);
#7248=EDGE_CURVE('',#5706,#5732,#2688,.T.);
#7249=EDGE_CURVE('',#5722,#5732,#2689,.T.);
#7250=EDGE_CURVE('',#5732,#5721,#2690,.T.);
#7251=EDGE_CURVE('',#5731,#5730,#2691,.T.);
#7252=EDGE_CURVE('',#5727,#5723,#2692,.T.);
#7253=EDGE_CURVE('',#5733,#5734,#2693,.T.);
#7254=EDGE_CURVE('',#5733,#5735,#2694,.T.);
#7255=EDGE_CURVE('',#5736,#5735,#2695,.T.);
#7256=EDGE_CURVE('',#5734,#5736,#2696,.T.);
#7257=EDGE_CURVE('',#5737,#5738,#2697,.T.);
#7258=EDGE_CURVE('',#5739,#5737,#2698,.T.);
#7259=EDGE_CURVE('',#5740,#5739,#2699,.T.);
#7260=EDGE_CURVE('',#5738,#5740,#2700,.T.);
#7261=EDGE_CURVE('',#5741,#5733,#2701,.T.);
#7262=EDGE_CURVE('',#5742,#5741,#2702,.T.);
#7263=EDGE_CURVE('',#5735,#5742,#2703,.T.);
#7264=EDGE_CURVE('',#5734,#5743,#2704,.T.);
#7265=EDGE_CURVE('',#5744,#5736,#2705,.T.);
#7266=EDGE_CURVE('',#5743,#5744,#2706,.T.);
#7267=EDGE_CURVE('',#5745,#5742,#2707,.T.);
#7268=EDGE_CURVE('',#5746,#5745,#2708,.T.);
#7269=EDGE_CURVE('',#5747,#5746,#2709,.T.);
#7270=EDGE_CURVE('',#5748,#5747,#2710,.T.);
#7271=EDGE_CURVE('',#5744,#5748,#2711,.T.);
#7272=EDGE_CURVE('',#5741,#5749,#2712,.T.);
#7273=EDGE_CURVE('',#5750,#5749,#2713,.T.);
#7274=EDGE_CURVE('',#5750,#5751,#2714,.T.);
#7275=EDGE_CURVE('',#5745,#5751,#2715,.T.);
#7276=EDGE_CURVE('',#5739,#5752,#2716,.T.);
#7277=EDGE_CURVE('',#5753,#5752,#2717,.T.);
#7278=EDGE_CURVE('',#5740,#5753,#2718,.T.);
#7279=EDGE_CURVE('',#5737,#5754,#2719,.T.);
#7280=EDGE_CURVE('',#5752,#5754,#2720,.T.);
#7281=EDGE_CURVE('',#5747,#5755,#2721,.T.);
#7282=EDGE_CURVE('',#5755,#5756,#2722,.T.);
#7283=EDGE_CURVE('',#5756,#5748,#2723,.T.);
#7284=EDGE_CURVE('',#5756,#5757,#2724,.T.);
#7285=EDGE_CURVE('',#5758,#5757,#2725,.T.);
#7286=EDGE_CURVE('',#5758,#5743,#2726,.T.);
#7287=EDGE_CURVE('',#5759,#5760,#2727,.T.);
#7288=EDGE_CURVE('',#5760,#5758,#2728,.T.);
#7289=EDGE_CURVE('',#5757,#5759,#2729,.T.);
#7290=EDGE_CURVE('',#5761,#5760,#2730,.T.);
#7291=EDGE_CURVE('',#5749,#5761,#2731,.T.);
#7292=EDGE_CURVE('',#5761,#5762,#2732,.T.);
#7293=EDGE_CURVE('',#5762,#5750,#2733,.T.);
#7294=EDGE_CURVE('',#5763,#5746,#2734,.T.);
#7295=EDGE_CURVE('',#5751,#5763,#2735,.T.);
#7296=EDGE_CURVE('',#5738,#5764,#2736,.T.);
#7297=EDGE_CURVE('',#5754,#5764,#2737,.T.);
#7298=EDGE_CURVE('',#5764,#5753,#2738,.T.);
#7299=EDGE_CURVE('',#5763,#5762,#2739,.T.);
#7300=EDGE_CURVE('',#5759,#5755,#2740,.T.);
#7301=EDGE_CURVE('',#5765,#5766,#2741,.T.);
#7302=EDGE_CURVE('',#5765,#5767,#2742,.T.);
#7303=EDGE_CURVE('',#5768,#5767,#2743,.T.);
#7304=EDGE_CURVE('',#5766,#5768,#2744,.T.);
#7305=EDGE_CURVE('',#5769,#5770,#2745,.T.);
#7306=EDGE_CURVE('',#5771,#5769,#2746,.T.);
#7307=EDGE_CURVE('',#5772,#5771,#2747,.T.);
#7308=EDGE_CURVE('',#5770,#5772,#2748,.T.);
#7309=EDGE_CURVE('',#5773,#5765,#2749,.T.);
#7310=EDGE_CURVE('',#5774,#5773,#2750,.T.);
#7311=EDGE_CURVE('',#5767,#5774,#2751,.T.);
#7312=EDGE_CURVE('',#5766,#5775,#2752,.T.);
#7313=EDGE_CURVE('',#5776,#5768,#2753,.T.);
#7314=EDGE_CURVE('',#5775,#5776,#2754,.T.);
#7315=EDGE_CURVE('',#5777,#5774,#2755,.T.);
#7316=EDGE_CURVE('',#5778,#5777,#2756,.T.);
#7317=EDGE_CURVE('',#5779,#5778,#2757,.T.);
#7318=EDGE_CURVE('',#5780,#5779,#2758,.T.);
#7319=EDGE_CURVE('',#5776,#5780,#2759,.T.);
#7320=EDGE_CURVE('',#5773,#5781,#2760,.T.);
#7321=EDGE_CURVE('',#5782,#5781,#2761,.T.);
#7322=EDGE_CURVE('',#5782,#5783,#2762,.T.);
#7323=EDGE_CURVE('',#5777,#5783,#2763,.T.);
#7324=EDGE_CURVE('',#5771,#5784,#2764,.T.);
#7325=EDGE_CURVE('',#5785,#5784,#2765,.T.);
#7326=EDGE_CURVE('',#5772,#5785,#2766,.T.);
#7327=EDGE_CURVE('',#5769,#5786,#2767,.T.);
#7328=EDGE_CURVE('',#5784,#5786,#2768,.T.);
#7329=EDGE_CURVE('',#5779,#5787,#2769,.T.);
#7330=EDGE_CURVE('',#5787,#5788,#2770,.T.);
#7331=EDGE_CURVE('',#5788,#5780,#2771,.T.);
#7332=EDGE_CURVE('',#5788,#5789,#2772,.T.);
#7333=EDGE_CURVE('',#5790,#5789,#2773,.T.);
#7334=EDGE_CURVE('',#5790,#5775,#2774,.T.);
#7335=EDGE_CURVE('',#5791,#5792,#2775,.T.);
#7336=EDGE_CURVE('',#5792,#5790,#2776,.T.);
#7337=EDGE_CURVE('',#5789,#5791,#2777,.T.);
#7338=EDGE_CURVE('',#5793,#5792,#2778,.T.);
#7339=EDGE_CURVE('',#5781,#5793,#2779,.T.);
#7340=EDGE_CURVE('',#5793,#5794,#2780,.T.);
#7341=EDGE_CURVE('',#5794,#5782,#2781,.T.);
#7342=EDGE_CURVE('',#5795,#5778,#2782,.T.);
#7343=EDGE_CURVE('',#5783,#5795,#2783,.T.);
#7344=EDGE_CURVE('',#5770,#5796,#2784,.T.);
#7345=EDGE_CURVE('',#5786,#5796,#2785,.T.);
#7346=EDGE_CURVE('',#5796,#5785,#2786,.T.);
#7347=EDGE_CURVE('',#5795,#5794,#2787,.T.);
#7348=EDGE_CURVE('',#5791,#5787,#2788,.T.);
#7349=EDGE_CURVE('',#5797,#5798,#2789,.T.);
#7350=EDGE_CURVE('',#5797,#5799,#2790,.T.);
#7351=EDGE_CURVE('',#5800,#5799,#2791,.T.);
#7352=EDGE_CURVE('',#5798,#5800,#2792,.T.);
#7353=EDGE_CURVE('',#5801,#5802,#2793,.T.);
#7354=EDGE_CURVE('',#5803,#5801,#2794,.T.);
#7355=EDGE_CURVE('',#5804,#5803,#2795,.T.);
#7356=EDGE_CURVE('',#5802,#5804,#2796,.T.);
#7357=EDGE_CURVE('',#5805,#5797,#2797,.T.);
#7358=EDGE_CURVE('',#5806,#5805,#2798,.T.);
#7359=EDGE_CURVE('',#5799,#5806,#2799,.T.);
#7360=EDGE_CURVE('',#5798,#5807,#2800,.T.);
#7361=EDGE_CURVE('',#5808,#5800,#2801,.T.);
#7362=EDGE_CURVE('',#5807,#5808,#2802,.T.);
#7363=EDGE_CURVE('',#5809,#5806,#2803,.T.);
#7364=EDGE_CURVE('',#5810,#5809,#2804,.T.);
#7365=EDGE_CURVE('',#5811,#5810,#2805,.T.);
#7366=EDGE_CURVE('',#5812,#5811,#2806,.T.);
#7367=EDGE_CURVE('',#5808,#5812,#2807,.T.);
#7368=EDGE_CURVE('',#5805,#5813,#2808,.T.);
#7369=EDGE_CURVE('',#5814,#5813,#2809,.T.);
#7370=EDGE_CURVE('',#5814,#5815,#2810,.T.);
#7371=EDGE_CURVE('',#5809,#5815,#2811,.T.);
#7372=EDGE_CURVE('',#5803,#5816,#2812,.T.);
#7373=EDGE_CURVE('',#5817,#5816,#2813,.T.);
#7374=EDGE_CURVE('',#5804,#5817,#2814,.T.);
#7375=EDGE_CURVE('',#5801,#5818,#2815,.T.);
#7376=EDGE_CURVE('',#5816,#5818,#2816,.T.);
#7377=EDGE_CURVE('',#5811,#5819,#2817,.T.);
#7378=EDGE_CURVE('',#5819,#5820,#2818,.T.);
#7379=EDGE_CURVE('',#5820,#5812,#2819,.T.);
#7380=EDGE_CURVE('',#5820,#5821,#2820,.T.);
#7381=EDGE_CURVE('',#5822,#5821,#2821,.T.);
#7382=EDGE_CURVE('',#5822,#5807,#2822,.T.);
#7383=EDGE_CURVE('',#5823,#5824,#2823,.T.);
#7384=EDGE_CURVE('',#5824,#5822,#2824,.T.);
#7385=EDGE_CURVE('',#5821,#5823,#2825,.T.);
#7386=EDGE_CURVE('',#5825,#5824,#2826,.T.);
#7387=EDGE_CURVE('',#5813,#5825,#2827,.T.);
#7388=EDGE_CURVE('',#5825,#5826,#2828,.T.);
#7389=EDGE_CURVE('',#5826,#5814,#2829,.T.);
#7390=EDGE_CURVE('',#5827,#5810,#2830,.T.);
#7391=EDGE_CURVE('',#5815,#5827,#2831,.T.);
#7392=EDGE_CURVE('',#5802,#5828,#2832,.T.);
#7393=EDGE_CURVE('',#5818,#5828,#2833,.T.);
#7394=EDGE_CURVE('',#5828,#5817,#2834,.T.);
#7395=EDGE_CURVE('',#5827,#5826,#2835,.T.);
#7396=EDGE_CURVE('',#5823,#5819,#2836,.T.);
#7397=EDGE_CURVE('',#5829,#5830,#2837,.T.);
#7398=EDGE_CURVE('',#5829,#5831,#2838,.T.);
#7399=EDGE_CURVE('',#5832,#5831,#2839,.T.);
#7400=EDGE_CURVE('',#5830,#5832,#2840,.T.);
#7401=EDGE_CURVE('',#5833,#5834,#2841,.T.);
#7402=EDGE_CURVE('',#5835,#5833,#2842,.T.);
#7403=EDGE_CURVE('',#5836,#5835,#2843,.T.);
#7404=EDGE_CURVE('',#5834,#5836,#2844,.T.);
#7405=EDGE_CURVE('',#5837,#5829,#2845,.T.);
#7406=EDGE_CURVE('',#5838,#5837,#2846,.T.);
#7407=EDGE_CURVE('',#5831,#5838,#2847,.T.);
#7408=EDGE_CURVE('',#5830,#5839,#2848,.T.);
#7409=EDGE_CURVE('',#5840,#5832,#2849,.T.);
#7410=EDGE_CURVE('',#5839,#5840,#2850,.T.);
#7411=EDGE_CURVE('',#5841,#5838,#2851,.T.);
#7412=EDGE_CURVE('',#5842,#5841,#2852,.T.);
#7413=EDGE_CURVE('',#5843,#5842,#2853,.T.);
#7414=EDGE_CURVE('',#5844,#5843,#2854,.T.);
#7415=EDGE_CURVE('',#5840,#5844,#2855,.T.);
#7416=EDGE_CURVE('',#5837,#5845,#2856,.T.);
#7417=EDGE_CURVE('',#5846,#5845,#2857,.T.);
#7418=EDGE_CURVE('',#5846,#5847,#2858,.T.);
#7419=EDGE_CURVE('',#5841,#5847,#2859,.T.);
#7420=EDGE_CURVE('',#5835,#5848,#2860,.T.);
#7421=EDGE_CURVE('',#5849,#5848,#2861,.T.);
#7422=EDGE_CURVE('',#5836,#5849,#2862,.T.);
#7423=EDGE_CURVE('',#5833,#5850,#2863,.T.);
#7424=EDGE_CURVE('',#5848,#5850,#2864,.T.);
#7425=EDGE_CURVE('',#5843,#5851,#2865,.T.);
#7426=EDGE_CURVE('',#5851,#5852,#2866,.T.);
#7427=EDGE_CURVE('',#5852,#5844,#2867,.T.);
#7428=EDGE_CURVE('',#5852,#5853,#2868,.T.);
#7429=EDGE_CURVE('',#5854,#5853,#2869,.T.);
#7430=EDGE_CURVE('',#5854,#5839,#2870,.T.);
#7431=EDGE_CURVE('',#5855,#5856,#2871,.T.);
#7432=EDGE_CURVE('',#5856,#5854,#2872,.T.);
#7433=EDGE_CURVE('',#5853,#5855,#2873,.T.);
#7434=EDGE_CURVE('',#5857,#5856,#2874,.T.);
#7435=EDGE_CURVE('',#5845,#5857,#2875,.T.);
#7436=EDGE_CURVE('',#5857,#5858,#2876,.T.);
#7437=EDGE_CURVE('',#5858,#5846,#2877,.T.);
#7438=EDGE_CURVE('',#5859,#5842,#2878,.T.);
#7439=EDGE_CURVE('',#5847,#5859,#2879,.T.);
#7440=EDGE_CURVE('',#5834,#5860,#2880,.T.);
#7441=EDGE_CURVE('',#5850,#5860,#2881,.T.);
#7442=EDGE_CURVE('',#5860,#5849,#2882,.T.);
#7443=EDGE_CURVE('',#5859,#5858,#2883,.T.);
#7444=EDGE_CURVE('',#5855,#5851,#2884,.T.);
#7445=EDGE_CURVE('',#5861,#5862,#2885,.T.);
#7446=EDGE_CURVE('',#5861,#5863,#2886,.T.);
#7447=EDGE_CURVE('',#5864,#5863,#2887,.T.);
#7448=EDGE_CURVE('',#5862,#5864,#2888,.T.);
#7449=EDGE_CURVE('',#5865,#5866,#2889,.T.);
#7450=EDGE_CURVE('',#5867,#5865,#2890,.T.);
#7451=EDGE_CURVE('',#5868,#5867,#2891,.T.);
#7452=EDGE_CURVE('',#5866,#5868,#2892,.T.);
#7453=EDGE_CURVE('',#5869,#5861,#2893,.T.);
#7454=EDGE_CURVE('',#5870,#5869,#2894,.T.);
#7455=EDGE_CURVE('',#5863,#5870,#2895,.T.);
#7456=EDGE_CURVE('',#5862,#5871,#2896,.T.);
#7457=EDGE_CURVE('',#5872,#5864,#2897,.T.);
#7458=EDGE_CURVE('',#5871,#5872,#2898,.T.);
#7459=EDGE_CURVE('',#5873,#5870,#2899,.T.);
#7460=EDGE_CURVE('',#5874,#5873,#2900,.T.);
#7461=EDGE_CURVE('',#5875,#5874,#2901,.T.);
#7462=EDGE_CURVE('',#5876,#5875,#2902,.T.);
#7463=EDGE_CURVE('',#5872,#5876,#2903,.T.);
#7464=EDGE_CURVE('',#5869,#5877,#2904,.T.);
#7465=EDGE_CURVE('',#5878,#5877,#2905,.T.);
#7466=EDGE_CURVE('',#5878,#5879,#2906,.T.);
#7467=EDGE_CURVE('',#5873,#5879,#2907,.T.);
#7468=EDGE_CURVE('',#5867,#5880,#2908,.T.);
#7469=EDGE_CURVE('',#5881,#5880,#2909,.T.);
#7470=EDGE_CURVE('',#5868,#5881,#2910,.T.);
#7471=EDGE_CURVE('',#5865,#5882,#2911,.T.);
#7472=EDGE_CURVE('',#5880,#5882,#2912,.T.);
#7473=EDGE_CURVE('',#5875,#5883,#2913,.T.);
#7474=EDGE_CURVE('',#5883,#5884,#2914,.T.);
#7475=EDGE_CURVE('',#5884,#5876,#2915,.T.);
#7476=EDGE_CURVE('',#5884,#5885,#2916,.T.);
#7477=EDGE_CURVE('',#5886,#5885,#2917,.T.);
#7478=EDGE_CURVE('',#5886,#5871,#2918,.T.);
#7479=EDGE_CURVE('',#5887,#5888,#2919,.T.);
#7480=EDGE_CURVE('',#5888,#5886,#2920,.T.);
#7481=EDGE_CURVE('',#5885,#5887,#2921,.T.);
#7482=EDGE_CURVE('',#5889,#5888,#2922,.T.);
#7483=EDGE_CURVE('',#5877,#5889,#2923,.T.);
#7484=EDGE_CURVE('',#5889,#5890,#2924,.T.);
#7485=EDGE_CURVE('',#5890,#5878,#2925,.T.);
#7486=EDGE_CURVE('',#5891,#5874,#2926,.T.);
#7487=EDGE_CURVE('',#5879,#5891,#2927,.T.);
#7488=EDGE_CURVE('',#5866,#5892,#2928,.T.);
#7489=EDGE_CURVE('',#5882,#5892,#2929,.T.);
#7490=EDGE_CURVE('',#5892,#5881,#2930,.T.);
#7491=EDGE_CURVE('',#5891,#5890,#2931,.T.);
#7492=EDGE_CURVE('',#5887,#5883,#2932,.T.);
#7493=EDGE_CURVE('',#5893,#5894,#2933,.T.);
#7494=EDGE_CURVE('',#5893,#5895,#2934,.T.);
#7495=EDGE_CURVE('',#5896,#5895,#2935,.T.);
#7496=EDGE_CURVE('',#5894,#5896,#2936,.T.);
#7497=EDGE_CURVE('',#5897,#5898,#2937,.T.);
#7498=EDGE_CURVE('',#5899,#5897,#2938,.T.);
#7499=EDGE_CURVE('',#5900,#5899,#2939,.T.);
#7500=EDGE_CURVE('',#5898,#5900,#2940,.T.);
#7501=EDGE_CURVE('',#5901,#5893,#2941,.T.);
#7502=EDGE_CURVE('',#5902,#5901,#2942,.T.);
#7503=EDGE_CURVE('',#5895,#5902,#2943,.T.);
#7504=EDGE_CURVE('',#5894,#5903,#2944,.T.);
#7505=EDGE_CURVE('',#5904,#5896,#2945,.T.);
#7506=EDGE_CURVE('',#5903,#5904,#2946,.T.);
#7507=EDGE_CURVE('',#5905,#5902,#2947,.T.);
#7508=EDGE_CURVE('',#5906,#5905,#2948,.T.);
#7509=EDGE_CURVE('',#5907,#5906,#2949,.T.);
#7510=EDGE_CURVE('',#5908,#5907,#2950,.T.);
#7511=EDGE_CURVE('',#5904,#5908,#2951,.T.);
#7512=EDGE_CURVE('',#5901,#5909,#2952,.T.);
#7513=EDGE_CURVE('',#5910,#5909,#2953,.T.);
#7514=EDGE_CURVE('',#5910,#5911,#2954,.T.);
#7515=EDGE_CURVE('',#5905,#5911,#2955,.T.);
#7516=EDGE_CURVE('',#5899,#5912,#2956,.T.);
#7517=EDGE_CURVE('',#5913,#5912,#2957,.T.);
#7518=EDGE_CURVE('',#5900,#5913,#2958,.T.);
#7519=EDGE_CURVE('',#5897,#5914,#2959,.T.);
#7520=EDGE_CURVE('',#5912,#5914,#2960,.T.);
#7521=EDGE_CURVE('',#5907,#5915,#2961,.T.);
#7522=EDGE_CURVE('',#5915,#5916,#2962,.T.);
#7523=EDGE_CURVE('',#5916,#5908,#2963,.T.);
#7524=EDGE_CURVE('',#5916,#5917,#2964,.T.);
#7525=EDGE_CURVE('',#5918,#5917,#2965,.T.);
#7526=EDGE_CURVE('',#5918,#5903,#2966,.T.);
#7527=EDGE_CURVE('',#5919,#5920,#2967,.T.);
#7528=EDGE_CURVE('',#5920,#5918,#2968,.T.);
#7529=EDGE_CURVE('',#5917,#5919,#2969,.T.);
#7530=EDGE_CURVE('',#5921,#5920,#2970,.T.);
#7531=EDGE_CURVE('',#5909,#5921,#2971,.T.);
#7532=EDGE_CURVE('',#5921,#5922,#2972,.T.);
#7533=EDGE_CURVE('',#5922,#5910,#2973,.T.);
#7534=EDGE_CURVE('',#5923,#5906,#2974,.T.);
#7535=EDGE_CURVE('',#5911,#5923,#2975,.T.);
#7536=EDGE_CURVE('',#5898,#5924,#2976,.T.);
#7537=EDGE_CURVE('',#5914,#5924,#2977,.T.);
#7538=EDGE_CURVE('',#5924,#5913,#2978,.T.);
#7539=EDGE_CURVE('',#5923,#5922,#2979,.T.);
#7540=EDGE_CURVE('',#5919,#5915,#2980,.T.);
#7541=EDGE_CURVE('',#5925,#5926,#2981,.T.);
#7542=EDGE_CURVE('',#5925,#5927,#2982,.T.);
#7543=EDGE_CURVE('',#5928,#5927,#2983,.T.);
#7544=EDGE_CURVE('',#5926,#5928,#2984,.T.);
#7545=EDGE_CURVE('',#5929,#5930,#2985,.T.);
#7546=EDGE_CURVE('',#5931,#5929,#2986,.T.);
#7547=EDGE_CURVE('',#5932,#5931,#2987,.T.);
#7548=EDGE_CURVE('',#5930,#5932,#2988,.T.);
#7549=EDGE_CURVE('',#5933,#5925,#2989,.T.);
#7550=EDGE_CURVE('',#5934,#5933,#2990,.T.);
#7551=EDGE_CURVE('',#5927,#5934,#2991,.T.);
#7552=EDGE_CURVE('',#5926,#5935,#2992,.T.);
#7553=EDGE_CURVE('',#5936,#5928,#2993,.T.);
#7554=EDGE_CURVE('',#5935,#5936,#2994,.T.);
#7555=EDGE_CURVE('',#5937,#5934,#2995,.T.);
#7556=EDGE_CURVE('',#5938,#5937,#2996,.T.);
#7557=EDGE_CURVE('',#5939,#5938,#2997,.T.);
#7558=EDGE_CURVE('',#5940,#5939,#2998,.T.);
#7559=EDGE_CURVE('',#5936,#5940,#2999,.T.);
#7560=EDGE_CURVE('',#5933,#5941,#3000,.T.);
#7561=EDGE_CURVE('',#5942,#5941,#3001,.T.);
#7562=EDGE_CURVE('',#5942,#5943,#3002,.T.);
#7563=EDGE_CURVE('',#5937,#5943,#3003,.T.);
#7564=EDGE_CURVE('',#5931,#5944,#3004,.T.);
#7565=EDGE_CURVE('',#5945,#5944,#3005,.T.);
#7566=EDGE_CURVE('',#5932,#5945,#3006,.T.);
#7567=EDGE_CURVE('',#5929,#5946,#3007,.T.);
#7568=EDGE_CURVE('',#5944,#5946,#3008,.T.);
#7569=EDGE_CURVE('',#5939,#5947,#3009,.T.);
#7570=EDGE_CURVE('',#5947,#5948,#3010,.T.);
#7571=EDGE_CURVE('',#5948,#5940,#3011,.T.);
#7572=EDGE_CURVE('',#5948,#5949,#3012,.T.);
#7573=EDGE_CURVE('',#5950,#5949,#3013,.T.);
#7574=EDGE_CURVE('',#5950,#5935,#3014,.T.);
#7575=EDGE_CURVE('',#5951,#5952,#3015,.T.);
#7576=EDGE_CURVE('',#5952,#5950,#3016,.T.);
#7577=EDGE_CURVE('',#5949,#5951,#3017,.T.);
#7578=EDGE_CURVE('',#5953,#5952,#3018,.T.);
#7579=EDGE_CURVE('',#5941,#5953,#3019,.T.);
#7580=EDGE_CURVE('',#5953,#5954,#3020,.T.);
#7581=EDGE_CURVE('',#5954,#5942,#3021,.T.);
#7582=EDGE_CURVE('',#5955,#5938,#3022,.T.);
#7583=EDGE_CURVE('',#5943,#5955,#3023,.T.);
#7584=EDGE_CURVE('',#5930,#5956,#3024,.T.);
#7585=EDGE_CURVE('',#5946,#5956,#3025,.T.);
#7586=EDGE_CURVE('',#5956,#5945,#3026,.T.);
#7587=EDGE_CURVE('',#5955,#5954,#3027,.T.);
#7588=EDGE_CURVE('',#5951,#5947,#3028,.T.);
#7589=EDGE_CURVE('',#5957,#5958,#3029,.T.);
#7590=EDGE_CURVE('',#5957,#5959,#3030,.T.);
#7591=EDGE_CURVE('',#5960,#5959,#3031,.T.);
#7592=EDGE_CURVE('',#5958,#5960,#3032,.T.);
#7593=EDGE_CURVE('',#5961,#5962,#3033,.T.);
#7594=EDGE_CURVE('',#5963,#5961,#3034,.T.);
#7595=EDGE_CURVE('',#5964,#5963,#3035,.T.);
#7596=EDGE_CURVE('',#5962,#5964,#3036,.T.);
#7597=EDGE_CURVE('',#5965,#5957,#3037,.T.);
#7598=EDGE_CURVE('',#5966,#5965,#3038,.T.);
#7599=EDGE_CURVE('',#5959,#5966,#3039,.T.);
#7600=EDGE_CURVE('',#5958,#5967,#3040,.T.);
#7601=EDGE_CURVE('',#5968,#5960,#3041,.T.);
#7602=EDGE_CURVE('',#5967,#5968,#3042,.T.);
#7603=EDGE_CURVE('',#5969,#5966,#3043,.T.);
#7604=EDGE_CURVE('',#5970,#5969,#3044,.T.);
#7605=EDGE_CURVE('',#5971,#5970,#3045,.T.);
#7606=EDGE_CURVE('',#5972,#5971,#3046,.T.);
#7607=EDGE_CURVE('',#5968,#5972,#3047,.T.);
#7608=EDGE_CURVE('',#5965,#5973,#3048,.T.);
#7609=EDGE_CURVE('',#5974,#5973,#3049,.T.);
#7610=EDGE_CURVE('',#5974,#5975,#3050,.T.);
#7611=EDGE_CURVE('',#5969,#5975,#3051,.T.);
#7612=EDGE_CURVE('',#5963,#5976,#3052,.T.);
#7613=EDGE_CURVE('',#5977,#5976,#3053,.T.);
#7614=EDGE_CURVE('',#5964,#5977,#3054,.T.);
#7615=EDGE_CURVE('',#5961,#5978,#3055,.T.);
#7616=EDGE_CURVE('',#5976,#5978,#3056,.T.);
#7617=EDGE_CURVE('',#5971,#5979,#3057,.T.);
#7618=EDGE_CURVE('',#5979,#5980,#3058,.T.);
#7619=EDGE_CURVE('',#5980,#5972,#3059,.T.);
#7620=EDGE_CURVE('',#5980,#5981,#3060,.T.);
#7621=EDGE_CURVE('',#5982,#5981,#3061,.T.);
#7622=EDGE_CURVE('',#5982,#5967,#3062,.T.);
#7623=EDGE_CURVE('',#5983,#5984,#3063,.T.);
#7624=EDGE_CURVE('',#5984,#5982,#3064,.T.);
#7625=EDGE_CURVE('',#5981,#5983,#3065,.T.);
#7626=EDGE_CURVE('',#5985,#5984,#3066,.T.);
#7627=EDGE_CURVE('',#5973,#5985,#3067,.T.);
#7628=EDGE_CURVE('',#5985,#5986,#3068,.T.);
#7629=EDGE_CURVE('',#5986,#5974,#3069,.T.);
#7630=EDGE_CURVE('',#5987,#5970,#3070,.T.);
#7631=EDGE_CURVE('',#5975,#5987,#3071,.T.);
#7632=EDGE_CURVE('',#5962,#5988,#3072,.T.);
#7633=EDGE_CURVE('',#5978,#5988,#3073,.T.);
#7634=EDGE_CURVE('',#5988,#5977,#3074,.T.);
#7635=EDGE_CURVE('',#5987,#5986,#3075,.T.);
#7636=EDGE_CURVE('',#5983,#5979,#3076,.T.);
#7637=EDGE_CURVE('',#5989,#5990,#3077,.T.);
#7638=EDGE_CURVE('',#5989,#5991,#3078,.T.);
#7639=EDGE_CURVE('',#5992,#5991,#3079,.T.);
#7640=EDGE_CURVE('',#5990,#5992,#3080,.T.);
#7641=EDGE_CURVE('',#5993,#5994,#3081,.T.);
#7642=EDGE_CURVE('',#5995,#5993,#3082,.T.);
#7643=EDGE_CURVE('',#5996,#5995,#3083,.T.);
#7644=EDGE_CURVE('',#5994,#5996,#3084,.T.);
#7645=EDGE_CURVE('',#5997,#5989,#3085,.T.);
#7646=EDGE_CURVE('',#5998,#5997,#3086,.T.);
#7647=EDGE_CURVE('',#5991,#5998,#3087,.T.);
#7648=EDGE_CURVE('',#5990,#5999,#3088,.T.);
#7649=EDGE_CURVE('',#6000,#5992,#3089,.T.);
#7650=EDGE_CURVE('',#5999,#6000,#3090,.T.);
#7651=EDGE_CURVE('',#6001,#5998,#3091,.T.);
#7652=EDGE_CURVE('',#6002,#6001,#3092,.T.);
#7653=EDGE_CURVE('',#6003,#6002,#3093,.T.);
#7654=EDGE_CURVE('',#6004,#6003,#3094,.T.);
#7655=EDGE_CURVE('',#6000,#6004,#3095,.T.);
#7656=EDGE_CURVE('',#5997,#6005,#3096,.T.);
#7657=EDGE_CURVE('',#6006,#6005,#3097,.T.);
#7658=EDGE_CURVE('',#6006,#6007,#3098,.T.);
#7659=EDGE_CURVE('',#6001,#6007,#3099,.T.);
#7660=EDGE_CURVE('',#5995,#6008,#3100,.T.);
#7661=EDGE_CURVE('',#6009,#6008,#3101,.T.);
#7662=EDGE_CURVE('',#5996,#6009,#3102,.T.);
#7663=EDGE_CURVE('',#5993,#6010,#3103,.T.);
#7664=EDGE_CURVE('',#6008,#6010,#3104,.T.);
#7665=EDGE_CURVE('',#6003,#6011,#3105,.T.);
#7666=EDGE_CURVE('',#6011,#6012,#3106,.T.);
#7667=EDGE_CURVE('',#6012,#6004,#3107,.T.);
#7668=EDGE_CURVE('',#6012,#6013,#3108,.T.);
#7669=EDGE_CURVE('',#6014,#6013,#3109,.T.);
#7670=EDGE_CURVE('',#6014,#5999,#3110,.T.);
#7671=EDGE_CURVE('',#6015,#6016,#3111,.T.);
#7672=EDGE_CURVE('',#6016,#6014,#3112,.T.);
#7673=EDGE_CURVE('',#6013,#6015,#3113,.T.);
#7674=EDGE_CURVE('',#6017,#6016,#3114,.T.);
#7675=EDGE_CURVE('',#6005,#6017,#3115,.T.);
#7676=EDGE_CURVE('',#6017,#6018,#3116,.T.);
#7677=EDGE_CURVE('',#6018,#6006,#3117,.T.);
#7678=EDGE_CURVE('',#6019,#6002,#3118,.T.);
#7679=EDGE_CURVE('',#6007,#6019,#3119,.T.);
#7680=EDGE_CURVE('',#5994,#6020,#3120,.T.);
#7681=EDGE_CURVE('',#6010,#6020,#3121,.T.);
#7682=EDGE_CURVE('',#6020,#6009,#3122,.T.);
#7683=EDGE_CURVE('',#6019,#6018,#3123,.T.);
#7684=EDGE_CURVE('',#6015,#6011,#3124,.T.);
#7685=EDGE_CURVE('',#6021,#6022,#3125,.T.);
#7686=EDGE_CURVE('',#6021,#6023,#3126,.T.);
#7687=EDGE_CURVE('',#6024,#6023,#3127,.T.);
#7688=EDGE_CURVE('',#6022,#6024,#3128,.T.);
#7689=EDGE_CURVE('',#6025,#6026,#3129,.T.);
#7690=EDGE_CURVE('',#6027,#6025,#3130,.T.);
#7691=EDGE_CURVE('',#6028,#6027,#3131,.T.);
#7692=EDGE_CURVE('',#6026,#6028,#3132,.T.);
#7693=EDGE_CURVE('',#6029,#6021,#3133,.T.);
#7694=EDGE_CURVE('',#6030,#6029,#3134,.T.);
#7695=EDGE_CURVE('',#6023,#6030,#3135,.T.);
#7696=EDGE_CURVE('',#6022,#6031,#3136,.T.);
#7697=EDGE_CURVE('',#6032,#6024,#3137,.T.);
#7698=EDGE_CURVE('',#6031,#6032,#3138,.T.);
#7699=EDGE_CURVE('',#6033,#6030,#3139,.T.);
#7700=EDGE_CURVE('',#6034,#6033,#3140,.T.);
#7701=EDGE_CURVE('',#6035,#6034,#3141,.T.);
#7702=EDGE_CURVE('',#6036,#6035,#3142,.T.);
#7703=EDGE_CURVE('',#6032,#6036,#3143,.T.);
#7704=EDGE_CURVE('',#6029,#6037,#3144,.T.);
#7705=EDGE_CURVE('',#6038,#6037,#3145,.T.);
#7706=EDGE_CURVE('',#6038,#6039,#3146,.T.);
#7707=EDGE_CURVE('',#6033,#6039,#3147,.T.);
#7708=EDGE_CURVE('',#6027,#6040,#3148,.T.);
#7709=EDGE_CURVE('',#6041,#6040,#3149,.T.);
#7710=EDGE_CURVE('',#6028,#6041,#3150,.T.);
#7711=EDGE_CURVE('',#6025,#6042,#3151,.T.);
#7712=EDGE_CURVE('',#6040,#6042,#3152,.T.);
#7713=EDGE_CURVE('',#6035,#6043,#3153,.T.);
#7714=EDGE_CURVE('',#6043,#6044,#3154,.T.);
#7715=EDGE_CURVE('',#6044,#6036,#3155,.T.);
#7716=EDGE_CURVE('',#6044,#6045,#3156,.T.);
#7717=EDGE_CURVE('',#6046,#6045,#3157,.T.);
#7718=EDGE_CURVE('',#6046,#6031,#3158,.T.);
#7719=EDGE_CURVE('',#6047,#6048,#3159,.T.);
#7720=EDGE_CURVE('',#6048,#6046,#3160,.T.);
#7721=EDGE_CURVE('',#6045,#6047,#3161,.T.);
#7722=EDGE_CURVE('',#6049,#6048,#3162,.T.);
#7723=EDGE_CURVE('',#6037,#6049,#3163,.T.);
#7724=EDGE_CURVE('',#6049,#6050,#3164,.T.);
#7725=EDGE_CURVE('',#6050,#6038,#3165,.T.);
#7726=EDGE_CURVE('',#6051,#6034,#3166,.T.);
#7727=EDGE_CURVE('',#6039,#6051,#3167,.T.);
#7728=EDGE_CURVE('',#6026,#6052,#3168,.T.);
#7729=EDGE_CURVE('',#6042,#6052,#3169,.T.);
#7730=EDGE_CURVE('',#6052,#6041,#3170,.T.);
#7731=EDGE_CURVE('',#6051,#6050,#3171,.T.);
#7732=EDGE_CURVE('',#6047,#6043,#3172,.T.);
#7733=EDGE_CURVE('',#6053,#6054,#3173,.T.);
#7734=EDGE_CURVE('',#6053,#6055,#3174,.T.);
#7735=EDGE_CURVE('',#6056,#6055,#3175,.T.);
#7736=EDGE_CURVE('',#6054,#6056,#3176,.T.);
#7737=EDGE_CURVE('',#6057,#6058,#3177,.T.);
#7738=EDGE_CURVE('',#6059,#6057,#3178,.T.);
#7739=EDGE_CURVE('',#6060,#6059,#3179,.T.);
#7740=EDGE_CURVE('',#6058,#6060,#3180,.T.);
#7741=EDGE_CURVE('',#6061,#6053,#3181,.T.);
#7742=EDGE_CURVE('',#6062,#6061,#3182,.T.);
#7743=EDGE_CURVE('',#6055,#6062,#3183,.T.);
#7744=EDGE_CURVE('',#6054,#6063,#3184,.T.);
#7745=EDGE_CURVE('',#6064,#6056,#3185,.T.);
#7746=EDGE_CURVE('',#6063,#6064,#3186,.T.);
#7747=EDGE_CURVE('',#6065,#6062,#3187,.T.);
#7748=EDGE_CURVE('',#6066,#6065,#3188,.T.);
#7749=EDGE_CURVE('',#6067,#6066,#3189,.T.);
#7750=EDGE_CURVE('',#6068,#6067,#3190,.T.);
#7751=EDGE_CURVE('',#6064,#6068,#3191,.T.);
#7752=EDGE_CURVE('',#6061,#6069,#3192,.T.);
#7753=EDGE_CURVE('',#6070,#6069,#3193,.T.);
#7754=EDGE_CURVE('',#6070,#6071,#3194,.T.);
#7755=EDGE_CURVE('',#6065,#6071,#3195,.T.);
#7756=EDGE_CURVE('',#6059,#6072,#3196,.T.);
#7757=EDGE_CURVE('',#6073,#6072,#3197,.T.);
#7758=EDGE_CURVE('',#6060,#6073,#3198,.T.);
#7759=EDGE_CURVE('',#6057,#6074,#3199,.T.);
#7760=EDGE_CURVE('',#6072,#6074,#3200,.T.);
#7761=EDGE_CURVE('',#6067,#6075,#3201,.T.);
#7762=EDGE_CURVE('',#6075,#6076,#3202,.T.);
#7763=EDGE_CURVE('',#6076,#6068,#3203,.T.);
#7764=EDGE_CURVE('',#6076,#6077,#3204,.T.);
#7765=EDGE_CURVE('',#6078,#6077,#3205,.T.);
#7766=EDGE_CURVE('',#6078,#6063,#3206,.T.);
#7767=EDGE_CURVE('',#6079,#6080,#3207,.T.);
#7768=EDGE_CURVE('',#6080,#6078,#3208,.T.);
#7769=EDGE_CURVE('',#6077,#6079,#3209,.T.);
#7770=EDGE_CURVE('',#6081,#6080,#3210,.T.);
#7771=EDGE_CURVE('',#6069,#6081,#3211,.T.);
#7772=EDGE_CURVE('',#6081,#6082,#3212,.T.);
#7773=EDGE_CURVE('',#6082,#6070,#3213,.T.);
#7774=EDGE_CURVE('',#6083,#6066,#3214,.T.);
#7775=EDGE_CURVE('',#6071,#6083,#3215,.T.);
#7776=EDGE_CURVE('',#6058,#6084,#3216,.T.);
#7777=EDGE_CURVE('',#6074,#6084,#3217,.T.);
#7778=EDGE_CURVE('',#6084,#6073,#3218,.T.);
#7779=EDGE_CURVE('',#6083,#6082,#3219,.T.);
#7780=EDGE_CURVE('',#6079,#6075,#3220,.T.);
#7781=EDGE_CURVE('',#6085,#6086,#3221,.T.);
#7782=EDGE_CURVE('',#6085,#6087,#3222,.T.);
#7783=EDGE_CURVE('',#6088,#6087,#3223,.T.);
#7784=EDGE_CURVE('',#6086,#6088,#3224,.T.);
#7785=EDGE_CURVE('',#6089,#6090,#3225,.T.);
#7786=EDGE_CURVE('',#6091,#6089,#3226,.T.);
#7787=EDGE_CURVE('',#6092,#6091,#3227,.T.);
#7788=EDGE_CURVE('',#6090,#6092,#3228,.T.);
#7789=EDGE_CURVE('',#6093,#6085,#3229,.T.);
#7790=EDGE_CURVE('',#6094,#6093,#3230,.T.);
#7791=EDGE_CURVE('',#6087,#6094,#3231,.T.);
#7792=EDGE_CURVE('',#6086,#6095,#3232,.T.);
#7793=EDGE_CURVE('',#6096,#6088,#3233,.T.);
#7794=EDGE_CURVE('',#6095,#6096,#3234,.T.);
#7795=EDGE_CURVE('',#6097,#6094,#3235,.T.);
#7796=EDGE_CURVE('',#6098,#6097,#3236,.T.);
#7797=EDGE_CURVE('',#6099,#6098,#3237,.T.);
#7798=EDGE_CURVE('',#6100,#6099,#3238,.T.);
#7799=EDGE_CURVE('',#6096,#6100,#3239,.T.);
#7800=EDGE_CURVE('',#6093,#6101,#3240,.T.);
#7801=EDGE_CURVE('',#6102,#6101,#3241,.T.);
#7802=EDGE_CURVE('',#6102,#6103,#3242,.T.);
#7803=EDGE_CURVE('',#6097,#6103,#3243,.T.);
#7804=EDGE_CURVE('',#6091,#6104,#3244,.T.);
#7805=EDGE_CURVE('',#6105,#6104,#3245,.T.);
#7806=EDGE_CURVE('',#6092,#6105,#3246,.T.);
#7807=EDGE_CURVE('',#6089,#6106,#3247,.T.);
#7808=EDGE_CURVE('',#6104,#6106,#3248,.T.);
#7809=EDGE_CURVE('',#6099,#6107,#3249,.T.);
#7810=EDGE_CURVE('',#6107,#6108,#3250,.T.);
#7811=EDGE_CURVE('',#6108,#6100,#3251,.T.);
#7812=EDGE_CURVE('',#6108,#6109,#3252,.T.);
#7813=EDGE_CURVE('',#6110,#6109,#3253,.T.);
#7814=EDGE_CURVE('',#6110,#6095,#3254,.T.);
#7815=EDGE_CURVE('',#6111,#6112,#3255,.T.);
#7816=EDGE_CURVE('',#6112,#6110,#3256,.T.);
#7817=EDGE_CURVE('',#6109,#6111,#3257,.T.);
#7818=EDGE_CURVE('',#6113,#6112,#3258,.T.);
#7819=EDGE_CURVE('',#6101,#6113,#3259,.T.);
#7820=EDGE_CURVE('',#6113,#6114,#3260,.T.);
#7821=EDGE_CURVE('',#6114,#6102,#3261,.T.);
#7822=EDGE_CURVE('',#6115,#6098,#3262,.T.);
#7823=EDGE_CURVE('',#6103,#6115,#3263,.T.);
#7824=EDGE_CURVE('',#6090,#6116,#3264,.T.);
#7825=EDGE_CURVE('',#6106,#6116,#3265,.T.);
#7826=EDGE_CURVE('',#6116,#6105,#3266,.T.);
#7827=EDGE_CURVE('',#6115,#6114,#3267,.T.);
#7828=EDGE_CURVE('',#6111,#6107,#3268,.T.);
#7829=EDGE_CURVE('',#6117,#6118,#3269,.T.);
#7830=EDGE_CURVE('',#6117,#6119,#3270,.T.);
#7831=EDGE_CURVE('',#6120,#6119,#3271,.T.);
#7832=EDGE_CURVE('',#6118,#6120,#3272,.T.);
#7833=EDGE_CURVE('',#6121,#6122,#3273,.T.);
#7834=EDGE_CURVE('',#6123,#6121,#3274,.T.);
#7835=EDGE_CURVE('',#6124,#6123,#3275,.T.);
#7836=EDGE_CURVE('',#6122,#6124,#3276,.T.);
#7837=EDGE_CURVE('',#6125,#6117,#3277,.T.);
#7838=EDGE_CURVE('',#6126,#6125,#3278,.T.);
#7839=EDGE_CURVE('',#6119,#6126,#3279,.T.);
#7840=EDGE_CURVE('',#6118,#6127,#3280,.T.);
#7841=EDGE_CURVE('',#6128,#6120,#3281,.T.);
#7842=EDGE_CURVE('',#6127,#6128,#3282,.T.);
#7843=EDGE_CURVE('',#6129,#6126,#3283,.T.);
#7844=EDGE_CURVE('',#6130,#6129,#3284,.T.);
#7845=EDGE_CURVE('',#6131,#6130,#3285,.T.);
#7846=EDGE_CURVE('',#6132,#6131,#3286,.T.);
#7847=EDGE_CURVE('',#6128,#6132,#3287,.T.);
#7848=EDGE_CURVE('',#6125,#6133,#3288,.T.);
#7849=EDGE_CURVE('',#6134,#6133,#3289,.T.);
#7850=EDGE_CURVE('',#6134,#6135,#3290,.T.);
#7851=EDGE_CURVE('',#6129,#6135,#3291,.T.);
#7852=EDGE_CURVE('',#6123,#6136,#3292,.T.);
#7853=EDGE_CURVE('',#6137,#6136,#3293,.T.);
#7854=EDGE_CURVE('',#6124,#6137,#3294,.T.);
#7855=EDGE_CURVE('',#6121,#6138,#3295,.T.);
#7856=EDGE_CURVE('',#6136,#6138,#3296,.T.);
#7857=EDGE_CURVE('',#6131,#6139,#3297,.T.);
#7858=EDGE_CURVE('',#6139,#6140,#3298,.T.);
#7859=EDGE_CURVE('',#6140,#6132,#3299,.T.);
#7860=EDGE_CURVE('',#6140,#6141,#3300,.T.);
#7861=EDGE_CURVE('',#6142,#6141,#3301,.T.);
#7862=EDGE_CURVE('',#6142,#6127,#3302,.T.);
#7863=EDGE_CURVE('',#6143,#6144,#3303,.T.);
#7864=EDGE_CURVE('',#6144,#6142,#3304,.T.);
#7865=EDGE_CURVE('',#6141,#6143,#3305,.T.);
#7866=EDGE_CURVE('',#6145,#6144,#3306,.T.);
#7867=EDGE_CURVE('',#6133,#6145,#3307,.T.);
#7868=EDGE_CURVE('',#6145,#6146,#3308,.T.);
#7869=EDGE_CURVE('',#6146,#6134,#3309,.T.);
#7870=EDGE_CURVE('',#6147,#6130,#3310,.T.);
#7871=EDGE_CURVE('',#6135,#6147,#3311,.T.);
#7872=EDGE_CURVE('',#6122,#6148,#3312,.T.);
#7873=EDGE_CURVE('',#6138,#6148,#3313,.T.);
#7874=EDGE_CURVE('',#6148,#6137,#3314,.T.);
#7875=EDGE_CURVE('',#6147,#6146,#3315,.T.);
#7876=EDGE_CURVE('',#6143,#6139,#3316,.T.);
#7877=EDGE_CURVE('',#6149,#6150,#3317,.T.);
#7878=EDGE_CURVE('',#6149,#6151,#3318,.T.);
#7879=EDGE_CURVE('',#6152,#6151,#3319,.T.);
#7880=EDGE_CURVE('',#6150,#6152,#3320,.T.);
#7881=EDGE_CURVE('',#6153,#6154,#3321,.T.);
#7882=EDGE_CURVE('',#6155,#6153,#3322,.T.);
#7883=EDGE_CURVE('',#6156,#6155,#3323,.T.);
#7884=EDGE_CURVE('',#6154,#6156,#3324,.T.);
#7885=EDGE_CURVE('',#6157,#6149,#3325,.T.);
#7886=EDGE_CURVE('',#6158,#6157,#3326,.T.);
#7887=EDGE_CURVE('',#6151,#6158,#3327,.T.);
#7888=EDGE_CURVE('',#6150,#6159,#3328,.T.);
#7889=EDGE_CURVE('',#6160,#6152,#3329,.T.);
#7890=EDGE_CURVE('',#6159,#6160,#3330,.T.);
#7891=EDGE_CURVE('',#6161,#6158,#3331,.T.);
#7892=EDGE_CURVE('',#6162,#6161,#3332,.T.);
#7893=EDGE_CURVE('',#6163,#6162,#3333,.T.);
#7894=EDGE_CURVE('',#6164,#6163,#3334,.T.);
#7895=EDGE_CURVE('',#6160,#6164,#3335,.T.);
#7896=EDGE_CURVE('',#6157,#6165,#3336,.T.);
#7897=EDGE_CURVE('',#6166,#6165,#3337,.T.);
#7898=EDGE_CURVE('',#6166,#6167,#3338,.T.);
#7899=EDGE_CURVE('',#6161,#6167,#3339,.T.);
#7900=EDGE_CURVE('',#6155,#6168,#3340,.T.);
#7901=EDGE_CURVE('',#6169,#6168,#3341,.T.);
#7902=EDGE_CURVE('',#6156,#6169,#3342,.T.);
#7903=EDGE_CURVE('',#6153,#6170,#3343,.T.);
#7904=EDGE_CURVE('',#6168,#6170,#3344,.T.);
#7905=EDGE_CURVE('',#6163,#6171,#3345,.T.);
#7906=EDGE_CURVE('',#6171,#6172,#3346,.T.);
#7907=EDGE_CURVE('',#6172,#6164,#3347,.T.);
#7908=EDGE_CURVE('',#6172,#6173,#3348,.T.);
#7909=EDGE_CURVE('',#6174,#6173,#3349,.T.);
#7910=EDGE_CURVE('',#6174,#6159,#3350,.T.);
#7911=EDGE_CURVE('',#6175,#6176,#3351,.T.);
#7912=EDGE_CURVE('',#6176,#6174,#3352,.T.);
#7913=EDGE_CURVE('',#6173,#6175,#3353,.T.);
#7914=EDGE_CURVE('',#6177,#6176,#3354,.T.);
#7915=EDGE_CURVE('',#6165,#6177,#3355,.T.);
#7916=EDGE_CURVE('',#6177,#6178,#3356,.T.);
#7917=EDGE_CURVE('',#6178,#6166,#3357,.T.);
#7918=EDGE_CURVE('',#6179,#6162,#3358,.T.);
#7919=EDGE_CURVE('',#6167,#6179,#3359,.T.);
#7920=EDGE_CURVE('',#6154,#6180,#3360,.T.);
#7921=EDGE_CURVE('',#6170,#6180,#3361,.T.);
#7922=EDGE_CURVE('',#6180,#6169,#3362,.T.);
#7923=EDGE_CURVE('',#6179,#6178,#3363,.T.);
#7924=EDGE_CURVE('',#6175,#6171,#3364,.T.);
#7925=EDGE_CURVE('',#6181,#6182,#3365,.T.);
#7926=EDGE_CURVE('',#6181,#6183,#3366,.T.);
#7927=EDGE_CURVE('',#6184,#6183,#3367,.T.);
#7928=EDGE_CURVE('',#6182,#6184,#3368,.T.);
#7929=EDGE_CURVE('',#6185,#6186,#3369,.T.);
#7930=EDGE_CURVE('',#6187,#6185,#3370,.T.);
#7931=EDGE_CURVE('',#6188,#6187,#3371,.T.);
#7932=EDGE_CURVE('',#6186,#6188,#3372,.T.);
#7933=EDGE_CURVE('',#6189,#6181,#3373,.T.);
#7934=EDGE_CURVE('',#6190,#6189,#3374,.T.);
#7935=EDGE_CURVE('',#6183,#6190,#3375,.T.);
#7936=EDGE_CURVE('',#6182,#6191,#3376,.T.);
#7937=EDGE_CURVE('',#6192,#6184,#3377,.T.);
#7938=EDGE_CURVE('',#6191,#6192,#3378,.T.);
#7939=EDGE_CURVE('',#6193,#6190,#3379,.T.);
#7940=EDGE_CURVE('',#6194,#6193,#3380,.T.);
#7941=EDGE_CURVE('',#6195,#6194,#3381,.T.);
#7942=EDGE_CURVE('',#6196,#6195,#3382,.T.);
#7943=EDGE_CURVE('',#6192,#6196,#3383,.T.);
#7944=EDGE_CURVE('',#6189,#6197,#3384,.T.);
#7945=EDGE_CURVE('',#6198,#6197,#3385,.T.);
#7946=EDGE_CURVE('',#6198,#6199,#3386,.T.);
#7947=EDGE_CURVE('',#6193,#6199,#3387,.T.);
#7948=EDGE_CURVE('',#6187,#6200,#3388,.T.);
#7949=EDGE_CURVE('',#6201,#6200,#3389,.T.);
#7950=EDGE_CURVE('',#6188,#6201,#3390,.T.);
#7951=EDGE_CURVE('',#6185,#6202,#3391,.T.);
#7952=EDGE_CURVE('',#6200,#6202,#3392,.T.);
#7953=EDGE_CURVE('',#6195,#6203,#3393,.T.);
#7954=EDGE_CURVE('',#6203,#6204,#3394,.T.);
#7955=EDGE_CURVE('',#6204,#6196,#3395,.T.);
#7956=EDGE_CURVE('',#6204,#6205,#3396,.T.);
#7957=EDGE_CURVE('',#6206,#6205,#3397,.T.);
#7958=EDGE_CURVE('',#6206,#6191,#3398,.T.);
#7959=EDGE_CURVE('',#6207,#6208,#3399,.T.);
#7960=EDGE_CURVE('',#6208,#6206,#3400,.T.);
#7961=EDGE_CURVE('',#6205,#6207,#3401,.T.);
#7962=EDGE_CURVE('',#6209,#6208,#3402,.T.);
#7963=EDGE_CURVE('',#6197,#6209,#3403,.T.);
#7964=EDGE_CURVE('',#6209,#6210,#3404,.T.);
#7965=EDGE_CURVE('',#6210,#6198,#3405,.T.);
#7966=EDGE_CURVE('',#6211,#6194,#3406,.T.);
#7967=EDGE_CURVE('',#6199,#6211,#3407,.T.);
#7968=EDGE_CURVE('',#6186,#6212,#3408,.T.);
#7969=EDGE_CURVE('',#6202,#6212,#3409,.T.);
#7970=EDGE_CURVE('',#6212,#6201,#3410,.T.);
#7971=EDGE_CURVE('',#6211,#6210,#3411,.T.);
#7972=EDGE_CURVE('',#6207,#6203,#3412,.T.);
#7973=ORIENTED_EDGE('',*,*,#6213,.T.);
#7974=ORIENTED_EDGE('',*,*,#6214,.T.);
#7975=ORIENTED_EDGE('',*,*,#6215,.T.);
#7976=ORIENTED_EDGE('',*,*,#6216,.T.);
#7977=ORIENTED_EDGE('',*,*,#6217,.T.);
#7978=ORIENTED_EDGE('',*,*,#6214,.F.);
#7979=ORIENTED_EDGE('',*,*,#6218,.T.);
#7980=ORIENTED_EDGE('',*,*,#6219,.T.);
#7981=ORIENTED_EDGE('',*,*,#6220,.T.);
#7982=ORIENTED_EDGE('',*,*,#6219,.F.);
#7983=ORIENTED_EDGE('',*,*,#6221,.T.);
#7984=ORIENTED_EDGE('',*,*,#6222,.T.);
#7985=ORIENTED_EDGE('',*,*,#6223,.T.);
#7986=ORIENTED_EDGE('',*,*,#6222,.F.);
#7987=ORIENTED_EDGE('',*,*,#6224,.T.);
#7988=ORIENTED_EDGE('',*,*,#6216,.F.);
#7989=ORIENTED_EDGE('',*,*,#6223,.F.);
#7990=ORIENTED_EDGE('',*,*,#6225,.T.);
#7991=ORIENTED_EDGE('',*,*,#6226,.F.);
#7992=ORIENTED_EDGE('',*,*,#6227,.F.);
#7993=ORIENTED_EDGE('',*,*,#6215,.F.);
#7994=ORIENTED_EDGE('',*,*,#6228,.T.);
#7995=ORIENTED_EDGE('',*,*,#6229,.T.);
#7996=ORIENTED_EDGE('',*,*,#6230,.T.);
#7997=ORIENTED_EDGE('',*,*,#6231,.F.);
#7998=ORIENTED_EDGE('',*,*,#6232,.F.);
#7999=ORIENTED_EDGE('',*,*,#6233,.F.);
#8000=ORIENTED_EDGE('',*,*,#6225,.F.);
#8001=ORIENTED_EDGE('',*,*,#6213,.F.);
#8002=ORIENTED_EDGE('',*,*,#6224,.F.);
#8003=ORIENTED_EDGE('',*,*,#6221,.F.);
#8004=ORIENTED_EDGE('',*,*,#6218,.F.);
#8005=ORIENTED_EDGE('',*,*,#6234,.T.);
#8006=ORIENTED_EDGE('',*,*,#6235,.T.);
#8007=ORIENTED_EDGE('',*,*,#6236,.T.);
#8008=ORIENTED_EDGE('',*,*,#6237,.F.);
#8009=ORIENTED_EDGE('',*,*,#6238,.T.);
#8010=ORIENTED_EDGE('',*,*,#6239,.T.);
#8011=ORIENTED_EDGE('',*,*,#6240,.T.);
#8012=ORIENTED_EDGE('',*,*,#6235,.F.);
#8013=ORIENTED_EDGE('',*,*,#6241,.T.);
#8014=ORIENTED_EDGE('',*,*,#6242,.T.);
#8015=ORIENTED_EDGE('',*,*,#6231,.T.);
#8016=ORIENTED_EDGE('',*,*,#6239,.F.);
#8017=ORIENTED_EDGE('',*,*,#6243,.T.);
#8018=ORIENTED_EDGE('',*,*,#6242,.F.);
#8019=ORIENTED_EDGE('',*,*,#6244,.T.);
#8020=ORIENTED_EDGE('',*,*,#6237,.T.);
#8021=ORIENTED_EDGE('',*,*,#6243,.F.);
#8022=ORIENTED_EDGE('',*,*,#6245,.F.);
#8023=ORIENTED_EDGE('',*,*,#6246,.T.);
#8024=ORIENTED_EDGE('',*,*,#6232,.T.);
#8025=ORIENTED_EDGE('',*,*,#6220,.F.);
#8026=ORIENTED_EDGE('',*,*,#6227,.T.);
#8027=ORIENTED_EDGE('',*,*,#6247,.T.);
#8028=ORIENTED_EDGE('',*,*,#6245,.T.);
#8029=ORIENTED_EDGE('',*,*,#6236,.F.);
#8030=ORIENTED_EDGE('',*,*,#6248,.F.);
#8031=ORIENTED_EDGE('',*,*,#6249,.F.);
#8032=ORIENTED_EDGE('',*,*,#6250,.F.);
#8033=ORIENTED_EDGE('',*,*,#6234,.F.);
#8034=ORIENTED_EDGE('',*,*,#6244,.F.);
#8035=ORIENTED_EDGE('',*,*,#6241,.F.);
#8036=ORIENTED_EDGE('',*,*,#6238,.F.);
#8037=ORIENTED_EDGE('',*,*,#6240,.F.);
#8038=ORIENTED_EDGE('',*,*,#6230,.F.);
#8039=ORIENTED_EDGE('',*,*,#6251,.T.);
#8040=ORIENTED_EDGE('',*,*,#6248,.T.);
#8041=ORIENTED_EDGE('',*,*,#6226,.T.);
#8042=ORIENTED_EDGE('',*,*,#6233,.T.);
#8043=ORIENTED_EDGE('',*,*,#6246,.F.);
#8044=ORIENTED_EDGE('',*,*,#6247,.F.);
#8045=ORIENTED_EDGE('',*,*,#6252,.T.);
#8046=ORIENTED_EDGE('',*,*,#6249,.T.);
#8047=ORIENTED_EDGE('',*,*,#6251,.F.);
#8048=ORIENTED_EDGE('',*,*,#6229,.F.);
#8049=ORIENTED_EDGE('',*,*,#6217,.F.);
#8050=ORIENTED_EDGE('',*,*,#6250,.T.);
#8051=ORIENTED_EDGE('',*,*,#6252,.F.);
#8052=ORIENTED_EDGE('',*,*,#6228,.F.);
#8053=ORIENTED_EDGE('',*,*,#6253,.F.);
#8054=ORIENTED_EDGE('',*,*,#6254,.T.);
#8055=ORIENTED_EDGE('',*,*,#6255,.F.);
#8056=ORIENTED_EDGE('',*,*,#6256,.F.);
#8057=ORIENTED_EDGE('',*,*,#6257,.F.);
#8058=ORIENTED_EDGE('',*,*,#6258,.F.);
#8059=ORIENTED_EDGE('',*,*,#6259,.F.);
#8060=ORIENTED_EDGE('',*,*,#6260,.F.);
#8061=ORIENTED_EDGE('',*,*,#6261,.F.);
#8062=ORIENTED_EDGE('',*,*,#6262,.F.);
#8063=ORIENTED_EDGE('',*,*,#6263,.F.);
#8064=ORIENTED_EDGE('',*,*,#6254,.F.);
#8065=ORIENTED_EDGE('',*,*,#6264,.F.);
#8066=ORIENTED_EDGE('',*,*,#6256,.T.);
#8067=ORIENTED_EDGE('',*,*,#6265,.F.);
#8068=ORIENTED_EDGE('',*,*,#6266,.F.);
#8069=ORIENTED_EDGE('',*,*,#6265,.T.);
#8070=ORIENTED_EDGE('',*,*,#6255,.T.);
#8071=ORIENTED_EDGE('',*,*,#6263,.T.);
#8072=ORIENTED_EDGE('',*,*,#6267,.F.);
#8073=ORIENTED_EDGE('',*,*,#6268,.F.);
#8074=ORIENTED_EDGE('',*,*,#6269,.F.);
#8075=ORIENTED_EDGE('',*,*,#6270,.F.);
#8076=ORIENTED_EDGE('',*,*,#6271,.F.);
#8077=ORIENTED_EDGE('',*,*,#6262,.T.);
#8078=ORIENTED_EDGE('',*,*,#6272,.T.);
#8079=ORIENTED_EDGE('',*,*,#6273,.F.);
#8080=ORIENTED_EDGE('',*,*,#6274,.T.);
#8081=ORIENTED_EDGE('',*,*,#6275,.F.);
#8082=ORIENTED_EDGE('',*,*,#6267,.T.);
#8083=ORIENTED_EDGE('',*,*,#6259,.T.);
#8084=ORIENTED_EDGE('',*,*,#6276,.T.);
#8085=ORIENTED_EDGE('',*,*,#6277,.F.);
#8086=ORIENTED_EDGE('',*,*,#6278,.F.);
#8087=ORIENTED_EDGE('',*,*,#6258,.T.);
#8088=ORIENTED_EDGE('',*,*,#6279,.T.);
#8089=ORIENTED_EDGE('',*,*,#6280,.F.);
#8090=ORIENTED_EDGE('',*,*,#6276,.F.);
#8091=ORIENTED_EDGE('',*,*,#6281,.T.);
#8092=ORIENTED_EDGE('',*,*,#6282,.T.);
#8093=ORIENTED_EDGE('',*,*,#6283,.T.);
#8094=ORIENTED_EDGE('',*,*,#6270,.T.);
#8095=ORIENTED_EDGE('',*,*,#6266,.T.);
#8096=ORIENTED_EDGE('',*,*,#6271,.T.);
#8097=ORIENTED_EDGE('',*,*,#6283,.F.);
#8098=ORIENTED_EDGE('',*,*,#6284,.T.);
#8099=ORIENTED_EDGE('',*,*,#6285,.F.);
#8100=ORIENTED_EDGE('',*,*,#6286,.T.);
#8101=ORIENTED_EDGE('',*,*,#6287,.T.);
#8102=ORIENTED_EDGE('',*,*,#6288,.T.);
#8103=ORIENTED_EDGE('',*,*,#6285,.T.);
#8104=ORIENTED_EDGE('',*,*,#6289,.T.);
#8105=ORIENTED_EDGE('',*,*,#6264,.T.);
#8106=ORIENTED_EDGE('',*,*,#6286,.F.);
#8107=ORIENTED_EDGE('',*,*,#6288,.F.);
#8108=ORIENTED_EDGE('',*,*,#6290,.F.);
#8109=ORIENTED_EDGE('',*,*,#6291,.F.);
#8110=ORIENTED_EDGE('',*,*,#6272,.F.);
#8111=ORIENTED_EDGE('',*,*,#6261,.T.);
#8112=ORIENTED_EDGE('',*,*,#6253,.T.);
#8113=ORIENTED_EDGE('',*,*,#6292,.T.);
#8114=ORIENTED_EDGE('',*,*,#6293,.T.);
#8115=ORIENTED_EDGE('',*,*,#6273,.T.);
#8116=ORIENTED_EDGE('',*,*,#6291,.T.);
#8117=ORIENTED_EDGE('',*,*,#6294,.T.);
#8118=ORIENTED_EDGE('',*,*,#6268,.T.);
#8119=ORIENTED_EDGE('',*,*,#6275,.T.);
#8120=ORIENTED_EDGE('',*,*,#6295,.T.);
#8121=ORIENTED_EDGE('',*,*,#6257,.T.);
#8122=ORIENTED_EDGE('',*,*,#6296,.T.);
#8123=ORIENTED_EDGE('',*,*,#6297,.F.);
#8124=ORIENTED_EDGE('',*,*,#6279,.F.);
#8125=ORIENTED_EDGE('',*,*,#6260,.T.);
#8126=ORIENTED_EDGE('',*,*,#6278,.T.);
#8127=ORIENTED_EDGE('',*,*,#6298,.F.);
#8128=ORIENTED_EDGE('',*,*,#6296,.F.);
#8129=ORIENTED_EDGE('',*,*,#6293,.F.);
#8130=ORIENTED_EDGE('',*,*,#6299,.F.);
#8131=ORIENTED_EDGE('',*,*,#6295,.F.);
#8132=ORIENTED_EDGE('',*,*,#6274,.F.);
#8133=ORIENTED_EDGE('',*,*,#6282,.F.);
#8134=ORIENTED_EDGE('',*,*,#6300,.F.);
#8135=ORIENTED_EDGE('',*,*,#6289,.F.);
#8136=ORIENTED_EDGE('',*,*,#6284,.F.);
#8137=ORIENTED_EDGE('',*,*,#6281,.F.);
#8138=ORIENTED_EDGE('',*,*,#6269,.T.);
#8139=ORIENTED_EDGE('',*,*,#6294,.F.);
#8140=ORIENTED_EDGE('',*,*,#6299,.T.);
#8141=ORIENTED_EDGE('',*,*,#6292,.F.);
#8142=ORIENTED_EDGE('',*,*,#6290,.T.);
#8143=ORIENTED_EDGE('',*,*,#6287,.F.);
#8144=ORIENTED_EDGE('',*,*,#6300,.T.);
#8145=ORIENTED_EDGE('',*,*,#6298,.T.);
#8146=ORIENTED_EDGE('',*,*,#6277,.T.);
#8147=ORIENTED_EDGE('',*,*,#6280,.T.);
#8148=ORIENTED_EDGE('',*,*,#6297,.T.);
#8149=ORIENTED_EDGE('',*,*,#6301,.T.);
#8150=ORIENTED_EDGE('',*,*,#6302,.T.);
#8151=ORIENTED_EDGE('',*,*,#6303,.T.);
#8152=ORIENTED_EDGE('',*,*,#6304,.T.);
#8153=ORIENTED_EDGE('',*,*,#6305,.T.);
#8154=ORIENTED_EDGE('',*,*,#6302,.F.);
#8155=ORIENTED_EDGE('',*,*,#6306,.T.);
#8156=ORIENTED_EDGE('',*,*,#6307,.T.);
#8157=ORIENTED_EDGE('',*,*,#6308,.T.);
#8158=ORIENTED_EDGE('',*,*,#6307,.F.);
#8159=ORIENTED_EDGE('',*,*,#6309,.T.);
#8160=ORIENTED_EDGE('',*,*,#6310,.T.);
#8161=ORIENTED_EDGE('',*,*,#6311,.T.);
#8162=ORIENTED_EDGE('',*,*,#6310,.F.);
#8163=ORIENTED_EDGE('',*,*,#6312,.T.);
#8164=ORIENTED_EDGE('',*,*,#6304,.F.);
#8165=ORIENTED_EDGE('',*,*,#6311,.F.);
#8166=ORIENTED_EDGE('',*,*,#6313,.T.);
#8167=ORIENTED_EDGE('',*,*,#6314,.F.);
#8168=ORIENTED_EDGE('',*,*,#6315,.F.);
#8169=ORIENTED_EDGE('',*,*,#6303,.F.);
#8170=ORIENTED_EDGE('',*,*,#6316,.T.);
#8171=ORIENTED_EDGE('',*,*,#6317,.T.);
#8172=ORIENTED_EDGE('',*,*,#6318,.T.);
#8173=ORIENTED_EDGE('',*,*,#6319,.F.);
#8174=ORIENTED_EDGE('',*,*,#6320,.F.);
#8175=ORIENTED_EDGE('',*,*,#6321,.F.);
#8176=ORIENTED_EDGE('',*,*,#6313,.F.);
#8177=ORIENTED_EDGE('',*,*,#6301,.F.);
#8178=ORIENTED_EDGE('',*,*,#6312,.F.);
#8179=ORIENTED_EDGE('',*,*,#6309,.F.);
#8180=ORIENTED_EDGE('',*,*,#6306,.F.);
#8181=ORIENTED_EDGE('',*,*,#6322,.T.);
#8182=ORIENTED_EDGE('',*,*,#6323,.T.);
#8183=ORIENTED_EDGE('',*,*,#6324,.T.);
#8184=ORIENTED_EDGE('',*,*,#6325,.F.);
#8185=ORIENTED_EDGE('',*,*,#6326,.T.);
#8186=ORIENTED_EDGE('',*,*,#6327,.T.);
#8187=ORIENTED_EDGE('',*,*,#6328,.T.);
#8188=ORIENTED_EDGE('',*,*,#6323,.F.);
#8189=ORIENTED_EDGE('',*,*,#6329,.T.);
#8190=ORIENTED_EDGE('',*,*,#6330,.T.);
#8191=ORIENTED_EDGE('',*,*,#6319,.T.);
#8192=ORIENTED_EDGE('',*,*,#6327,.F.);
#8193=ORIENTED_EDGE('',*,*,#6331,.T.);
#8194=ORIENTED_EDGE('',*,*,#6330,.F.);
#8195=ORIENTED_EDGE('',*,*,#6332,.T.);
#8196=ORIENTED_EDGE('',*,*,#6325,.T.);
#8197=ORIENTED_EDGE('',*,*,#6331,.F.);
#8198=ORIENTED_EDGE('',*,*,#6333,.F.);
#8199=ORIENTED_EDGE('',*,*,#6334,.T.);
#8200=ORIENTED_EDGE('',*,*,#6320,.T.);
#8201=ORIENTED_EDGE('',*,*,#6308,.F.);
#8202=ORIENTED_EDGE('',*,*,#6315,.T.);
#8203=ORIENTED_EDGE('',*,*,#6335,.T.);
#8204=ORIENTED_EDGE('',*,*,#6333,.T.);
#8205=ORIENTED_EDGE('',*,*,#6324,.F.);
#8206=ORIENTED_EDGE('',*,*,#6336,.F.);
#8207=ORIENTED_EDGE('',*,*,#6337,.F.);
#8208=ORIENTED_EDGE('',*,*,#6338,.F.);
#8209=ORIENTED_EDGE('',*,*,#6322,.F.);
#8210=ORIENTED_EDGE('',*,*,#6332,.F.);
#8211=ORIENTED_EDGE('',*,*,#6329,.F.);
#8212=ORIENTED_EDGE('',*,*,#6326,.F.);
#8213=ORIENTED_EDGE('',*,*,#6328,.F.);
#8214=ORIENTED_EDGE('',*,*,#6318,.F.);
#8215=ORIENTED_EDGE('',*,*,#6339,.T.);
#8216=ORIENTED_EDGE('',*,*,#6336,.T.);
#8217=ORIENTED_EDGE('',*,*,#6314,.T.);
#8218=ORIENTED_EDGE('',*,*,#6321,.T.);
#8219=ORIENTED_EDGE('',*,*,#6334,.F.);
#8220=ORIENTED_EDGE('',*,*,#6335,.F.);
#8221=ORIENTED_EDGE('',*,*,#6340,.T.);
#8222=ORIENTED_EDGE('',*,*,#6337,.T.);
#8223=ORIENTED_EDGE('',*,*,#6339,.F.);
#8224=ORIENTED_EDGE('',*,*,#6317,.F.);
#8225=ORIENTED_EDGE('',*,*,#6305,.F.);
#8226=ORIENTED_EDGE('',*,*,#6338,.T.);
#8227=ORIENTED_EDGE('',*,*,#6340,.F.);
#8228=ORIENTED_EDGE('',*,*,#6316,.F.);
#8229=ORIENTED_EDGE('',*,*,#6341,.T.);
#8230=ORIENTED_EDGE('',*,*,#6342,.T.);
#8231=ORIENTED_EDGE('',*,*,#6343,.T.);
#8232=ORIENTED_EDGE('',*,*,#6344,.T.);
#8233=ORIENTED_EDGE('',*,*,#6345,.T.);
#8234=ORIENTED_EDGE('',*,*,#6342,.F.);
#8235=ORIENTED_EDGE('',*,*,#6346,.T.);
#8236=ORIENTED_EDGE('',*,*,#6347,.T.);
#8237=ORIENTED_EDGE('',*,*,#6348,.T.);
#8238=ORIENTED_EDGE('',*,*,#6347,.F.);
#8239=ORIENTED_EDGE('',*,*,#6349,.T.);
#8240=ORIENTED_EDGE('',*,*,#6350,.T.);
#8241=ORIENTED_EDGE('',*,*,#6351,.T.);
#8242=ORIENTED_EDGE('',*,*,#6350,.F.);
#8243=ORIENTED_EDGE('',*,*,#6352,.T.);
#8244=ORIENTED_EDGE('',*,*,#6344,.F.);
#8245=ORIENTED_EDGE('',*,*,#6351,.F.);
#8246=ORIENTED_EDGE('',*,*,#6353,.T.);
#8247=ORIENTED_EDGE('',*,*,#6354,.F.);
#8248=ORIENTED_EDGE('',*,*,#6355,.F.);
#8249=ORIENTED_EDGE('',*,*,#6343,.F.);
#8250=ORIENTED_EDGE('',*,*,#6356,.T.);
#8251=ORIENTED_EDGE('',*,*,#6357,.T.);
#8252=ORIENTED_EDGE('',*,*,#6358,.T.);
#8253=ORIENTED_EDGE('',*,*,#6359,.F.);
#8254=ORIENTED_EDGE('',*,*,#6360,.F.);
#8255=ORIENTED_EDGE('',*,*,#6361,.F.);
#8256=ORIENTED_EDGE('',*,*,#6353,.F.);
#8257=ORIENTED_EDGE('',*,*,#6341,.F.);
#8258=ORIENTED_EDGE('',*,*,#6352,.F.);
#8259=ORIENTED_EDGE('',*,*,#6349,.F.);
#8260=ORIENTED_EDGE('',*,*,#6346,.F.);
#8261=ORIENTED_EDGE('',*,*,#6362,.T.);
#8262=ORIENTED_EDGE('',*,*,#6363,.T.);
#8263=ORIENTED_EDGE('',*,*,#6364,.T.);
#8264=ORIENTED_EDGE('',*,*,#6365,.F.);
#8265=ORIENTED_EDGE('',*,*,#6366,.T.);
#8266=ORIENTED_EDGE('',*,*,#6367,.T.);
#8267=ORIENTED_EDGE('',*,*,#6368,.T.);
#8268=ORIENTED_EDGE('',*,*,#6363,.F.);
#8269=ORIENTED_EDGE('',*,*,#6369,.T.);
#8270=ORIENTED_EDGE('',*,*,#6370,.T.);
#8271=ORIENTED_EDGE('',*,*,#6359,.T.);
#8272=ORIENTED_EDGE('',*,*,#6367,.F.);
#8273=ORIENTED_EDGE('',*,*,#6371,.T.);
#8274=ORIENTED_EDGE('',*,*,#6370,.F.);
#8275=ORIENTED_EDGE('',*,*,#6372,.T.);
#8276=ORIENTED_EDGE('',*,*,#6365,.T.);
#8277=ORIENTED_EDGE('',*,*,#6371,.F.);
#8278=ORIENTED_EDGE('',*,*,#6373,.F.);
#8279=ORIENTED_EDGE('',*,*,#6374,.T.);
#8280=ORIENTED_EDGE('',*,*,#6360,.T.);
#8281=ORIENTED_EDGE('',*,*,#6348,.F.);
#8282=ORIENTED_EDGE('',*,*,#6355,.T.);
#8283=ORIENTED_EDGE('',*,*,#6375,.T.);
#8284=ORIENTED_EDGE('',*,*,#6373,.T.);
#8285=ORIENTED_EDGE('',*,*,#6364,.F.);
#8286=ORIENTED_EDGE('',*,*,#6376,.F.);
#8287=ORIENTED_EDGE('',*,*,#6377,.F.);
#8288=ORIENTED_EDGE('',*,*,#6378,.F.);
#8289=ORIENTED_EDGE('',*,*,#6362,.F.);
#8290=ORIENTED_EDGE('',*,*,#6372,.F.);
#8291=ORIENTED_EDGE('',*,*,#6369,.F.);
#8292=ORIENTED_EDGE('',*,*,#6366,.F.);
#8293=ORIENTED_EDGE('',*,*,#6368,.F.);
#8294=ORIENTED_EDGE('',*,*,#6358,.F.);
#8295=ORIENTED_EDGE('',*,*,#6379,.T.);
#8296=ORIENTED_EDGE('',*,*,#6376,.T.);
#8297=ORIENTED_EDGE('',*,*,#6354,.T.);
#8298=ORIENTED_EDGE('',*,*,#6361,.T.);
#8299=ORIENTED_EDGE('',*,*,#6374,.F.);
#8300=ORIENTED_EDGE('',*,*,#6375,.F.);
#8301=ORIENTED_EDGE('',*,*,#6380,.T.);
#8302=ORIENTED_EDGE('',*,*,#6377,.T.);
#8303=ORIENTED_EDGE('',*,*,#6379,.F.);
#8304=ORIENTED_EDGE('',*,*,#6357,.F.);
#8305=ORIENTED_EDGE('',*,*,#6345,.F.);
#8306=ORIENTED_EDGE('',*,*,#6378,.T.);
#8307=ORIENTED_EDGE('',*,*,#6380,.F.);
#8308=ORIENTED_EDGE('',*,*,#6356,.F.);
#8309=ORIENTED_EDGE('',*,*,#6381,.T.);
#8310=ORIENTED_EDGE('',*,*,#6382,.T.);
#8311=ORIENTED_EDGE('',*,*,#6383,.T.);
#8312=ORIENTED_EDGE('',*,*,#6384,.T.);
#8313=ORIENTED_EDGE('',*,*,#6385,.T.);
#8314=ORIENTED_EDGE('',*,*,#6382,.F.);
#8315=ORIENTED_EDGE('',*,*,#6386,.T.);
#8316=ORIENTED_EDGE('',*,*,#6387,.T.);
#8317=ORIENTED_EDGE('',*,*,#6388,.T.);
#8318=ORIENTED_EDGE('',*,*,#6387,.F.);
#8319=ORIENTED_EDGE('',*,*,#6389,.T.);
#8320=ORIENTED_EDGE('',*,*,#6390,.T.);
#8321=ORIENTED_EDGE('',*,*,#6391,.T.);
#8322=ORIENTED_EDGE('',*,*,#6390,.F.);
#8323=ORIENTED_EDGE('',*,*,#6392,.T.);
#8324=ORIENTED_EDGE('',*,*,#6384,.F.);
#8325=ORIENTED_EDGE('',*,*,#6391,.F.);
#8326=ORIENTED_EDGE('',*,*,#6393,.T.);
#8327=ORIENTED_EDGE('',*,*,#6394,.F.);
#8328=ORIENTED_EDGE('',*,*,#6395,.F.);
#8329=ORIENTED_EDGE('',*,*,#6383,.F.);
#8330=ORIENTED_EDGE('',*,*,#6396,.T.);
#8331=ORIENTED_EDGE('',*,*,#6397,.T.);
#8332=ORIENTED_EDGE('',*,*,#6398,.T.);
#8333=ORIENTED_EDGE('',*,*,#6399,.F.);
#8334=ORIENTED_EDGE('',*,*,#6400,.F.);
#8335=ORIENTED_EDGE('',*,*,#6401,.F.);
#8336=ORIENTED_EDGE('',*,*,#6393,.F.);
#8337=ORIENTED_EDGE('',*,*,#6381,.F.);
#8338=ORIENTED_EDGE('',*,*,#6392,.F.);
#8339=ORIENTED_EDGE('',*,*,#6389,.F.);
#8340=ORIENTED_EDGE('',*,*,#6386,.F.);
#8341=ORIENTED_EDGE('',*,*,#6402,.T.);
#8342=ORIENTED_EDGE('',*,*,#6403,.T.);
#8343=ORIENTED_EDGE('',*,*,#6404,.T.);
#8344=ORIENTED_EDGE('',*,*,#6405,.F.);
#8345=ORIENTED_EDGE('',*,*,#6406,.T.);
#8346=ORIENTED_EDGE('',*,*,#6407,.T.);
#8347=ORIENTED_EDGE('',*,*,#6408,.T.);
#8348=ORIENTED_EDGE('',*,*,#6403,.F.);
#8349=ORIENTED_EDGE('',*,*,#6409,.T.);
#8350=ORIENTED_EDGE('',*,*,#6410,.T.);
#8351=ORIENTED_EDGE('',*,*,#6399,.T.);
#8352=ORIENTED_EDGE('',*,*,#6407,.F.);
#8353=ORIENTED_EDGE('',*,*,#6411,.T.);
#8354=ORIENTED_EDGE('',*,*,#6410,.F.);
#8355=ORIENTED_EDGE('',*,*,#6412,.T.);
#8356=ORIENTED_EDGE('',*,*,#6405,.T.);
#8357=ORIENTED_EDGE('',*,*,#6411,.F.);
#8358=ORIENTED_EDGE('',*,*,#6413,.F.);
#8359=ORIENTED_EDGE('',*,*,#6414,.T.);
#8360=ORIENTED_EDGE('',*,*,#6400,.T.);
#8361=ORIENTED_EDGE('',*,*,#6388,.F.);
#8362=ORIENTED_EDGE('',*,*,#6395,.T.);
#8363=ORIENTED_EDGE('',*,*,#6415,.T.);
#8364=ORIENTED_EDGE('',*,*,#6413,.T.);
#8365=ORIENTED_EDGE('',*,*,#6404,.F.);
#8366=ORIENTED_EDGE('',*,*,#6416,.F.);
#8367=ORIENTED_EDGE('',*,*,#6417,.F.);
#8368=ORIENTED_EDGE('',*,*,#6418,.F.);
#8369=ORIENTED_EDGE('',*,*,#6402,.F.);
#8370=ORIENTED_EDGE('',*,*,#6412,.F.);
#8371=ORIENTED_EDGE('',*,*,#6409,.F.);
#8372=ORIENTED_EDGE('',*,*,#6406,.F.);
#8373=ORIENTED_EDGE('',*,*,#6408,.F.);
#8374=ORIENTED_EDGE('',*,*,#6398,.F.);
#8375=ORIENTED_EDGE('',*,*,#6419,.T.);
#8376=ORIENTED_EDGE('',*,*,#6416,.T.);
#8377=ORIENTED_EDGE('',*,*,#6394,.T.);
#8378=ORIENTED_EDGE('',*,*,#6401,.T.);
#8379=ORIENTED_EDGE('',*,*,#6414,.F.);
#8380=ORIENTED_EDGE('',*,*,#6415,.F.);
#8381=ORIENTED_EDGE('',*,*,#6420,.T.);
#8382=ORIENTED_EDGE('',*,*,#6417,.T.);
#8383=ORIENTED_EDGE('',*,*,#6419,.F.);
#8384=ORIENTED_EDGE('',*,*,#6397,.F.);
#8385=ORIENTED_EDGE('',*,*,#6385,.F.);
#8386=ORIENTED_EDGE('',*,*,#6418,.T.);
#8387=ORIENTED_EDGE('',*,*,#6420,.F.);
#8388=ORIENTED_EDGE('',*,*,#6396,.F.);
#8389=ORIENTED_EDGE('',*,*,#6421,.T.);
#8390=ORIENTED_EDGE('',*,*,#6422,.T.);
#8391=ORIENTED_EDGE('',*,*,#6423,.T.);
#8392=ORIENTED_EDGE('',*,*,#6424,.T.);
#8393=ORIENTED_EDGE('',*,*,#6425,.T.);
#8394=ORIENTED_EDGE('',*,*,#6422,.F.);
#8395=ORIENTED_EDGE('',*,*,#6426,.T.);
#8396=ORIENTED_EDGE('',*,*,#6427,.T.);
#8397=ORIENTED_EDGE('',*,*,#6428,.T.);
#8398=ORIENTED_EDGE('',*,*,#6427,.F.);
#8399=ORIENTED_EDGE('',*,*,#6429,.T.);
#8400=ORIENTED_EDGE('',*,*,#6430,.T.);
#8401=ORIENTED_EDGE('',*,*,#6431,.T.);
#8402=ORIENTED_EDGE('',*,*,#6430,.F.);
#8403=ORIENTED_EDGE('',*,*,#6432,.T.);
#8404=ORIENTED_EDGE('',*,*,#6424,.F.);
#8405=ORIENTED_EDGE('',*,*,#6431,.F.);
#8406=ORIENTED_EDGE('',*,*,#6433,.T.);
#8407=ORIENTED_EDGE('',*,*,#6434,.F.);
#8408=ORIENTED_EDGE('',*,*,#6435,.F.);
#8409=ORIENTED_EDGE('',*,*,#6423,.F.);
#8410=ORIENTED_EDGE('',*,*,#6436,.T.);
#8411=ORIENTED_EDGE('',*,*,#6437,.T.);
#8412=ORIENTED_EDGE('',*,*,#6438,.T.);
#8413=ORIENTED_EDGE('',*,*,#6439,.F.);
#8414=ORIENTED_EDGE('',*,*,#6440,.F.);
#8415=ORIENTED_EDGE('',*,*,#6441,.F.);
#8416=ORIENTED_EDGE('',*,*,#6433,.F.);
#8417=ORIENTED_EDGE('',*,*,#6421,.F.);
#8418=ORIENTED_EDGE('',*,*,#6432,.F.);
#8419=ORIENTED_EDGE('',*,*,#6429,.F.);
#8420=ORIENTED_EDGE('',*,*,#6426,.F.);
#8421=ORIENTED_EDGE('',*,*,#6442,.T.);
#8422=ORIENTED_EDGE('',*,*,#6443,.T.);
#8423=ORIENTED_EDGE('',*,*,#6444,.T.);
#8424=ORIENTED_EDGE('',*,*,#6445,.F.);
#8425=ORIENTED_EDGE('',*,*,#6446,.T.);
#8426=ORIENTED_EDGE('',*,*,#6447,.T.);
#8427=ORIENTED_EDGE('',*,*,#6448,.T.);
#8428=ORIENTED_EDGE('',*,*,#6443,.F.);
#8429=ORIENTED_EDGE('',*,*,#6449,.T.);
#8430=ORIENTED_EDGE('',*,*,#6450,.T.);
#8431=ORIENTED_EDGE('',*,*,#6439,.T.);
#8432=ORIENTED_EDGE('',*,*,#6447,.F.);
#8433=ORIENTED_EDGE('',*,*,#6451,.T.);
#8434=ORIENTED_EDGE('',*,*,#6450,.F.);
#8435=ORIENTED_EDGE('',*,*,#6452,.T.);
#8436=ORIENTED_EDGE('',*,*,#6445,.T.);
#8437=ORIENTED_EDGE('',*,*,#6451,.F.);
#8438=ORIENTED_EDGE('',*,*,#6453,.F.);
#8439=ORIENTED_EDGE('',*,*,#6454,.T.);
#8440=ORIENTED_EDGE('',*,*,#6440,.T.);
#8441=ORIENTED_EDGE('',*,*,#6428,.F.);
#8442=ORIENTED_EDGE('',*,*,#6435,.T.);
#8443=ORIENTED_EDGE('',*,*,#6455,.T.);
#8444=ORIENTED_EDGE('',*,*,#6453,.T.);
#8445=ORIENTED_EDGE('',*,*,#6444,.F.);
#8446=ORIENTED_EDGE('',*,*,#6456,.F.);
#8447=ORIENTED_EDGE('',*,*,#6457,.F.);
#8448=ORIENTED_EDGE('',*,*,#6458,.F.);
#8449=ORIENTED_EDGE('',*,*,#6442,.F.);
#8450=ORIENTED_EDGE('',*,*,#6452,.F.);
#8451=ORIENTED_EDGE('',*,*,#6449,.F.);
#8452=ORIENTED_EDGE('',*,*,#6446,.F.);
#8453=ORIENTED_EDGE('',*,*,#6448,.F.);
#8454=ORIENTED_EDGE('',*,*,#6438,.F.);
#8455=ORIENTED_EDGE('',*,*,#6459,.T.);
#8456=ORIENTED_EDGE('',*,*,#6456,.T.);
#8457=ORIENTED_EDGE('',*,*,#6434,.T.);
#8458=ORIENTED_EDGE('',*,*,#6441,.T.);
#8459=ORIENTED_EDGE('',*,*,#6454,.F.);
#8460=ORIENTED_EDGE('',*,*,#6455,.F.);
#8461=ORIENTED_EDGE('',*,*,#6460,.T.);
#8462=ORIENTED_EDGE('',*,*,#6457,.T.);
#8463=ORIENTED_EDGE('',*,*,#6459,.F.);
#8464=ORIENTED_EDGE('',*,*,#6437,.F.);
#8465=ORIENTED_EDGE('',*,*,#6425,.F.);
#8466=ORIENTED_EDGE('',*,*,#6458,.T.);
#8467=ORIENTED_EDGE('',*,*,#6460,.F.);
#8468=ORIENTED_EDGE('',*,*,#6436,.F.);
#8469=ORIENTED_EDGE('',*,*,#6461,.T.);
#8470=ORIENTED_EDGE('',*,*,#6462,.T.);
#8471=ORIENTED_EDGE('',*,*,#6463,.T.);
#8472=ORIENTED_EDGE('',*,*,#6464,.T.);
#8473=ORIENTED_EDGE('',*,*,#6465,.T.);
#8474=ORIENTED_EDGE('',*,*,#6462,.F.);
#8475=ORIENTED_EDGE('',*,*,#6466,.T.);
#8476=ORIENTED_EDGE('',*,*,#6467,.T.);
#8477=ORIENTED_EDGE('',*,*,#6468,.T.);
#8478=ORIENTED_EDGE('',*,*,#6467,.F.);
#8479=ORIENTED_EDGE('',*,*,#6469,.T.);
#8480=ORIENTED_EDGE('',*,*,#6470,.T.);
#8481=ORIENTED_EDGE('',*,*,#6471,.T.);
#8482=ORIENTED_EDGE('',*,*,#6470,.F.);
#8483=ORIENTED_EDGE('',*,*,#6472,.T.);
#8484=ORIENTED_EDGE('',*,*,#6464,.F.);
#8485=ORIENTED_EDGE('',*,*,#6471,.F.);
#8486=ORIENTED_EDGE('',*,*,#6473,.T.);
#8487=ORIENTED_EDGE('',*,*,#6474,.F.);
#8488=ORIENTED_EDGE('',*,*,#6475,.F.);
#8489=ORIENTED_EDGE('',*,*,#6463,.F.);
#8490=ORIENTED_EDGE('',*,*,#6476,.T.);
#8491=ORIENTED_EDGE('',*,*,#6477,.T.);
#8492=ORIENTED_EDGE('',*,*,#6478,.T.);
#8493=ORIENTED_EDGE('',*,*,#6479,.F.);
#8494=ORIENTED_EDGE('',*,*,#6480,.F.);
#8495=ORIENTED_EDGE('',*,*,#6481,.F.);
#8496=ORIENTED_EDGE('',*,*,#6473,.F.);
#8497=ORIENTED_EDGE('',*,*,#6461,.F.);
#8498=ORIENTED_EDGE('',*,*,#6472,.F.);
#8499=ORIENTED_EDGE('',*,*,#6469,.F.);
#8500=ORIENTED_EDGE('',*,*,#6466,.F.);
#8501=ORIENTED_EDGE('',*,*,#6482,.T.);
#8502=ORIENTED_EDGE('',*,*,#6483,.T.);
#8503=ORIENTED_EDGE('',*,*,#6484,.T.);
#8504=ORIENTED_EDGE('',*,*,#6485,.F.);
#8505=ORIENTED_EDGE('',*,*,#6486,.T.);
#8506=ORIENTED_EDGE('',*,*,#6487,.T.);
#8507=ORIENTED_EDGE('',*,*,#6488,.T.);
#8508=ORIENTED_EDGE('',*,*,#6483,.F.);
#8509=ORIENTED_EDGE('',*,*,#6489,.T.);
#8510=ORIENTED_EDGE('',*,*,#6490,.T.);
#8511=ORIENTED_EDGE('',*,*,#6479,.T.);
#8512=ORIENTED_EDGE('',*,*,#6487,.F.);
#8513=ORIENTED_EDGE('',*,*,#6491,.T.);
#8514=ORIENTED_EDGE('',*,*,#6490,.F.);
#8515=ORIENTED_EDGE('',*,*,#6492,.T.);
#8516=ORIENTED_EDGE('',*,*,#6485,.T.);
#8517=ORIENTED_EDGE('',*,*,#6491,.F.);
#8518=ORIENTED_EDGE('',*,*,#6493,.F.);
#8519=ORIENTED_EDGE('',*,*,#6494,.T.);
#8520=ORIENTED_EDGE('',*,*,#6480,.T.);
#8521=ORIENTED_EDGE('',*,*,#6468,.F.);
#8522=ORIENTED_EDGE('',*,*,#6475,.T.);
#8523=ORIENTED_EDGE('',*,*,#6495,.T.);
#8524=ORIENTED_EDGE('',*,*,#6493,.T.);
#8525=ORIENTED_EDGE('',*,*,#6484,.F.);
#8526=ORIENTED_EDGE('',*,*,#6496,.F.);
#8527=ORIENTED_EDGE('',*,*,#6497,.F.);
#8528=ORIENTED_EDGE('',*,*,#6498,.F.);
#8529=ORIENTED_EDGE('',*,*,#6482,.F.);
#8530=ORIENTED_EDGE('',*,*,#6492,.F.);
#8531=ORIENTED_EDGE('',*,*,#6489,.F.);
#8532=ORIENTED_EDGE('',*,*,#6486,.F.);
#8533=ORIENTED_EDGE('',*,*,#6488,.F.);
#8534=ORIENTED_EDGE('',*,*,#6478,.F.);
#8535=ORIENTED_EDGE('',*,*,#6499,.T.);
#8536=ORIENTED_EDGE('',*,*,#6496,.T.);
#8537=ORIENTED_EDGE('',*,*,#6474,.T.);
#8538=ORIENTED_EDGE('',*,*,#6481,.T.);
#8539=ORIENTED_EDGE('',*,*,#6494,.F.);
#8540=ORIENTED_EDGE('',*,*,#6495,.F.);
#8541=ORIENTED_EDGE('',*,*,#6500,.T.);
#8542=ORIENTED_EDGE('',*,*,#6497,.T.);
#8543=ORIENTED_EDGE('',*,*,#6499,.F.);
#8544=ORIENTED_EDGE('',*,*,#6477,.F.);
#8545=ORIENTED_EDGE('',*,*,#6465,.F.);
#8546=ORIENTED_EDGE('',*,*,#6498,.T.);
#8547=ORIENTED_EDGE('',*,*,#6500,.F.);
#8548=ORIENTED_EDGE('',*,*,#6476,.F.);
#8549=ORIENTED_EDGE('',*,*,#6501,.T.);
#8550=ORIENTED_EDGE('',*,*,#6502,.T.);
#8551=ORIENTED_EDGE('',*,*,#6503,.T.);
#8552=ORIENTED_EDGE('',*,*,#6504,.T.);
#8553=ORIENTED_EDGE('',*,*,#6505,.T.);
#8554=ORIENTED_EDGE('',*,*,#6502,.F.);
#8555=ORIENTED_EDGE('',*,*,#6506,.T.);
#8556=ORIENTED_EDGE('',*,*,#6507,.T.);
#8557=ORIENTED_EDGE('',*,*,#6508,.T.);
#8558=ORIENTED_EDGE('',*,*,#6507,.F.);
#8559=ORIENTED_EDGE('',*,*,#6509,.T.);
#8560=ORIENTED_EDGE('',*,*,#6510,.T.);
#8561=ORIENTED_EDGE('',*,*,#6511,.T.);
#8562=ORIENTED_EDGE('',*,*,#6510,.F.);
#8563=ORIENTED_EDGE('',*,*,#6512,.T.);
#8564=ORIENTED_EDGE('',*,*,#6504,.F.);
#8565=ORIENTED_EDGE('',*,*,#6511,.F.);
#8566=ORIENTED_EDGE('',*,*,#6513,.T.);
#8567=ORIENTED_EDGE('',*,*,#6514,.F.);
#8568=ORIENTED_EDGE('',*,*,#6515,.F.);
#8569=ORIENTED_EDGE('',*,*,#6503,.F.);
#8570=ORIENTED_EDGE('',*,*,#6516,.T.);
#8571=ORIENTED_EDGE('',*,*,#6517,.T.);
#8572=ORIENTED_EDGE('',*,*,#6518,.T.);
#8573=ORIENTED_EDGE('',*,*,#6519,.F.);
#8574=ORIENTED_EDGE('',*,*,#6520,.F.);
#8575=ORIENTED_EDGE('',*,*,#6521,.F.);
#8576=ORIENTED_EDGE('',*,*,#6513,.F.);
#8577=ORIENTED_EDGE('',*,*,#6501,.F.);
#8578=ORIENTED_EDGE('',*,*,#6512,.F.);
#8579=ORIENTED_EDGE('',*,*,#6509,.F.);
#8580=ORIENTED_EDGE('',*,*,#6506,.F.);
#8581=ORIENTED_EDGE('',*,*,#6522,.T.);
#8582=ORIENTED_EDGE('',*,*,#6523,.T.);
#8583=ORIENTED_EDGE('',*,*,#6524,.T.);
#8584=ORIENTED_EDGE('',*,*,#6525,.F.);
#8585=ORIENTED_EDGE('',*,*,#6526,.T.);
#8586=ORIENTED_EDGE('',*,*,#6527,.T.);
#8587=ORIENTED_EDGE('',*,*,#6528,.T.);
#8588=ORIENTED_EDGE('',*,*,#6523,.F.);
#8589=ORIENTED_EDGE('',*,*,#6529,.T.);
#8590=ORIENTED_EDGE('',*,*,#6530,.T.);
#8591=ORIENTED_EDGE('',*,*,#6519,.T.);
#8592=ORIENTED_EDGE('',*,*,#6527,.F.);
#8593=ORIENTED_EDGE('',*,*,#6531,.T.);
#8594=ORIENTED_EDGE('',*,*,#6530,.F.);
#8595=ORIENTED_EDGE('',*,*,#6532,.T.);
#8596=ORIENTED_EDGE('',*,*,#6525,.T.);
#8597=ORIENTED_EDGE('',*,*,#6531,.F.);
#8598=ORIENTED_EDGE('',*,*,#6533,.F.);
#8599=ORIENTED_EDGE('',*,*,#6534,.T.);
#8600=ORIENTED_EDGE('',*,*,#6520,.T.);
#8601=ORIENTED_EDGE('',*,*,#6508,.F.);
#8602=ORIENTED_EDGE('',*,*,#6515,.T.);
#8603=ORIENTED_EDGE('',*,*,#6535,.T.);
#8604=ORIENTED_EDGE('',*,*,#6533,.T.);
#8605=ORIENTED_EDGE('',*,*,#6524,.F.);
#8606=ORIENTED_EDGE('',*,*,#6536,.F.);
#8607=ORIENTED_EDGE('',*,*,#6537,.F.);
#8608=ORIENTED_EDGE('',*,*,#6538,.F.);
#8609=ORIENTED_EDGE('',*,*,#6522,.F.);
#8610=ORIENTED_EDGE('',*,*,#6532,.F.);
#8611=ORIENTED_EDGE('',*,*,#6529,.F.);
#8612=ORIENTED_EDGE('',*,*,#6526,.F.);
#8613=ORIENTED_EDGE('',*,*,#6528,.F.);
#8614=ORIENTED_EDGE('',*,*,#6518,.F.);
#8615=ORIENTED_EDGE('',*,*,#6539,.T.);
#8616=ORIENTED_EDGE('',*,*,#6536,.T.);
#8617=ORIENTED_EDGE('',*,*,#6514,.T.);
#8618=ORIENTED_EDGE('',*,*,#6521,.T.);
#8619=ORIENTED_EDGE('',*,*,#6534,.F.);
#8620=ORIENTED_EDGE('',*,*,#6535,.F.);
#8621=ORIENTED_EDGE('',*,*,#6540,.T.);
#8622=ORIENTED_EDGE('',*,*,#6537,.T.);
#8623=ORIENTED_EDGE('',*,*,#6539,.F.);
#8624=ORIENTED_EDGE('',*,*,#6517,.F.);
#8625=ORIENTED_EDGE('',*,*,#6505,.F.);
#8626=ORIENTED_EDGE('',*,*,#6538,.T.);
#8627=ORIENTED_EDGE('',*,*,#6540,.F.);
#8628=ORIENTED_EDGE('',*,*,#6516,.F.);
#8629=ORIENTED_EDGE('',*,*,#6541,.T.);
#8630=ORIENTED_EDGE('',*,*,#6542,.T.);
#8631=ORIENTED_EDGE('',*,*,#6543,.T.);
#8632=ORIENTED_EDGE('',*,*,#6544,.T.);
#8633=ORIENTED_EDGE('',*,*,#6545,.T.);
#8634=ORIENTED_EDGE('',*,*,#6542,.F.);
#8635=ORIENTED_EDGE('',*,*,#6546,.T.);
#8636=ORIENTED_EDGE('',*,*,#6547,.T.);
#8637=ORIENTED_EDGE('',*,*,#6548,.T.);
#8638=ORIENTED_EDGE('',*,*,#6547,.F.);
#8639=ORIENTED_EDGE('',*,*,#6549,.T.);
#8640=ORIENTED_EDGE('',*,*,#6550,.T.);
#8641=ORIENTED_EDGE('',*,*,#6551,.T.);
#8642=ORIENTED_EDGE('',*,*,#6550,.F.);
#8643=ORIENTED_EDGE('',*,*,#6552,.T.);
#8644=ORIENTED_EDGE('',*,*,#6544,.F.);
#8645=ORIENTED_EDGE('',*,*,#6551,.F.);
#8646=ORIENTED_EDGE('',*,*,#6553,.T.);
#8647=ORIENTED_EDGE('',*,*,#6554,.F.);
#8648=ORIENTED_EDGE('',*,*,#6555,.F.);
#8649=ORIENTED_EDGE('',*,*,#6543,.F.);
#8650=ORIENTED_EDGE('',*,*,#6556,.T.);
#8651=ORIENTED_EDGE('',*,*,#6557,.T.);
#8652=ORIENTED_EDGE('',*,*,#6558,.T.);
#8653=ORIENTED_EDGE('',*,*,#6559,.F.);
#8654=ORIENTED_EDGE('',*,*,#6560,.F.);
#8655=ORIENTED_EDGE('',*,*,#6561,.F.);
#8656=ORIENTED_EDGE('',*,*,#6553,.F.);
#8657=ORIENTED_EDGE('',*,*,#6541,.F.);
#8658=ORIENTED_EDGE('',*,*,#6552,.F.);
#8659=ORIENTED_EDGE('',*,*,#6549,.F.);
#8660=ORIENTED_EDGE('',*,*,#6546,.F.);
#8661=ORIENTED_EDGE('',*,*,#6562,.T.);
#8662=ORIENTED_EDGE('',*,*,#6563,.T.);
#8663=ORIENTED_EDGE('',*,*,#6564,.T.);
#8664=ORIENTED_EDGE('',*,*,#6565,.F.);
#8665=ORIENTED_EDGE('',*,*,#6566,.T.);
#8666=ORIENTED_EDGE('',*,*,#6567,.T.);
#8667=ORIENTED_EDGE('',*,*,#6568,.T.);
#8668=ORIENTED_EDGE('',*,*,#6563,.F.);
#8669=ORIENTED_EDGE('',*,*,#6569,.T.);
#8670=ORIENTED_EDGE('',*,*,#6570,.T.);
#8671=ORIENTED_EDGE('',*,*,#6559,.T.);
#8672=ORIENTED_EDGE('',*,*,#6567,.F.);
#8673=ORIENTED_EDGE('',*,*,#6571,.T.);
#8674=ORIENTED_EDGE('',*,*,#6570,.F.);
#8675=ORIENTED_EDGE('',*,*,#6572,.T.);
#8676=ORIENTED_EDGE('',*,*,#6565,.T.);
#8677=ORIENTED_EDGE('',*,*,#6571,.F.);
#8678=ORIENTED_EDGE('',*,*,#6573,.F.);
#8679=ORIENTED_EDGE('',*,*,#6574,.T.);
#8680=ORIENTED_EDGE('',*,*,#6560,.T.);
#8681=ORIENTED_EDGE('',*,*,#6548,.F.);
#8682=ORIENTED_EDGE('',*,*,#6555,.T.);
#8683=ORIENTED_EDGE('',*,*,#6575,.T.);
#8684=ORIENTED_EDGE('',*,*,#6573,.T.);
#8685=ORIENTED_EDGE('',*,*,#6564,.F.);
#8686=ORIENTED_EDGE('',*,*,#6576,.F.);
#8687=ORIENTED_EDGE('',*,*,#6577,.F.);
#8688=ORIENTED_EDGE('',*,*,#6578,.F.);
#8689=ORIENTED_EDGE('',*,*,#6562,.F.);
#8690=ORIENTED_EDGE('',*,*,#6572,.F.);
#8691=ORIENTED_EDGE('',*,*,#6569,.F.);
#8692=ORIENTED_EDGE('',*,*,#6566,.F.);
#8693=ORIENTED_EDGE('',*,*,#6568,.F.);
#8694=ORIENTED_EDGE('',*,*,#6558,.F.);
#8695=ORIENTED_EDGE('',*,*,#6579,.T.);
#8696=ORIENTED_EDGE('',*,*,#6576,.T.);
#8697=ORIENTED_EDGE('',*,*,#6554,.T.);
#8698=ORIENTED_EDGE('',*,*,#6561,.T.);
#8699=ORIENTED_EDGE('',*,*,#6574,.F.);
#8700=ORIENTED_EDGE('',*,*,#6575,.F.);
#8701=ORIENTED_EDGE('',*,*,#6580,.T.);
#8702=ORIENTED_EDGE('',*,*,#6577,.T.);
#8703=ORIENTED_EDGE('',*,*,#6579,.F.);
#8704=ORIENTED_EDGE('',*,*,#6557,.F.);
#8705=ORIENTED_EDGE('',*,*,#6545,.F.);
#8706=ORIENTED_EDGE('',*,*,#6578,.T.);
#8707=ORIENTED_EDGE('',*,*,#6580,.F.);
#8708=ORIENTED_EDGE('',*,*,#6556,.F.);
#8709=ORIENTED_EDGE('',*,*,#6581,.T.);
#8710=ORIENTED_EDGE('',*,*,#6582,.T.);
#8711=ORIENTED_EDGE('',*,*,#6583,.T.);
#8712=ORIENTED_EDGE('',*,*,#6584,.T.);
#8713=ORIENTED_EDGE('',*,*,#6585,.T.);
#8714=ORIENTED_EDGE('',*,*,#6582,.F.);
#8715=ORIENTED_EDGE('',*,*,#6586,.T.);
#8716=ORIENTED_EDGE('',*,*,#6587,.T.);
#8717=ORIENTED_EDGE('',*,*,#6588,.T.);
#8718=ORIENTED_EDGE('',*,*,#6587,.F.);
#8719=ORIENTED_EDGE('',*,*,#6589,.T.);
#8720=ORIENTED_EDGE('',*,*,#6590,.T.);
#8721=ORIENTED_EDGE('',*,*,#6591,.T.);
#8722=ORIENTED_EDGE('',*,*,#6590,.F.);
#8723=ORIENTED_EDGE('',*,*,#6592,.T.);
#8724=ORIENTED_EDGE('',*,*,#6584,.F.);
#8725=ORIENTED_EDGE('',*,*,#6591,.F.);
#8726=ORIENTED_EDGE('',*,*,#6593,.T.);
#8727=ORIENTED_EDGE('',*,*,#6594,.F.);
#8728=ORIENTED_EDGE('',*,*,#6595,.F.);
#8729=ORIENTED_EDGE('',*,*,#6583,.F.);
#8730=ORIENTED_EDGE('',*,*,#6596,.T.);
#8731=ORIENTED_EDGE('',*,*,#6597,.T.);
#8732=ORIENTED_EDGE('',*,*,#6598,.T.);
#8733=ORIENTED_EDGE('',*,*,#6599,.F.);
#8734=ORIENTED_EDGE('',*,*,#6600,.F.);
#8735=ORIENTED_EDGE('',*,*,#6601,.F.);
#8736=ORIENTED_EDGE('',*,*,#6593,.F.);
#8737=ORIENTED_EDGE('',*,*,#6581,.F.);
#8738=ORIENTED_EDGE('',*,*,#6592,.F.);
#8739=ORIENTED_EDGE('',*,*,#6589,.F.);
#8740=ORIENTED_EDGE('',*,*,#6586,.F.);
#8741=ORIENTED_EDGE('',*,*,#6602,.T.);
#8742=ORIENTED_EDGE('',*,*,#6603,.T.);
#8743=ORIENTED_EDGE('',*,*,#6604,.T.);
#8744=ORIENTED_EDGE('',*,*,#6605,.F.);
#8745=ORIENTED_EDGE('',*,*,#6606,.T.);
#8746=ORIENTED_EDGE('',*,*,#6607,.T.);
#8747=ORIENTED_EDGE('',*,*,#6608,.T.);
#8748=ORIENTED_EDGE('',*,*,#6603,.F.);
#8749=ORIENTED_EDGE('',*,*,#6609,.T.);
#8750=ORIENTED_EDGE('',*,*,#6610,.T.);
#8751=ORIENTED_EDGE('',*,*,#6599,.T.);
#8752=ORIENTED_EDGE('',*,*,#6607,.F.);
#8753=ORIENTED_EDGE('',*,*,#6611,.T.);
#8754=ORIENTED_EDGE('',*,*,#6610,.F.);
#8755=ORIENTED_EDGE('',*,*,#6612,.T.);
#8756=ORIENTED_EDGE('',*,*,#6605,.T.);
#8757=ORIENTED_EDGE('',*,*,#6611,.F.);
#8758=ORIENTED_EDGE('',*,*,#6613,.F.);
#8759=ORIENTED_EDGE('',*,*,#6614,.T.);
#8760=ORIENTED_EDGE('',*,*,#6600,.T.);
#8761=ORIENTED_EDGE('',*,*,#6588,.F.);
#8762=ORIENTED_EDGE('',*,*,#6595,.T.);
#8763=ORIENTED_EDGE('',*,*,#6615,.T.);
#8764=ORIENTED_EDGE('',*,*,#6613,.T.);
#8765=ORIENTED_EDGE('',*,*,#6604,.F.);
#8766=ORIENTED_EDGE('',*,*,#6616,.F.);
#8767=ORIENTED_EDGE('',*,*,#6617,.F.);
#8768=ORIENTED_EDGE('',*,*,#6618,.F.);
#8769=ORIENTED_EDGE('',*,*,#6602,.F.);
#8770=ORIENTED_EDGE('',*,*,#6612,.F.);
#8771=ORIENTED_EDGE('',*,*,#6609,.F.);
#8772=ORIENTED_EDGE('',*,*,#6606,.F.);
#8773=ORIENTED_EDGE('',*,*,#6608,.F.);
#8774=ORIENTED_EDGE('',*,*,#6598,.F.);
#8775=ORIENTED_EDGE('',*,*,#6619,.T.);
#8776=ORIENTED_EDGE('',*,*,#6616,.T.);
#8777=ORIENTED_EDGE('',*,*,#6594,.T.);
#8778=ORIENTED_EDGE('',*,*,#6601,.T.);
#8779=ORIENTED_EDGE('',*,*,#6614,.F.);
#8780=ORIENTED_EDGE('',*,*,#6615,.F.);
#8781=ORIENTED_EDGE('',*,*,#6620,.T.);
#8782=ORIENTED_EDGE('',*,*,#6617,.T.);
#8783=ORIENTED_EDGE('',*,*,#6619,.F.);
#8784=ORIENTED_EDGE('',*,*,#6597,.F.);
#8785=ORIENTED_EDGE('',*,*,#6585,.F.);
#8786=ORIENTED_EDGE('',*,*,#6618,.T.);
#8787=ORIENTED_EDGE('',*,*,#6620,.F.);
#8788=ORIENTED_EDGE('',*,*,#6596,.F.);
#8789=ORIENTED_EDGE('',*,*,#6621,.T.);
#8790=ORIENTED_EDGE('',*,*,#6622,.T.);
#8791=ORIENTED_EDGE('',*,*,#6623,.T.);
#8792=ORIENTED_EDGE('',*,*,#6624,.T.);
#8793=ORIENTED_EDGE('',*,*,#6625,.T.);
#8794=ORIENTED_EDGE('',*,*,#6622,.F.);
#8795=ORIENTED_EDGE('',*,*,#6626,.T.);
#8796=ORIENTED_EDGE('',*,*,#6627,.T.);
#8797=ORIENTED_EDGE('',*,*,#6628,.T.);
#8798=ORIENTED_EDGE('',*,*,#6627,.F.);
#8799=ORIENTED_EDGE('',*,*,#6629,.T.);
#8800=ORIENTED_EDGE('',*,*,#6630,.T.);
#8801=ORIENTED_EDGE('',*,*,#6631,.T.);
#8802=ORIENTED_EDGE('',*,*,#6630,.F.);
#8803=ORIENTED_EDGE('',*,*,#6632,.T.);
#8804=ORIENTED_EDGE('',*,*,#6624,.F.);
#8805=ORIENTED_EDGE('',*,*,#6631,.F.);
#8806=ORIENTED_EDGE('',*,*,#6633,.T.);
#8807=ORIENTED_EDGE('',*,*,#6634,.F.);
#8808=ORIENTED_EDGE('',*,*,#6635,.F.);
#8809=ORIENTED_EDGE('',*,*,#6623,.F.);
#8810=ORIENTED_EDGE('',*,*,#6636,.T.);
#8811=ORIENTED_EDGE('',*,*,#6637,.T.);
#8812=ORIENTED_EDGE('',*,*,#6638,.T.);
#8813=ORIENTED_EDGE('',*,*,#6639,.F.);
#8814=ORIENTED_EDGE('',*,*,#6640,.F.);
#8815=ORIENTED_EDGE('',*,*,#6641,.F.);
#8816=ORIENTED_EDGE('',*,*,#6633,.F.);
#8817=ORIENTED_EDGE('',*,*,#6621,.F.);
#8818=ORIENTED_EDGE('',*,*,#6632,.F.);
#8819=ORIENTED_EDGE('',*,*,#6629,.F.);
#8820=ORIENTED_EDGE('',*,*,#6626,.F.);
#8821=ORIENTED_EDGE('',*,*,#6642,.T.);
#8822=ORIENTED_EDGE('',*,*,#6643,.T.);
#8823=ORIENTED_EDGE('',*,*,#6644,.T.);
#8824=ORIENTED_EDGE('',*,*,#6645,.F.);
#8825=ORIENTED_EDGE('',*,*,#6646,.T.);
#8826=ORIENTED_EDGE('',*,*,#6647,.T.);
#8827=ORIENTED_EDGE('',*,*,#6648,.T.);
#8828=ORIENTED_EDGE('',*,*,#6643,.F.);
#8829=ORIENTED_EDGE('',*,*,#6649,.T.);
#8830=ORIENTED_EDGE('',*,*,#6650,.T.);
#8831=ORIENTED_EDGE('',*,*,#6639,.T.);
#8832=ORIENTED_EDGE('',*,*,#6647,.F.);
#8833=ORIENTED_EDGE('',*,*,#6651,.T.);
#8834=ORIENTED_EDGE('',*,*,#6650,.F.);
#8835=ORIENTED_EDGE('',*,*,#6652,.T.);
#8836=ORIENTED_EDGE('',*,*,#6645,.T.);
#8837=ORIENTED_EDGE('',*,*,#6651,.F.);
#8838=ORIENTED_EDGE('',*,*,#6653,.F.);
#8839=ORIENTED_EDGE('',*,*,#6654,.T.);
#8840=ORIENTED_EDGE('',*,*,#6640,.T.);
#8841=ORIENTED_EDGE('',*,*,#6628,.F.);
#8842=ORIENTED_EDGE('',*,*,#6635,.T.);
#8843=ORIENTED_EDGE('',*,*,#6655,.T.);
#8844=ORIENTED_EDGE('',*,*,#6653,.T.);
#8845=ORIENTED_EDGE('',*,*,#6644,.F.);
#8846=ORIENTED_EDGE('',*,*,#6656,.F.);
#8847=ORIENTED_EDGE('',*,*,#6657,.F.);
#8848=ORIENTED_EDGE('',*,*,#6658,.F.);
#8849=ORIENTED_EDGE('',*,*,#6642,.F.);
#8850=ORIENTED_EDGE('',*,*,#6652,.F.);
#8851=ORIENTED_EDGE('',*,*,#6649,.F.);
#8852=ORIENTED_EDGE('',*,*,#6646,.F.);
#8853=ORIENTED_EDGE('',*,*,#6648,.F.);
#8854=ORIENTED_EDGE('',*,*,#6638,.F.);
#8855=ORIENTED_EDGE('',*,*,#6659,.T.);
#8856=ORIENTED_EDGE('',*,*,#6656,.T.);
#8857=ORIENTED_EDGE('',*,*,#6634,.T.);
#8858=ORIENTED_EDGE('',*,*,#6641,.T.);
#8859=ORIENTED_EDGE('',*,*,#6654,.F.);
#8860=ORIENTED_EDGE('',*,*,#6655,.F.);
#8861=ORIENTED_EDGE('',*,*,#6660,.T.);
#8862=ORIENTED_EDGE('',*,*,#6657,.T.);
#8863=ORIENTED_EDGE('',*,*,#6659,.F.);
#8864=ORIENTED_EDGE('',*,*,#6637,.F.);
#8865=ORIENTED_EDGE('',*,*,#6625,.F.);
#8866=ORIENTED_EDGE('',*,*,#6658,.T.);
#8867=ORIENTED_EDGE('',*,*,#6660,.F.);
#8868=ORIENTED_EDGE('',*,*,#6636,.F.);
#8869=ORIENTED_EDGE('',*,*,#6661,.T.);
#8870=ORIENTED_EDGE('',*,*,#6662,.T.);
#8871=ORIENTED_EDGE('',*,*,#6663,.T.);
#8872=ORIENTED_EDGE('',*,*,#6664,.T.);
#8873=ORIENTED_EDGE('',*,*,#6665,.T.);
#8874=ORIENTED_EDGE('',*,*,#6662,.F.);
#8875=ORIENTED_EDGE('',*,*,#6666,.T.);
#8876=ORIENTED_EDGE('',*,*,#6667,.T.);
#8877=ORIENTED_EDGE('',*,*,#6668,.T.);
#8878=ORIENTED_EDGE('',*,*,#6667,.F.);
#8879=ORIENTED_EDGE('',*,*,#6669,.T.);
#8880=ORIENTED_EDGE('',*,*,#6670,.T.);
#8881=ORIENTED_EDGE('',*,*,#6671,.T.);
#8882=ORIENTED_EDGE('',*,*,#6670,.F.);
#8883=ORIENTED_EDGE('',*,*,#6672,.T.);
#8884=ORIENTED_EDGE('',*,*,#6664,.F.);
#8885=ORIENTED_EDGE('',*,*,#6671,.F.);
#8886=ORIENTED_EDGE('',*,*,#6673,.T.);
#8887=ORIENTED_EDGE('',*,*,#6674,.F.);
#8888=ORIENTED_EDGE('',*,*,#6675,.F.);
#8889=ORIENTED_EDGE('',*,*,#6663,.F.);
#8890=ORIENTED_EDGE('',*,*,#6676,.T.);
#8891=ORIENTED_EDGE('',*,*,#6677,.T.);
#8892=ORIENTED_EDGE('',*,*,#6678,.T.);
#8893=ORIENTED_EDGE('',*,*,#6679,.F.);
#8894=ORIENTED_EDGE('',*,*,#6680,.F.);
#8895=ORIENTED_EDGE('',*,*,#6681,.F.);
#8896=ORIENTED_EDGE('',*,*,#6673,.F.);
#8897=ORIENTED_EDGE('',*,*,#6661,.F.);
#8898=ORIENTED_EDGE('',*,*,#6672,.F.);
#8899=ORIENTED_EDGE('',*,*,#6669,.F.);
#8900=ORIENTED_EDGE('',*,*,#6666,.F.);
#8901=ORIENTED_EDGE('',*,*,#6682,.T.);
#8902=ORIENTED_EDGE('',*,*,#6683,.T.);
#8903=ORIENTED_EDGE('',*,*,#6684,.T.);
#8904=ORIENTED_EDGE('',*,*,#6685,.F.);
#8905=ORIENTED_EDGE('',*,*,#6686,.T.);
#8906=ORIENTED_EDGE('',*,*,#6687,.T.);
#8907=ORIENTED_EDGE('',*,*,#6688,.T.);
#8908=ORIENTED_EDGE('',*,*,#6683,.F.);
#8909=ORIENTED_EDGE('',*,*,#6689,.T.);
#8910=ORIENTED_EDGE('',*,*,#6690,.T.);
#8911=ORIENTED_EDGE('',*,*,#6679,.T.);
#8912=ORIENTED_EDGE('',*,*,#6687,.F.);
#8913=ORIENTED_EDGE('',*,*,#6691,.T.);
#8914=ORIENTED_EDGE('',*,*,#6690,.F.);
#8915=ORIENTED_EDGE('',*,*,#6692,.T.);
#8916=ORIENTED_EDGE('',*,*,#6685,.T.);
#8917=ORIENTED_EDGE('',*,*,#6691,.F.);
#8918=ORIENTED_EDGE('',*,*,#6693,.F.);
#8919=ORIENTED_EDGE('',*,*,#6694,.T.);
#8920=ORIENTED_EDGE('',*,*,#6680,.T.);
#8921=ORIENTED_EDGE('',*,*,#6668,.F.);
#8922=ORIENTED_EDGE('',*,*,#6675,.T.);
#8923=ORIENTED_EDGE('',*,*,#6695,.T.);
#8924=ORIENTED_EDGE('',*,*,#6693,.T.);
#8925=ORIENTED_EDGE('',*,*,#6684,.F.);
#8926=ORIENTED_EDGE('',*,*,#6696,.F.);
#8927=ORIENTED_EDGE('',*,*,#6697,.F.);
#8928=ORIENTED_EDGE('',*,*,#6698,.F.);
#8929=ORIENTED_EDGE('',*,*,#6682,.F.);
#8930=ORIENTED_EDGE('',*,*,#6692,.F.);
#8931=ORIENTED_EDGE('',*,*,#6689,.F.);
#8932=ORIENTED_EDGE('',*,*,#6686,.F.);
#8933=ORIENTED_EDGE('',*,*,#6688,.F.);
#8934=ORIENTED_EDGE('',*,*,#6678,.F.);
#8935=ORIENTED_EDGE('',*,*,#6699,.T.);
#8936=ORIENTED_EDGE('',*,*,#6696,.T.);
#8937=ORIENTED_EDGE('',*,*,#6674,.T.);
#8938=ORIENTED_EDGE('',*,*,#6681,.T.);
#8939=ORIENTED_EDGE('',*,*,#6694,.F.);
#8940=ORIENTED_EDGE('',*,*,#6695,.F.);
#8941=ORIENTED_EDGE('',*,*,#6700,.T.);
#8942=ORIENTED_EDGE('',*,*,#6697,.T.);
#8943=ORIENTED_EDGE('',*,*,#6699,.F.);
#8944=ORIENTED_EDGE('',*,*,#6677,.F.);
#8945=ORIENTED_EDGE('',*,*,#6665,.F.);
#8946=ORIENTED_EDGE('',*,*,#6698,.T.);
#8947=ORIENTED_EDGE('',*,*,#6700,.F.);
#8948=ORIENTED_EDGE('',*,*,#6676,.F.);
#8949=ORIENTED_EDGE('',*,*,#6701,.T.);
#8950=ORIENTED_EDGE('',*,*,#6702,.T.);
#8951=ORIENTED_EDGE('',*,*,#6703,.T.);
#8952=ORIENTED_EDGE('',*,*,#6704,.T.);
#8953=ORIENTED_EDGE('',*,*,#6705,.T.);
#8954=ORIENTED_EDGE('',*,*,#6702,.F.);
#8955=ORIENTED_EDGE('',*,*,#6706,.T.);
#8956=ORIENTED_EDGE('',*,*,#6707,.T.);
#8957=ORIENTED_EDGE('',*,*,#6708,.T.);
#8958=ORIENTED_EDGE('',*,*,#6707,.F.);
#8959=ORIENTED_EDGE('',*,*,#6709,.T.);
#8960=ORIENTED_EDGE('',*,*,#6710,.T.);
#8961=ORIENTED_EDGE('',*,*,#6711,.T.);
#8962=ORIENTED_EDGE('',*,*,#6710,.F.);
#8963=ORIENTED_EDGE('',*,*,#6712,.T.);
#8964=ORIENTED_EDGE('',*,*,#6704,.F.);
#8965=ORIENTED_EDGE('',*,*,#6711,.F.);
#8966=ORIENTED_EDGE('',*,*,#6713,.T.);
#8967=ORIENTED_EDGE('',*,*,#6714,.F.);
#8968=ORIENTED_EDGE('',*,*,#6715,.F.);
#8969=ORIENTED_EDGE('',*,*,#6703,.F.);
#8970=ORIENTED_EDGE('',*,*,#6716,.T.);
#8971=ORIENTED_EDGE('',*,*,#6717,.T.);
#8972=ORIENTED_EDGE('',*,*,#6718,.T.);
#8973=ORIENTED_EDGE('',*,*,#6719,.F.);
#8974=ORIENTED_EDGE('',*,*,#6720,.F.);
#8975=ORIENTED_EDGE('',*,*,#6721,.F.);
#8976=ORIENTED_EDGE('',*,*,#6713,.F.);
#8977=ORIENTED_EDGE('',*,*,#6701,.F.);
#8978=ORIENTED_EDGE('',*,*,#6712,.F.);
#8979=ORIENTED_EDGE('',*,*,#6709,.F.);
#8980=ORIENTED_EDGE('',*,*,#6706,.F.);
#8981=ORIENTED_EDGE('',*,*,#6722,.T.);
#8982=ORIENTED_EDGE('',*,*,#6723,.T.);
#8983=ORIENTED_EDGE('',*,*,#6724,.T.);
#8984=ORIENTED_EDGE('',*,*,#6725,.F.);
#8985=ORIENTED_EDGE('',*,*,#6726,.T.);
#8986=ORIENTED_EDGE('',*,*,#6727,.T.);
#8987=ORIENTED_EDGE('',*,*,#6728,.T.);
#8988=ORIENTED_EDGE('',*,*,#6723,.F.);
#8989=ORIENTED_EDGE('',*,*,#6729,.T.);
#8990=ORIENTED_EDGE('',*,*,#6730,.T.);
#8991=ORIENTED_EDGE('',*,*,#6719,.T.);
#8992=ORIENTED_EDGE('',*,*,#6727,.F.);
#8993=ORIENTED_EDGE('',*,*,#6731,.T.);
#8994=ORIENTED_EDGE('',*,*,#6730,.F.);
#8995=ORIENTED_EDGE('',*,*,#6732,.T.);
#8996=ORIENTED_EDGE('',*,*,#6725,.T.);
#8997=ORIENTED_EDGE('',*,*,#6731,.F.);
#8998=ORIENTED_EDGE('',*,*,#6733,.F.);
#8999=ORIENTED_EDGE('',*,*,#6734,.T.);
#9000=ORIENTED_EDGE('',*,*,#6720,.T.);
#9001=ORIENTED_EDGE('',*,*,#6708,.F.);
#9002=ORIENTED_EDGE('',*,*,#6715,.T.);
#9003=ORIENTED_EDGE('',*,*,#6735,.T.);
#9004=ORIENTED_EDGE('',*,*,#6733,.T.);
#9005=ORIENTED_EDGE('',*,*,#6724,.F.);
#9006=ORIENTED_EDGE('',*,*,#6736,.F.);
#9007=ORIENTED_EDGE('',*,*,#6737,.F.);
#9008=ORIENTED_EDGE('',*,*,#6738,.F.);
#9009=ORIENTED_EDGE('',*,*,#6722,.F.);
#9010=ORIENTED_EDGE('',*,*,#6732,.F.);
#9011=ORIENTED_EDGE('',*,*,#6729,.F.);
#9012=ORIENTED_EDGE('',*,*,#6726,.F.);
#9013=ORIENTED_EDGE('',*,*,#6728,.F.);
#9014=ORIENTED_EDGE('',*,*,#6718,.F.);
#9015=ORIENTED_EDGE('',*,*,#6739,.T.);
#9016=ORIENTED_EDGE('',*,*,#6736,.T.);
#9017=ORIENTED_EDGE('',*,*,#6714,.T.);
#9018=ORIENTED_EDGE('',*,*,#6721,.T.);
#9019=ORIENTED_EDGE('',*,*,#6734,.F.);
#9020=ORIENTED_EDGE('',*,*,#6735,.F.);
#9021=ORIENTED_EDGE('',*,*,#6740,.T.);
#9022=ORIENTED_EDGE('',*,*,#6737,.T.);
#9023=ORIENTED_EDGE('',*,*,#6739,.F.);
#9024=ORIENTED_EDGE('',*,*,#6717,.F.);
#9025=ORIENTED_EDGE('',*,*,#6705,.F.);
#9026=ORIENTED_EDGE('',*,*,#6738,.T.);
#9027=ORIENTED_EDGE('',*,*,#6740,.F.);
#9028=ORIENTED_EDGE('',*,*,#6716,.F.);
#9029=ORIENTED_EDGE('',*,*,#6741,.T.);
#9030=ORIENTED_EDGE('',*,*,#6742,.T.);
#9031=ORIENTED_EDGE('',*,*,#6743,.T.);
#9032=ORIENTED_EDGE('',*,*,#6744,.T.);
#9033=ORIENTED_EDGE('',*,*,#6745,.T.);
#9034=ORIENTED_EDGE('',*,*,#6742,.F.);
#9035=ORIENTED_EDGE('',*,*,#6746,.T.);
#9036=ORIENTED_EDGE('',*,*,#6747,.T.);
#9037=ORIENTED_EDGE('',*,*,#6748,.T.);
#9038=ORIENTED_EDGE('',*,*,#6747,.F.);
#9039=ORIENTED_EDGE('',*,*,#6749,.T.);
#9040=ORIENTED_EDGE('',*,*,#6750,.T.);
#9041=ORIENTED_EDGE('',*,*,#6751,.T.);
#9042=ORIENTED_EDGE('',*,*,#6750,.F.);
#9043=ORIENTED_EDGE('',*,*,#6752,.T.);
#9044=ORIENTED_EDGE('',*,*,#6744,.F.);
#9045=ORIENTED_EDGE('',*,*,#6751,.F.);
#9046=ORIENTED_EDGE('',*,*,#6753,.T.);
#9047=ORIENTED_EDGE('',*,*,#6754,.F.);
#9048=ORIENTED_EDGE('',*,*,#6755,.F.);
#9049=ORIENTED_EDGE('',*,*,#6743,.F.);
#9050=ORIENTED_EDGE('',*,*,#6756,.T.);
#9051=ORIENTED_EDGE('',*,*,#6757,.T.);
#9052=ORIENTED_EDGE('',*,*,#6758,.T.);
#9053=ORIENTED_EDGE('',*,*,#6759,.F.);
#9054=ORIENTED_EDGE('',*,*,#6760,.F.);
#9055=ORIENTED_EDGE('',*,*,#6761,.F.);
#9056=ORIENTED_EDGE('',*,*,#6753,.F.);
#9057=ORIENTED_EDGE('',*,*,#6741,.F.);
#9058=ORIENTED_EDGE('',*,*,#6752,.F.);
#9059=ORIENTED_EDGE('',*,*,#6749,.F.);
#9060=ORIENTED_EDGE('',*,*,#6746,.F.);
#9061=ORIENTED_EDGE('',*,*,#6762,.T.);
#9062=ORIENTED_EDGE('',*,*,#6763,.T.);
#9063=ORIENTED_EDGE('',*,*,#6764,.T.);
#9064=ORIENTED_EDGE('',*,*,#6765,.F.);
#9065=ORIENTED_EDGE('',*,*,#6766,.T.);
#9066=ORIENTED_EDGE('',*,*,#6767,.T.);
#9067=ORIENTED_EDGE('',*,*,#6768,.T.);
#9068=ORIENTED_EDGE('',*,*,#6763,.F.);
#9069=ORIENTED_EDGE('',*,*,#6769,.T.);
#9070=ORIENTED_EDGE('',*,*,#6770,.T.);
#9071=ORIENTED_EDGE('',*,*,#6759,.T.);
#9072=ORIENTED_EDGE('',*,*,#6767,.F.);
#9073=ORIENTED_EDGE('',*,*,#6771,.T.);
#9074=ORIENTED_EDGE('',*,*,#6770,.F.);
#9075=ORIENTED_EDGE('',*,*,#6772,.T.);
#9076=ORIENTED_EDGE('',*,*,#6765,.T.);
#9077=ORIENTED_EDGE('',*,*,#6771,.F.);
#9078=ORIENTED_EDGE('',*,*,#6773,.F.);
#9079=ORIENTED_EDGE('',*,*,#6774,.T.);
#9080=ORIENTED_EDGE('',*,*,#6760,.T.);
#9081=ORIENTED_EDGE('',*,*,#6748,.F.);
#9082=ORIENTED_EDGE('',*,*,#6755,.T.);
#9083=ORIENTED_EDGE('',*,*,#6775,.T.);
#9084=ORIENTED_EDGE('',*,*,#6773,.T.);
#9085=ORIENTED_EDGE('',*,*,#6764,.F.);
#9086=ORIENTED_EDGE('',*,*,#6776,.F.);
#9087=ORIENTED_EDGE('',*,*,#6777,.F.);
#9088=ORIENTED_EDGE('',*,*,#6778,.F.);
#9089=ORIENTED_EDGE('',*,*,#6762,.F.);
#9090=ORIENTED_EDGE('',*,*,#6772,.F.);
#9091=ORIENTED_EDGE('',*,*,#6769,.F.);
#9092=ORIENTED_EDGE('',*,*,#6766,.F.);
#9093=ORIENTED_EDGE('',*,*,#6768,.F.);
#9094=ORIENTED_EDGE('',*,*,#6758,.F.);
#9095=ORIENTED_EDGE('',*,*,#6779,.T.);
#9096=ORIENTED_EDGE('',*,*,#6776,.T.);
#9097=ORIENTED_EDGE('',*,*,#6754,.T.);
#9098=ORIENTED_EDGE('',*,*,#6761,.T.);
#9099=ORIENTED_EDGE('',*,*,#6774,.F.);
#9100=ORIENTED_EDGE('',*,*,#6775,.F.);
#9101=ORIENTED_EDGE('',*,*,#6780,.T.);
#9102=ORIENTED_EDGE('',*,*,#6777,.T.);
#9103=ORIENTED_EDGE('',*,*,#6779,.F.);
#9104=ORIENTED_EDGE('',*,*,#6757,.F.);
#9105=ORIENTED_EDGE('',*,*,#6745,.F.);
#9106=ORIENTED_EDGE('',*,*,#6778,.T.);
#9107=ORIENTED_EDGE('',*,*,#6780,.F.);
#9108=ORIENTED_EDGE('',*,*,#6756,.F.);
#9109=ORIENTED_EDGE('',*,*,#6781,.T.);
#9110=ORIENTED_EDGE('',*,*,#6782,.T.);
#9111=ORIENTED_EDGE('',*,*,#6783,.T.);
#9112=ORIENTED_EDGE('',*,*,#6784,.T.);
#9113=ORIENTED_EDGE('',*,*,#6785,.T.);
#9114=ORIENTED_EDGE('',*,*,#6782,.F.);
#9115=ORIENTED_EDGE('',*,*,#6786,.T.);
#9116=ORIENTED_EDGE('',*,*,#6787,.T.);
#9117=ORIENTED_EDGE('',*,*,#6788,.T.);
#9118=ORIENTED_EDGE('',*,*,#6787,.F.);
#9119=ORIENTED_EDGE('',*,*,#6789,.T.);
#9120=ORIENTED_EDGE('',*,*,#6790,.T.);
#9121=ORIENTED_EDGE('',*,*,#6791,.T.);
#9122=ORIENTED_EDGE('',*,*,#6790,.F.);
#9123=ORIENTED_EDGE('',*,*,#6792,.T.);
#9124=ORIENTED_EDGE('',*,*,#6784,.F.);
#9125=ORIENTED_EDGE('',*,*,#6791,.F.);
#9126=ORIENTED_EDGE('',*,*,#6793,.T.);
#9127=ORIENTED_EDGE('',*,*,#6794,.F.);
#9128=ORIENTED_EDGE('',*,*,#6795,.F.);
#9129=ORIENTED_EDGE('',*,*,#6783,.F.);
#9130=ORIENTED_EDGE('',*,*,#6796,.T.);
#9131=ORIENTED_EDGE('',*,*,#6797,.T.);
#9132=ORIENTED_EDGE('',*,*,#6798,.T.);
#9133=ORIENTED_EDGE('',*,*,#6799,.F.);
#9134=ORIENTED_EDGE('',*,*,#6800,.F.);
#9135=ORIENTED_EDGE('',*,*,#6801,.F.);
#9136=ORIENTED_EDGE('',*,*,#6793,.F.);
#9137=ORIENTED_EDGE('',*,*,#6781,.F.);
#9138=ORIENTED_EDGE('',*,*,#6792,.F.);
#9139=ORIENTED_EDGE('',*,*,#6789,.F.);
#9140=ORIENTED_EDGE('',*,*,#6786,.F.);
#9141=ORIENTED_EDGE('',*,*,#6802,.T.);
#9142=ORIENTED_EDGE('',*,*,#6803,.T.);
#9143=ORIENTED_EDGE('',*,*,#6804,.T.);
#9144=ORIENTED_EDGE('',*,*,#6805,.F.);
#9145=ORIENTED_EDGE('',*,*,#6806,.T.);
#9146=ORIENTED_EDGE('',*,*,#6807,.T.);
#9147=ORIENTED_EDGE('',*,*,#6808,.T.);
#9148=ORIENTED_EDGE('',*,*,#6803,.F.);
#9149=ORIENTED_EDGE('',*,*,#6809,.T.);
#9150=ORIENTED_EDGE('',*,*,#6810,.T.);
#9151=ORIENTED_EDGE('',*,*,#6799,.T.);
#9152=ORIENTED_EDGE('',*,*,#6807,.F.);
#9153=ORIENTED_EDGE('',*,*,#6811,.T.);
#9154=ORIENTED_EDGE('',*,*,#6810,.F.);
#9155=ORIENTED_EDGE('',*,*,#6812,.T.);
#9156=ORIENTED_EDGE('',*,*,#6805,.T.);
#9157=ORIENTED_EDGE('',*,*,#6811,.F.);
#9158=ORIENTED_EDGE('',*,*,#6813,.F.);
#9159=ORIENTED_EDGE('',*,*,#6814,.T.);
#9160=ORIENTED_EDGE('',*,*,#6800,.T.);
#9161=ORIENTED_EDGE('',*,*,#6788,.F.);
#9162=ORIENTED_EDGE('',*,*,#6795,.T.);
#9163=ORIENTED_EDGE('',*,*,#6815,.T.);
#9164=ORIENTED_EDGE('',*,*,#6813,.T.);
#9165=ORIENTED_EDGE('',*,*,#6804,.F.);
#9166=ORIENTED_EDGE('',*,*,#6816,.F.);
#9167=ORIENTED_EDGE('',*,*,#6817,.F.);
#9168=ORIENTED_EDGE('',*,*,#6818,.F.);
#9169=ORIENTED_EDGE('',*,*,#6802,.F.);
#9170=ORIENTED_EDGE('',*,*,#6812,.F.);
#9171=ORIENTED_EDGE('',*,*,#6809,.F.);
#9172=ORIENTED_EDGE('',*,*,#6806,.F.);
#9173=ORIENTED_EDGE('',*,*,#6808,.F.);
#9174=ORIENTED_EDGE('',*,*,#6798,.F.);
#9175=ORIENTED_EDGE('',*,*,#6819,.T.);
#9176=ORIENTED_EDGE('',*,*,#6816,.T.);
#9177=ORIENTED_EDGE('',*,*,#6794,.T.);
#9178=ORIENTED_EDGE('',*,*,#6801,.T.);
#9179=ORIENTED_EDGE('',*,*,#6814,.F.);
#9180=ORIENTED_EDGE('',*,*,#6815,.F.);
#9181=ORIENTED_EDGE('',*,*,#6820,.T.);
#9182=ORIENTED_EDGE('',*,*,#6817,.T.);
#9183=ORIENTED_EDGE('',*,*,#6819,.F.);
#9184=ORIENTED_EDGE('',*,*,#6797,.F.);
#9185=ORIENTED_EDGE('',*,*,#6785,.F.);
#9186=ORIENTED_EDGE('',*,*,#6818,.T.);
#9187=ORIENTED_EDGE('',*,*,#6820,.F.);
#9188=ORIENTED_EDGE('',*,*,#6796,.F.);
#9189=ORIENTED_EDGE('',*,*,#6821,.T.);
#9190=ORIENTED_EDGE('',*,*,#6822,.T.);
#9191=ORIENTED_EDGE('',*,*,#6823,.T.);
#9192=ORIENTED_EDGE('',*,*,#6824,.T.);
#9193=ORIENTED_EDGE('',*,*,#6825,.T.);
#9194=ORIENTED_EDGE('',*,*,#6822,.F.);
#9195=ORIENTED_EDGE('',*,*,#6826,.T.);
#9196=ORIENTED_EDGE('',*,*,#6827,.T.);
#9197=ORIENTED_EDGE('',*,*,#6828,.T.);
#9198=ORIENTED_EDGE('',*,*,#6827,.F.);
#9199=ORIENTED_EDGE('',*,*,#6829,.T.);
#9200=ORIENTED_EDGE('',*,*,#6830,.T.);
#9201=ORIENTED_EDGE('',*,*,#6831,.T.);
#9202=ORIENTED_EDGE('',*,*,#6830,.F.);
#9203=ORIENTED_EDGE('',*,*,#6832,.T.);
#9204=ORIENTED_EDGE('',*,*,#6824,.F.);
#9205=ORIENTED_EDGE('',*,*,#6831,.F.);
#9206=ORIENTED_EDGE('',*,*,#6833,.T.);
#9207=ORIENTED_EDGE('',*,*,#6834,.F.);
#9208=ORIENTED_EDGE('',*,*,#6835,.F.);
#9209=ORIENTED_EDGE('',*,*,#6823,.F.);
#9210=ORIENTED_EDGE('',*,*,#6836,.T.);
#9211=ORIENTED_EDGE('',*,*,#6837,.T.);
#9212=ORIENTED_EDGE('',*,*,#6838,.T.);
#9213=ORIENTED_EDGE('',*,*,#6839,.F.);
#9214=ORIENTED_EDGE('',*,*,#6840,.F.);
#9215=ORIENTED_EDGE('',*,*,#6841,.F.);
#9216=ORIENTED_EDGE('',*,*,#6833,.F.);
#9217=ORIENTED_EDGE('',*,*,#6821,.F.);
#9218=ORIENTED_EDGE('',*,*,#6832,.F.);
#9219=ORIENTED_EDGE('',*,*,#6829,.F.);
#9220=ORIENTED_EDGE('',*,*,#6826,.F.);
#9221=ORIENTED_EDGE('',*,*,#6842,.T.);
#9222=ORIENTED_EDGE('',*,*,#6843,.T.);
#9223=ORIENTED_EDGE('',*,*,#6844,.T.);
#9224=ORIENTED_EDGE('',*,*,#6845,.F.);
#9225=ORIENTED_EDGE('',*,*,#6846,.T.);
#9226=ORIENTED_EDGE('',*,*,#6847,.T.);
#9227=ORIENTED_EDGE('',*,*,#6848,.T.);
#9228=ORIENTED_EDGE('',*,*,#6843,.F.);
#9229=ORIENTED_EDGE('',*,*,#6849,.T.);
#9230=ORIENTED_EDGE('',*,*,#6850,.T.);
#9231=ORIENTED_EDGE('',*,*,#6839,.T.);
#9232=ORIENTED_EDGE('',*,*,#6847,.F.);
#9233=ORIENTED_EDGE('',*,*,#6851,.T.);
#9234=ORIENTED_EDGE('',*,*,#6850,.F.);
#9235=ORIENTED_EDGE('',*,*,#6852,.T.);
#9236=ORIENTED_EDGE('',*,*,#6845,.T.);
#9237=ORIENTED_EDGE('',*,*,#6851,.F.);
#9238=ORIENTED_EDGE('',*,*,#6853,.F.);
#9239=ORIENTED_EDGE('',*,*,#6854,.T.);
#9240=ORIENTED_EDGE('',*,*,#6840,.T.);
#9241=ORIENTED_EDGE('',*,*,#6828,.F.);
#9242=ORIENTED_EDGE('',*,*,#6835,.T.);
#9243=ORIENTED_EDGE('',*,*,#6855,.T.);
#9244=ORIENTED_EDGE('',*,*,#6853,.T.);
#9245=ORIENTED_EDGE('',*,*,#6844,.F.);
#9246=ORIENTED_EDGE('',*,*,#6856,.F.);
#9247=ORIENTED_EDGE('',*,*,#6857,.F.);
#9248=ORIENTED_EDGE('',*,*,#6858,.F.);
#9249=ORIENTED_EDGE('',*,*,#6842,.F.);
#9250=ORIENTED_EDGE('',*,*,#6852,.F.);
#9251=ORIENTED_EDGE('',*,*,#6849,.F.);
#9252=ORIENTED_EDGE('',*,*,#6846,.F.);
#9253=ORIENTED_EDGE('',*,*,#6848,.F.);
#9254=ORIENTED_EDGE('',*,*,#6838,.F.);
#9255=ORIENTED_EDGE('',*,*,#6859,.T.);
#9256=ORIENTED_EDGE('',*,*,#6856,.T.);
#9257=ORIENTED_EDGE('',*,*,#6834,.T.);
#9258=ORIENTED_EDGE('',*,*,#6841,.T.);
#9259=ORIENTED_EDGE('',*,*,#6854,.F.);
#9260=ORIENTED_EDGE('',*,*,#6855,.F.);
#9261=ORIENTED_EDGE('',*,*,#6860,.T.);
#9262=ORIENTED_EDGE('',*,*,#6857,.T.);
#9263=ORIENTED_EDGE('',*,*,#6859,.F.);
#9264=ORIENTED_EDGE('',*,*,#6837,.F.);
#9265=ORIENTED_EDGE('',*,*,#6825,.F.);
#9266=ORIENTED_EDGE('',*,*,#6858,.T.);
#9267=ORIENTED_EDGE('',*,*,#6860,.F.);
#9268=ORIENTED_EDGE('',*,*,#6836,.F.);
#9269=ORIENTED_EDGE('',*,*,#6861,.T.);
#9270=ORIENTED_EDGE('',*,*,#6862,.T.);
#9271=ORIENTED_EDGE('',*,*,#6863,.T.);
#9272=ORIENTED_EDGE('',*,*,#6864,.T.);
#9273=ORIENTED_EDGE('',*,*,#6865,.T.);
#9274=ORIENTED_EDGE('',*,*,#6862,.F.);
#9275=ORIENTED_EDGE('',*,*,#6866,.T.);
#9276=ORIENTED_EDGE('',*,*,#6867,.T.);
#9277=ORIENTED_EDGE('',*,*,#6868,.T.);
#9278=ORIENTED_EDGE('',*,*,#6867,.F.);
#9279=ORIENTED_EDGE('',*,*,#6869,.T.);
#9280=ORIENTED_EDGE('',*,*,#6870,.T.);
#9281=ORIENTED_EDGE('',*,*,#6871,.T.);
#9282=ORIENTED_EDGE('',*,*,#6870,.F.);
#9283=ORIENTED_EDGE('',*,*,#6872,.T.);
#9284=ORIENTED_EDGE('',*,*,#6864,.F.);
#9285=ORIENTED_EDGE('',*,*,#6871,.F.);
#9286=ORIENTED_EDGE('',*,*,#6873,.T.);
#9287=ORIENTED_EDGE('',*,*,#6874,.F.);
#9288=ORIENTED_EDGE('',*,*,#6875,.F.);
#9289=ORIENTED_EDGE('',*,*,#6863,.F.);
#9290=ORIENTED_EDGE('',*,*,#6876,.T.);
#9291=ORIENTED_EDGE('',*,*,#6877,.T.);
#9292=ORIENTED_EDGE('',*,*,#6878,.T.);
#9293=ORIENTED_EDGE('',*,*,#6879,.F.);
#9294=ORIENTED_EDGE('',*,*,#6880,.F.);
#9295=ORIENTED_EDGE('',*,*,#6881,.F.);
#9296=ORIENTED_EDGE('',*,*,#6873,.F.);
#9297=ORIENTED_EDGE('',*,*,#6861,.F.);
#9298=ORIENTED_EDGE('',*,*,#6872,.F.);
#9299=ORIENTED_EDGE('',*,*,#6869,.F.);
#9300=ORIENTED_EDGE('',*,*,#6866,.F.);
#9301=ORIENTED_EDGE('',*,*,#6882,.T.);
#9302=ORIENTED_EDGE('',*,*,#6883,.T.);
#9303=ORIENTED_EDGE('',*,*,#6884,.T.);
#9304=ORIENTED_EDGE('',*,*,#6885,.F.);
#9305=ORIENTED_EDGE('',*,*,#6886,.T.);
#9306=ORIENTED_EDGE('',*,*,#6887,.T.);
#9307=ORIENTED_EDGE('',*,*,#6888,.T.);
#9308=ORIENTED_EDGE('',*,*,#6883,.F.);
#9309=ORIENTED_EDGE('',*,*,#6889,.T.);
#9310=ORIENTED_EDGE('',*,*,#6890,.T.);
#9311=ORIENTED_EDGE('',*,*,#6879,.T.);
#9312=ORIENTED_EDGE('',*,*,#6887,.F.);
#9313=ORIENTED_EDGE('',*,*,#6891,.T.);
#9314=ORIENTED_EDGE('',*,*,#6890,.F.);
#9315=ORIENTED_EDGE('',*,*,#6892,.T.);
#9316=ORIENTED_EDGE('',*,*,#6885,.T.);
#9317=ORIENTED_EDGE('',*,*,#6891,.F.);
#9318=ORIENTED_EDGE('',*,*,#6893,.F.);
#9319=ORIENTED_EDGE('',*,*,#6894,.T.);
#9320=ORIENTED_EDGE('',*,*,#6880,.T.);
#9321=ORIENTED_EDGE('',*,*,#6868,.F.);
#9322=ORIENTED_EDGE('',*,*,#6875,.T.);
#9323=ORIENTED_EDGE('',*,*,#6895,.T.);
#9324=ORIENTED_EDGE('',*,*,#6893,.T.);
#9325=ORIENTED_EDGE('',*,*,#6884,.F.);
#9326=ORIENTED_EDGE('',*,*,#6896,.F.);
#9327=ORIENTED_EDGE('',*,*,#6897,.F.);
#9328=ORIENTED_EDGE('',*,*,#6898,.F.);
#9329=ORIENTED_EDGE('',*,*,#6882,.F.);
#9330=ORIENTED_EDGE('',*,*,#6892,.F.);
#9331=ORIENTED_EDGE('',*,*,#6889,.F.);
#9332=ORIENTED_EDGE('',*,*,#6886,.F.);
#9333=ORIENTED_EDGE('',*,*,#6888,.F.);
#9334=ORIENTED_EDGE('',*,*,#6878,.F.);
#9335=ORIENTED_EDGE('',*,*,#6899,.T.);
#9336=ORIENTED_EDGE('',*,*,#6896,.T.);
#9337=ORIENTED_EDGE('',*,*,#6874,.T.);
#9338=ORIENTED_EDGE('',*,*,#6881,.T.);
#9339=ORIENTED_EDGE('',*,*,#6894,.F.);
#9340=ORIENTED_EDGE('',*,*,#6895,.F.);
#9341=ORIENTED_EDGE('',*,*,#6900,.T.);
#9342=ORIENTED_EDGE('',*,*,#6897,.T.);
#9343=ORIENTED_EDGE('',*,*,#6899,.F.);
#9344=ORIENTED_EDGE('',*,*,#6877,.F.);
#9345=ORIENTED_EDGE('',*,*,#6865,.F.);
#9346=ORIENTED_EDGE('',*,*,#6898,.T.);
#9347=ORIENTED_EDGE('',*,*,#6900,.F.);
#9348=ORIENTED_EDGE('',*,*,#6876,.F.);
#9349=ORIENTED_EDGE('',*,*,#6901,.T.);
#9350=ORIENTED_EDGE('',*,*,#6902,.T.);
#9351=ORIENTED_EDGE('',*,*,#6903,.T.);
#9352=ORIENTED_EDGE('',*,*,#6904,.T.);
#9353=ORIENTED_EDGE('',*,*,#6905,.T.);
#9354=ORIENTED_EDGE('',*,*,#6902,.F.);
#9355=ORIENTED_EDGE('',*,*,#6906,.T.);
#9356=ORIENTED_EDGE('',*,*,#6907,.T.);
#9357=ORIENTED_EDGE('',*,*,#6908,.T.);
#9358=ORIENTED_EDGE('',*,*,#6907,.F.);
#9359=ORIENTED_EDGE('',*,*,#6909,.T.);
#9360=ORIENTED_EDGE('',*,*,#6910,.T.);
#9361=ORIENTED_EDGE('',*,*,#6911,.T.);
#9362=ORIENTED_EDGE('',*,*,#6910,.F.);
#9363=ORIENTED_EDGE('',*,*,#6912,.T.);
#9364=ORIENTED_EDGE('',*,*,#6904,.F.);
#9365=ORIENTED_EDGE('',*,*,#6911,.F.);
#9366=ORIENTED_EDGE('',*,*,#6913,.T.);
#9367=ORIENTED_EDGE('',*,*,#6914,.F.);
#9368=ORIENTED_EDGE('',*,*,#6915,.F.);
#9369=ORIENTED_EDGE('',*,*,#6903,.F.);
#9370=ORIENTED_EDGE('',*,*,#6916,.T.);
#9371=ORIENTED_EDGE('',*,*,#6917,.T.);
#9372=ORIENTED_EDGE('',*,*,#6918,.T.);
#9373=ORIENTED_EDGE('',*,*,#6919,.F.);
#9374=ORIENTED_EDGE('',*,*,#6920,.F.);
#9375=ORIENTED_EDGE('',*,*,#6921,.F.);
#9376=ORIENTED_EDGE('',*,*,#6913,.F.);
#9377=ORIENTED_EDGE('',*,*,#6901,.F.);
#9378=ORIENTED_EDGE('',*,*,#6912,.F.);
#9379=ORIENTED_EDGE('',*,*,#6909,.F.);
#9380=ORIENTED_EDGE('',*,*,#6906,.F.);
#9381=ORIENTED_EDGE('',*,*,#6922,.T.);
#9382=ORIENTED_EDGE('',*,*,#6923,.T.);
#9383=ORIENTED_EDGE('',*,*,#6924,.T.);
#9384=ORIENTED_EDGE('',*,*,#6925,.F.);
#9385=ORIENTED_EDGE('',*,*,#6926,.T.);
#9386=ORIENTED_EDGE('',*,*,#6927,.T.);
#9387=ORIENTED_EDGE('',*,*,#6928,.T.);
#9388=ORIENTED_EDGE('',*,*,#6923,.F.);
#9389=ORIENTED_EDGE('',*,*,#6929,.T.);
#9390=ORIENTED_EDGE('',*,*,#6930,.T.);
#9391=ORIENTED_EDGE('',*,*,#6919,.T.);
#9392=ORIENTED_EDGE('',*,*,#6927,.F.);
#9393=ORIENTED_EDGE('',*,*,#6931,.T.);
#9394=ORIENTED_EDGE('',*,*,#6930,.F.);
#9395=ORIENTED_EDGE('',*,*,#6932,.T.);
#9396=ORIENTED_EDGE('',*,*,#6925,.T.);
#9397=ORIENTED_EDGE('',*,*,#6931,.F.);
#9398=ORIENTED_EDGE('',*,*,#6933,.F.);
#9399=ORIENTED_EDGE('',*,*,#6934,.T.);
#9400=ORIENTED_EDGE('',*,*,#6920,.T.);
#9401=ORIENTED_EDGE('',*,*,#6908,.F.);
#9402=ORIENTED_EDGE('',*,*,#6915,.T.);
#9403=ORIENTED_EDGE('',*,*,#6935,.T.);
#9404=ORIENTED_EDGE('',*,*,#6933,.T.);
#9405=ORIENTED_EDGE('',*,*,#6924,.F.);
#9406=ORIENTED_EDGE('',*,*,#6936,.F.);
#9407=ORIENTED_EDGE('',*,*,#6937,.F.);
#9408=ORIENTED_EDGE('',*,*,#6938,.F.);
#9409=ORIENTED_EDGE('',*,*,#6922,.F.);
#9410=ORIENTED_EDGE('',*,*,#6932,.F.);
#9411=ORIENTED_EDGE('',*,*,#6929,.F.);
#9412=ORIENTED_EDGE('',*,*,#6926,.F.);
#9413=ORIENTED_EDGE('',*,*,#6928,.F.);
#9414=ORIENTED_EDGE('',*,*,#6918,.F.);
#9415=ORIENTED_EDGE('',*,*,#6939,.T.);
#9416=ORIENTED_EDGE('',*,*,#6936,.T.);
#9417=ORIENTED_EDGE('',*,*,#6914,.T.);
#9418=ORIENTED_EDGE('',*,*,#6921,.T.);
#9419=ORIENTED_EDGE('',*,*,#6934,.F.);
#9420=ORIENTED_EDGE('',*,*,#6935,.F.);
#9421=ORIENTED_EDGE('',*,*,#6940,.T.);
#9422=ORIENTED_EDGE('',*,*,#6937,.T.);
#9423=ORIENTED_EDGE('',*,*,#6939,.F.);
#9424=ORIENTED_EDGE('',*,*,#6917,.F.);
#9425=ORIENTED_EDGE('',*,*,#6905,.F.);
#9426=ORIENTED_EDGE('',*,*,#6938,.T.);
#9427=ORIENTED_EDGE('',*,*,#6940,.F.);
#9428=ORIENTED_EDGE('',*,*,#6916,.F.);
#9429=ORIENTED_EDGE('',*,*,#6941,.T.);
#9430=ORIENTED_EDGE('',*,*,#6942,.T.);
#9431=ORIENTED_EDGE('',*,*,#6943,.T.);
#9432=ORIENTED_EDGE('',*,*,#6944,.T.);
#9433=ORIENTED_EDGE('',*,*,#6945,.T.);
#9434=ORIENTED_EDGE('',*,*,#6942,.F.);
#9435=ORIENTED_EDGE('',*,*,#6946,.T.);
#9436=ORIENTED_EDGE('',*,*,#6947,.T.);
#9437=ORIENTED_EDGE('',*,*,#6948,.T.);
#9438=ORIENTED_EDGE('',*,*,#6947,.F.);
#9439=ORIENTED_EDGE('',*,*,#6949,.T.);
#9440=ORIENTED_EDGE('',*,*,#6950,.T.);
#9441=ORIENTED_EDGE('',*,*,#6951,.T.);
#9442=ORIENTED_EDGE('',*,*,#6950,.F.);
#9443=ORIENTED_EDGE('',*,*,#6952,.T.);
#9444=ORIENTED_EDGE('',*,*,#6944,.F.);
#9445=ORIENTED_EDGE('',*,*,#6951,.F.);
#9446=ORIENTED_EDGE('',*,*,#6953,.T.);
#9447=ORIENTED_EDGE('',*,*,#6954,.F.);
#9448=ORIENTED_EDGE('',*,*,#6955,.F.);
#9449=ORIENTED_EDGE('',*,*,#6943,.F.);
#9450=ORIENTED_EDGE('',*,*,#6956,.T.);
#9451=ORIENTED_EDGE('',*,*,#6957,.T.);
#9452=ORIENTED_EDGE('',*,*,#6958,.T.);
#9453=ORIENTED_EDGE('',*,*,#6959,.F.);
#9454=ORIENTED_EDGE('',*,*,#6960,.F.);
#9455=ORIENTED_EDGE('',*,*,#6961,.F.);
#9456=ORIENTED_EDGE('',*,*,#6953,.F.);
#9457=ORIENTED_EDGE('',*,*,#6941,.F.);
#9458=ORIENTED_EDGE('',*,*,#6952,.F.);
#9459=ORIENTED_EDGE('',*,*,#6949,.F.);
#9460=ORIENTED_EDGE('',*,*,#6946,.F.);
#9461=ORIENTED_EDGE('',*,*,#6962,.T.);
#9462=ORIENTED_EDGE('',*,*,#6963,.T.);
#9463=ORIENTED_EDGE('',*,*,#6964,.T.);
#9464=ORIENTED_EDGE('',*,*,#6965,.F.);
#9465=ORIENTED_EDGE('',*,*,#6966,.T.);
#9466=ORIENTED_EDGE('',*,*,#6967,.T.);
#9467=ORIENTED_EDGE('',*,*,#6968,.T.);
#9468=ORIENTED_EDGE('',*,*,#6963,.F.);
#9469=ORIENTED_EDGE('',*,*,#6969,.T.);
#9470=ORIENTED_EDGE('',*,*,#6970,.T.);
#9471=ORIENTED_EDGE('',*,*,#6959,.T.);
#9472=ORIENTED_EDGE('',*,*,#6967,.F.);
#9473=ORIENTED_EDGE('',*,*,#6971,.T.);
#9474=ORIENTED_EDGE('',*,*,#6970,.F.);
#9475=ORIENTED_EDGE('',*,*,#6972,.T.);
#9476=ORIENTED_EDGE('',*,*,#6965,.T.);
#9477=ORIENTED_EDGE('',*,*,#6971,.F.);
#9478=ORIENTED_EDGE('',*,*,#6973,.F.);
#9479=ORIENTED_EDGE('',*,*,#6974,.T.);
#9480=ORIENTED_EDGE('',*,*,#6960,.T.);
#9481=ORIENTED_EDGE('',*,*,#6948,.F.);
#9482=ORIENTED_EDGE('',*,*,#6955,.T.);
#9483=ORIENTED_EDGE('',*,*,#6975,.T.);
#9484=ORIENTED_EDGE('',*,*,#6973,.T.);
#9485=ORIENTED_EDGE('',*,*,#6964,.F.);
#9486=ORIENTED_EDGE('',*,*,#6976,.F.);
#9487=ORIENTED_EDGE('',*,*,#6977,.F.);
#9488=ORIENTED_EDGE('',*,*,#6978,.F.);
#9489=ORIENTED_EDGE('',*,*,#6962,.F.);
#9490=ORIENTED_EDGE('',*,*,#6972,.F.);
#9491=ORIENTED_EDGE('',*,*,#6969,.F.);
#9492=ORIENTED_EDGE('',*,*,#6966,.F.);
#9493=ORIENTED_EDGE('',*,*,#6968,.F.);
#9494=ORIENTED_EDGE('',*,*,#6958,.F.);
#9495=ORIENTED_EDGE('',*,*,#6979,.T.);
#9496=ORIENTED_EDGE('',*,*,#6976,.T.);
#9497=ORIENTED_EDGE('',*,*,#6954,.T.);
#9498=ORIENTED_EDGE('',*,*,#6961,.T.);
#9499=ORIENTED_EDGE('',*,*,#6974,.F.);
#9500=ORIENTED_EDGE('',*,*,#6975,.F.);
#9501=ORIENTED_EDGE('',*,*,#6980,.T.);
#9502=ORIENTED_EDGE('',*,*,#6977,.T.);
#9503=ORIENTED_EDGE('',*,*,#6979,.F.);
#9504=ORIENTED_EDGE('',*,*,#6957,.F.);
#9505=ORIENTED_EDGE('',*,*,#6945,.F.);
#9506=ORIENTED_EDGE('',*,*,#6978,.T.);
#9507=ORIENTED_EDGE('',*,*,#6980,.F.);
#9508=ORIENTED_EDGE('',*,*,#6956,.F.);
#9509=ORIENTED_EDGE('',*,*,#6981,.T.);
#9510=ORIENTED_EDGE('',*,*,#6982,.T.);
#9511=ORIENTED_EDGE('',*,*,#6983,.T.);
#9512=ORIENTED_EDGE('',*,*,#6984,.T.);
#9513=ORIENTED_EDGE('',*,*,#6985,.T.);
#9514=ORIENTED_EDGE('',*,*,#6982,.F.);
#9515=ORIENTED_EDGE('',*,*,#6986,.T.);
#9516=ORIENTED_EDGE('',*,*,#6987,.T.);
#9517=ORIENTED_EDGE('',*,*,#6988,.T.);
#9518=ORIENTED_EDGE('',*,*,#6987,.F.);
#9519=ORIENTED_EDGE('',*,*,#6989,.T.);
#9520=ORIENTED_EDGE('',*,*,#6990,.T.);
#9521=ORIENTED_EDGE('',*,*,#6991,.T.);
#9522=ORIENTED_EDGE('',*,*,#6990,.F.);
#9523=ORIENTED_EDGE('',*,*,#6992,.T.);
#9524=ORIENTED_EDGE('',*,*,#6984,.F.);
#9525=ORIENTED_EDGE('',*,*,#6991,.F.);
#9526=ORIENTED_EDGE('',*,*,#6993,.T.);
#9527=ORIENTED_EDGE('',*,*,#6994,.F.);
#9528=ORIENTED_EDGE('',*,*,#6995,.F.);
#9529=ORIENTED_EDGE('',*,*,#6983,.F.);
#9530=ORIENTED_EDGE('',*,*,#6996,.T.);
#9531=ORIENTED_EDGE('',*,*,#6997,.T.);
#9532=ORIENTED_EDGE('',*,*,#6998,.T.);
#9533=ORIENTED_EDGE('',*,*,#6999,.F.);
#9534=ORIENTED_EDGE('',*,*,#7000,.F.);
#9535=ORIENTED_EDGE('',*,*,#7001,.F.);
#9536=ORIENTED_EDGE('',*,*,#6993,.F.);
#9537=ORIENTED_EDGE('',*,*,#6981,.F.);
#9538=ORIENTED_EDGE('',*,*,#6992,.F.);
#9539=ORIENTED_EDGE('',*,*,#6989,.F.);
#9540=ORIENTED_EDGE('',*,*,#6986,.F.);
#9541=ORIENTED_EDGE('',*,*,#7002,.T.);
#9542=ORIENTED_EDGE('',*,*,#7003,.T.);
#9543=ORIENTED_EDGE('',*,*,#7004,.T.);
#9544=ORIENTED_EDGE('',*,*,#7005,.F.);
#9545=ORIENTED_EDGE('',*,*,#7006,.T.);
#9546=ORIENTED_EDGE('',*,*,#7007,.T.);
#9547=ORIENTED_EDGE('',*,*,#7008,.T.);
#9548=ORIENTED_EDGE('',*,*,#7003,.F.);
#9549=ORIENTED_EDGE('',*,*,#7009,.T.);
#9550=ORIENTED_EDGE('',*,*,#7010,.T.);
#9551=ORIENTED_EDGE('',*,*,#6999,.T.);
#9552=ORIENTED_EDGE('',*,*,#7007,.F.);
#9553=ORIENTED_EDGE('',*,*,#7011,.T.);
#9554=ORIENTED_EDGE('',*,*,#7010,.F.);
#9555=ORIENTED_EDGE('',*,*,#7012,.T.);
#9556=ORIENTED_EDGE('',*,*,#7005,.T.);
#9557=ORIENTED_EDGE('',*,*,#7011,.F.);
#9558=ORIENTED_EDGE('',*,*,#7013,.F.);
#9559=ORIENTED_EDGE('',*,*,#7014,.T.);
#9560=ORIENTED_EDGE('',*,*,#7000,.T.);
#9561=ORIENTED_EDGE('',*,*,#6988,.F.);
#9562=ORIENTED_EDGE('',*,*,#6995,.T.);
#9563=ORIENTED_EDGE('',*,*,#7015,.T.);
#9564=ORIENTED_EDGE('',*,*,#7013,.T.);
#9565=ORIENTED_EDGE('',*,*,#7004,.F.);
#9566=ORIENTED_EDGE('',*,*,#7016,.F.);
#9567=ORIENTED_EDGE('',*,*,#7017,.F.);
#9568=ORIENTED_EDGE('',*,*,#7018,.F.);
#9569=ORIENTED_EDGE('',*,*,#7002,.F.);
#9570=ORIENTED_EDGE('',*,*,#7012,.F.);
#9571=ORIENTED_EDGE('',*,*,#7009,.F.);
#9572=ORIENTED_EDGE('',*,*,#7006,.F.);
#9573=ORIENTED_EDGE('',*,*,#7008,.F.);
#9574=ORIENTED_EDGE('',*,*,#6998,.F.);
#9575=ORIENTED_EDGE('',*,*,#7019,.T.);
#9576=ORIENTED_EDGE('',*,*,#7016,.T.);
#9577=ORIENTED_EDGE('',*,*,#6994,.T.);
#9578=ORIENTED_EDGE('',*,*,#7001,.T.);
#9579=ORIENTED_EDGE('',*,*,#7014,.F.);
#9580=ORIENTED_EDGE('',*,*,#7015,.F.);
#9581=ORIENTED_EDGE('',*,*,#7020,.T.);
#9582=ORIENTED_EDGE('',*,*,#7017,.T.);
#9583=ORIENTED_EDGE('',*,*,#7019,.F.);
#9584=ORIENTED_EDGE('',*,*,#6997,.F.);
#9585=ORIENTED_EDGE('',*,*,#6985,.F.);
#9586=ORIENTED_EDGE('',*,*,#7018,.T.);
#9587=ORIENTED_EDGE('',*,*,#7020,.F.);
#9588=ORIENTED_EDGE('',*,*,#6996,.F.);
#9589=ORIENTED_EDGE('',*,*,#7021,.T.);
#9590=ORIENTED_EDGE('',*,*,#7022,.T.);
#9591=ORIENTED_EDGE('',*,*,#7023,.T.);
#9592=ORIENTED_EDGE('',*,*,#7024,.T.);
#9593=ORIENTED_EDGE('',*,*,#7025,.T.);
#9594=ORIENTED_EDGE('',*,*,#7022,.F.);
#9595=ORIENTED_EDGE('',*,*,#7026,.T.);
#9596=ORIENTED_EDGE('',*,*,#7027,.T.);
#9597=ORIENTED_EDGE('',*,*,#7028,.T.);
#9598=ORIENTED_EDGE('',*,*,#7027,.F.);
#9599=ORIENTED_EDGE('',*,*,#7029,.T.);
#9600=ORIENTED_EDGE('',*,*,#7030,.T.);
#9601=ORIENTED_EDGE('',*,*,#7031,.T.);
#9602=ORIENTED_EDGE('',*,*,#7030,.F.);
#9603=ORIENTED_EDGE('',*,*,#7032,.T.);
#9604=ORIENTED_EDGE('',*,*,#7024,.F.);
#9605=ORIENTED_EDGE('',*,*,#7031,.F.);
#9606=ORIENTED_EDGE('',*,*,#7033,.T.);
#9607=ORIENTED_EDGE('',*,*,#7034,.F.);
#9608=ORIENTED_EDGE('',*,*,#7035,.F.);
#9609=ORIENTED_EDGE('',*,*,#7023,.F.);
#9610=ORIENTED_EDGE('',*,*,#7036,.T.);
#9611=ORIENTED_EDGE('',*,*,#7037,.T.);
#9612=ORIENTED_EDGE('',*,*,#7038,.T.);
#9613=ORIENTED_EDGE('',*,*,#7039,.F.);
#9614=ORIENTED_EDGE('',*,*,#7040,.F.);
#9615=ORIENTED_EDGE('',*,*,#7041,.F.);
#9616=ORIENTED_EDGE('',*,*,#7033,.F.);
#9617=ORIENTED_EDGE('',*,*,#7021,.F.);
#9618=ORIENTED_EDGE('',*,*,#7032,.F.);
#9619=ORIENTED_EDGE('',*,*,#7029,.F.);
#9620=ORIENTED_EDGE('',*,*,#7026,.F.);
#9621=ORIENTED_EDGE('',*,*,#7042,.T.);
#9622=ORIENTED_EDGE('',*,*,#7043,.T.);
#9623=ORIENTED_EDGE('',*,*,#7044,.T.);
#9624=ORIENTED_EDGE('',*,*,#7045,.F.);
#9625=ORIENTED_EDGE('',*,*,#7046,.T.);
#9626=ORIENTED_EDGE('',*,*,#7047,.T.);
#9627=ORIENTED_EDGE('',*,*,#7048,.T.);
#9628=ORIENTED_EDGE('',*,*,#7043,.F.);
#9629=ORIENTED_EDGE('',*,*,#7049,.T.);
#9630=ORIENTED_EDGE('',*,*,#7050,.T.);
#9631=ORIENTED_EDGE('',*,*,#7039,.T.);
#9632=ORIENTED_EDGE('',*,*,#7047,.F.);
#9633=ORIENTED_EDGE('',*,*,#7051,.T.);
#9634=ORIENTED_EDGE('',*,*,#7050,.F.);
#9635=ORIENTED_EDGE('',*,*,#7052,.T.);
#9636=ORIENTED_EDGE('',*,*,#7045,.T.);
#9637=ORIENTED_EDGE('',*,*,#7051,.F.);
#9638=ORIENTED_EDGE('',*,*,#7053,.F.);
#9639=ORIENTED_EDGE('',*,*,#7054,.T.);
#9640=ORIENTED_EDGE('',*,*,#7040,.T.);
#9641=ORIENTED_EDGE('',*,*,#7028,.F.);
#9642=ORIENTED_EDGE('',*,*,#7035,.T.);
#9643=ORIENTED_EDGE('',*,*,#7055,.T.);
#9644=ORIENTED_EDGE('',*,*,#7053,.T.);
#9645=ORIENTED_EDGE('',*,*,#7044,.F.);
#9646=ORIENTED_EDGE('',*,*,#7056,.F.);
#9647=ORIENTED_EDGE('',*,*,#7057,.F.);
#9648=ORIENTED_EDGE('',*,*,#7058,.F.);
#9649=ORIENTED_EDGE('',*,*,#7042,.F.);
#9650=ORIENTED_EDGE('',*,*,#7052,.F.);
#9651=ORIENTED_EDGE('',*,*,#7049,.F.);
#9652=ORIENTED_EDGE('',*,*,#7046,.F.);
#9653=ORIENTED_EDGE('',*,*,#7048,.F.);
#9654=ORIENTED_EDGE('',*,*,#7038,.F.);
#9655=ORIENTED_EDGE('',*,*,#7059,.T.);
#9656=ORIENTED_EDGE('',*,*,#7056,.T.);
#9657=ORIENTED_EDGE('',*,*,#7034,.T.);
#9658=ORIENTED_EDGE('',*,*,#7041,.T.);
#9659=ORIENTED_EDGE('',*,*,#7054,.F.);
#9660=ORIENTED_EDGE('',*,*,#7055,.F.);
#9661=ORIENTED_EDGE('',*,*,#7060,.T.);
#9662=ORIENTED_EDGE('',*,*,#7057,.T.);
#9663=ORIENTED_EDGE('',*,*,#7059,.F.);
#9664=ORIENTED_EDGE('',*,*,#7037,.F.);
#9665=ORIENTED_EDGE('',*,*,#7025,.F.);
#9666=ORIENTED_EDGE('',*,*,#7058,.T.);
#9667=ORIENTED_EDGE('',*,*,#7060,.F.);
#9668=ORIENTED_EDGE('',*,*,#7036,.F.);
#9669=ORIENTED_EDGE('',*,*,#7061,.F.);
#9670=ORIENTED_EDGE('',*,*,#7062,.T.);
#9671=ORIENTED_EDGE('',*,*,#7063,.F.);
#9672=ORIENTED_EDGE('',*,*,#7064,.F.);
#9673=ORIENTED_EDGE('',*,*,#7065,.F.);
#9674=ORIENTED_EDGE('',*,*,#7066,.F.);
#9675=ORIENTED_EDGE('',*,*,#7067,.F.);
#9676=ORIENTED_EDGE('',*,*,#7068,.F.);
#9677=ORIENTED_EDGE('',*,*,#7069,.F.);
#9678=ORIENTED_EDGE('',*,*,#7070,.F.);
#9679=ORIENTED_EDGE('',*,*,#7071,.F.);
#9680=ORIENTED_EDGE('',*,*,#7062,.F.);
#9681=ORIENTED_EDGE('',*,*,#7072,.F.);
#9682=ORIENTED_EDGE('',*,*,#7064,.T.);
#9683=ORIENTED_EDGE('',*,*,#7073,.F.);
#9684=ORIENTED_EDGE('',*,*,#7074,.F.);
#9685=ORIENTED_EDGE('',*,*,#7073,.T.);
#9686=ORIENTED_EDGE('',*,*,#7063,.T.);
#9687=ORIENTED_EDGE('',*,*,#7071,.T.);
#9688=ORIENTED_EDGE('',*,*,#7075,.F.);
#9689=ORIENTED_EDGE('',*,*,#7076,.F.);
#9690=ORIENTED_EDGE('',*,*,#7077,.F.);
#9691=ORIENTED_EDGE('',*,*,#7078,.F.);
#9692=ORIENTED_EDGE('',*,*,#7079,.F.);
#9693=ORIENTED_EDGE('',*,*,#7070,.T.);
#9694=ORIENTED_EDGE('',*,*,#7080,.T.);
#9695=ORIENTED_EDGE('',*,*,#7081,.F.);
#9696=ORIENTED_EDGE('',*,*,#7082,.T.);
#9697=ORIENTED_EDGE('',*,*,#7083,.F.);
#9698=ORIENTED_EDGE('',*,*,#7075,.T.);
#9699=ORIENTED_EDGE('',*,*,#7067,.T.);
#9700=ORIENTED_EDGE('',*,*,#7084,.T.);
#9701=ORIENTED_EDGE('',*,*,#7085,.F.);
#9702=ORIENTED_EDGE('',*,*,#7086,.F.);
#9703=ORIENTED_EDGE('',*,*,#7066,.T.);
#9704=ORIENTED_EDGE('',*,*,#7087,.T.);
#9705=ORIENTED_EDGE('',*,*,#7088,.F.);
#9706=ORIENTED_EDGE('',*,*,#7084,.F.);
#9707=ORIENTED_EDGE('',*,*,#7089,.T.);
#9708=ORIENTED_EDGE('',*,*,#7090,.T.);
#9709=ORIENTED_EDGE('',*,*,#7091,.T.);
#9710=ORIENTED_EDGE('',*,*,#7078,.T.);
#9711=ORIENTED_EDGE('',*,*,#7074,.T.);
#9712=ORIENTED_EDGE('',*,*,#7079,.T.);
#9713=ORIENTED_EDGE('',*,*,#7091,.F.);
#9714=ORIENTED_EDGE('',*,*,#7092,.T.);
#9715=ORIENTED_EDGE('',*,*,#7093,.F.);
#9716=ORIENTED_EDGE('',*,*,#7094,.T.);
#9717=ORIENTED_EDGE('',*,*,#7095,.T.);
#9718=ORIENTED_EDGE('',*,*,#7096,.T.);
#9719=ORIENTED_EDGE('',*,*,#7093,.T.);
#9720=ORIENTED_EDGE('',*,*,#7097,.T.);
#9721=ORIENTED_EDGE('',*,*,#7072,.T.);
#9722=ORIENTED_EDGE('',*,*,#7094,.F.);
#9723=ORIENTED_EDGE('',*,*,#7096,.F.);
#9724=ORIENTED_EDGE('',*,*,#7098,.F.);
#9725=ORIENTED_EDGE('',*,*,#7099,.F.);
#9726=ORIENTED_EDGE('',*,*,#7080,.F.);
#9727=ORIENTED_EDGE('',*,*,#7069,.T.);
#9728=ORIENTED_EDGE('',*,*,#7061,.T.);
#9729=ORIENTED_EDGE('',*,*,#7100,.T.);
#9730=ORIENTED_EDGE('',*,*,#7101,.T.);
#9731=ORIENTED_EDGE('',*,*,#7081,.T.);
#9732=ORIENTED_EDGE('',*,*,#7099,.T.);
#9733=ORIENTED_EDGE('',*,*,#7102,.T.);
#9734=ORIENTED_EDGE('',*,*,#7076,.T.);
#9735=ORIENTED_EDGE('',*,*,#7083,.T.);
#9736=ORIENTED_EDGE('',*,*,#7103,.T.);
#9737=ORIENTED_EDGE('',*,*,#7065,.T.);
#9738=ORIENTED_EDGE('',*,*,#7104,.T.);
#9739=ORIENTED_EDGE('',*,*,#7105,.F.);
#9740=ORIENTED_EDGE('',*,*,#7087,.F.);
#9741=ORIENTED_EDGE('',*,*,#7068,.T.);
#9742=ORIENTED_EDGE('',*,*,#7086,.T.);
#9743=ORIENTED_EDGE('',*,*,#7106,.F.);
#9744=ORIENTED_EDGE('',*,*,#7104,.F.);
#9745=ORIENTED_EDGE('',*,*,#7101,.F.);
#9746=ORIENTED_EDGE('',*,*,#7107,.F.);
#9747=ORIENTED_EDGE('',*,*,#7103,.F.);
#9748=ORIENTED_EDGE('',*,*,#7082,.F.);
#9749=ORIENTED_EDGE('',*,*,#7090,.F.);
#9750=ORIENTED_EDGE('',*,*,#7108,.F.);
#9751=ORIENTED_EDGE('',*,*,#7097,.F.);
#9752=ORIENTED_EDGE('',*,*,#7092,.F.);
#9753=ORIENTED_EDGE('',*,*,#7089,.F.);
#9754=ORIENTED_EDGE('',*,*,#7077,.T.);
#9755=ORIENTED_EDGE('',*,*,#7102,.F.);
#9756=ORIENTED_EDGE('',*,*,#7107,.T.);
#9757=ORIENTED_EDGE('',*,*,#7100,.F.);
#9758=ORIENTED_EDGE('',*,*,#7098,.T.);
#9759=ORIENTED_EDGE('',*,*,#7095,.F.);
#9760=ORIENTED_EDGE('',*,*,#7108,.T.);
#9761=ORIENTED_EDGE('',*,*,#7106,.T.);
#9762=ORIENTED_EDGE('',*,*,#7085,.T.);
#9763=ORIENTED_EDGE('',*,*,#7088,.T.);
#9764=ORIENTED_EDGE('',*,*,#7105,.T.);
#9765=ORIENTED_EDGE('',*,*,#7109,.F.);
#9766=ORIENTED_EDGE('',*,*,#7110,.T.);
#9767=ORIENTED_EDGE('',*,*,#7111,.F.);
#9768=ORIENTED_EDGE('',*,*,#7112,.F.);
#9769=ORIENTED_EDGE('',*,*,#7113,.F.);
#9770=ORIENTED_EDGE('',*,*,#7114,.F.);
#9771=ORIENTED_EDGE('',*,*,#7115,.F.);
#9772=ORIENTED_EDGE('',*,*,#7116,.F.);
#9773=ORIENTED_EDGE('',*,*,#7117,.F.);
#9774=ORIENTED_EDGE('',*,*,#7118,.F.);
#9775=ORIENTED_EDGE('',*,*,#7119,.F.);
#9776=ORIENTED_EDGE('',*,*,#7110,.F.);
#9777=ORIENTED_EDGE('',*,*,#7120,.F.);
#9778=ORIENTED_EDGE('',*,*,#7112,.T.);
#9779=ORIENTED_EDGE('',*,*,#7121,.F.);
#9780=ORIENTED_EDGE('',*,*,#7122,.F.);
#9781=ORIENTED_EDGE('',*,*,#7121,.T.);
#9782=ORIENTED_EDGE('',*,*,#7111,.T.);
#9783=ORIENTED_EDGE('',*,*,#7119,.T.);
#9784=ORIENTED_EDGE('',*,*,#7123,.F.);
#9785=ORIENTED_EDGE('',*,*,#7124,.F.);
#9786=ORIENTED_EDGE('',*,*,#7125,.F.);
#9787=ORIENTED_EDGE('',*,*,#7126,.F.);
#9788=ORIENTED_EDGE('',*,*,#7127,.F.);
#9789=ORIENTED_EDGE('',*,*,#7118,.T.);
#9790=ORIENTED_EDGE('',*,*,#7128,.T.);
#9791=ORIENTED_EDGE('',*,*,#7129,.F.);
#9792=ORIENTED_EDGE('',*,*,#7130,.T.);
#9793=ORIENTED_EDGE('',*,*,#7131,.F.);
#9794=ORIENTED_EDGE('',*,*,#7123,.T.);
#9795=ORIENTED_EDGE('',*,*,#7115,.T.);
#9796=ORIENTED_EDGE('',*,*,#7132,.T.);
#9797=ORIENTED_EDGE('',*,*,#7133,.F.);
#9798=ORIENTED_EDGE('',*,*,#7134,.F.);
#9799=ORIENTED_EDGE('',*,*,#7114,.T.);
#9800=ORIENTED_EDGE('',*,*,#7135,.T.);
#9801=ORIENTED_EDGE('',*,*,#7136,.F.);
#9802=ORIENTED_EDGE('',*,*,#7132,.F.);
#9803=ORIENTED_EDGE('',*,*,#7137,.T.);
#9804=ORIENTED_EDGE('',*,*,#7138,.T.);
#9805=ORIENTED_EDGE('',*,*,#7139,.T.);
#9806=ORIENTED_EDGE('',*,*,#7126,.T.);
#9807=ORIENTED_EDGE('',*,*,#7122,.T.);
#9808=ORIENTED_EDGE('',*,*,#7127,.T.);
#9809=ORIENTED_EDGE('',*,*,#7139,.F.);
#9810=ORIENTED_EDGE('',*,*,#7140,.T.);
#9811=ORIENTED_EDGE('',*,*,#7141,.F.);
#9812=ORIENTED_EDGE('',*,*,#7142,.T.);
#9813=ORIENTED_EDGE('',*,*,#7143,.T.);
#9814=ORIENTED_EDGE('',*,*,#7144,.T.);
#9815=ORIENTED_EDGE('',*,*,#7141,.T.);
#9816=ORIENTED_EDGE('',*,*,#7145,.T.);
#9817=ORIENTED_EDGE('',*,*,#7120,.T.);
#9818=ORIENTED_EDGE('',*,*,#7142,.F.);
#9819=ORIENTED_EDGE('',*,*,#7144,.F.);
#9820=ORIENTED_EDGE('',*,*,#7146,.F.);
#9821=ORIENTED_EDGE('',*,*,#7147,.F.);
#9822=ORIENTED_EDGE('',*,*,#7128,.F.);
#9823=ORIENTED_EDGE('',*,*,#7117,.T.);
#9824=ORIENTED_EDGE('',*,*,#7109,.T.);
#9825=ORIENTED_EDGE('',*,*,#7148,.T.);
#9826=ORIENTED_EDGE('',*,*,#7149,.T.);
#9827=ORIENTED_EDGE('',*,*,#7129,.T.);
#9828=ORIENTED_EDGE('',*,*,#7147,.T.);
#9829=ORIENTED_EDGE('',*,*,#7150,.T.);
#9830=ORIENTED_EDGE('',*,*,#7124,.T.);
#9831=ORIENTED_EDGE('',*,*,#7131,.T.);
#9832=ORIENTED_EDGE('',*,*,#7151,.T.);
#9833=ORIENTED_EDGE('',*,*,#7113,.T.);
#9834=ORIENTED_EDGE('',*,*,#7152,.T.);
#9835=ORIENTED_EDGE('',*,*,#7153,.F.);
#9836=ORIENTED_EDGE('',*,*,#7135,.F.);
#9837=ORIENTED_EDGE('',*,*,#7116,.T.);
#9838=ORIENTED_EDGE('',*,*,#7134,.T.);
#9839=ORIENTED_EDGE('',*,*,#7154,.F.);
#9840=ORIENTED_EDGE('',*,*,#7152,.F.);
#9841=ORIENTED_EDGE('',*,*,#7149,.F.);
#9842=ORIENTED_EDGE('',*,*,#7155,.F.);
#9843=ORIENTED_EDGE('',*,*,#7151,.F.);
#9844=ORIENTED_EDGE('',*,*,#7130,.F.);
#9845=ORIENTED_EDGE('',*,*,#7138,.F.);
#9846=ORIENTED_EDGE('',*,*,#7156,.F.);
#9847=ORIENTED_EDGE('',*,*,#7145,.F.);
#9848=ORIENTED_EDGE('',*,*,#7140,.F.);
#9849=ORIENTED_EDGE('',*,*,#7137,.F.);
#9850=ORIENTED_EDGE('',*,*,#7125,.T.);
#9851=ORIENTED_EDGE('',*,*,#7150,.F.);
#9852=ORIENTED_EDGE('',*,*,#7155,.T.);
#9853=ORIENTED_EDGE('',*,*,#7148,.F.);
#9854=ORIENTED_EDGE('',*,*,#7146,.T.);
#9855=ORIENTED_EDGE('',*,*,#7143,.F.);
#9856=ORIENTED_EDGE('',*,*,#7156,.T.);
#9857=ORIENTED_EDGE('',*,*,#7154,.T.);
#9858=ORIENTED_EDGE('',*,*,#7133,.T.);
#9859=ORIENTED_EDGE('',*,*,#7136,.T.);
#9860=ORIENTED_EDGE('',*,*,#7153,.T.);
#9861=ORIENTED_EDGE('',*,*,#7157,.F.);
#9862=ORIENTED_EDGE('',*,*,#7158,.T.);
#9863=ORIENTED_EDGE('',*,*,#7159,.F.);
#9864=ORIENTED_EDGE('',*,*,#7160,.F.);
#9865=ORIENTED_EDGE('',*,*,#7161,.F.);
#9866=ORIENTED_EDGE('',*,*,#7162,.F.);
#9867=ORIENTED_EDGE('',*,*,#7163,.F.);
#9868=ORIENTED_EDGE('',*,*,#7164,.F.);
#9869=ORIENTED_EDGE('',*,*,#7165,.F.);
#9870=ORIENTED_EDGE('',*,*,#7166,.F.);
#9871=ORIENTED_EDGE('',*,*,#7167,.F.);
#9872=ORIENTED_EDGE('',*,*,#7158,.F.);
#9873=ORIENTED_EDGE('',*,*,#7168,.F.);
#9874=ORIENTED_EDGE('',*,*,#7160,.T.);
#9875=ORIENTED_EDGE('',*,*,#7169,.F.);
#9876=ORIENTED_EDGE('',*,*,#7170,.F.);
#9877=ORIENTED_EDGE('',*,*,#7169,.T.);
#9878=ORIENTED_EDGE('',*,*,#7159,.T.);
#9879=ORIENTED_EDGE('',*,*,#7167,.T.);
#9880=ORIENTED_EDGE('',*,*,#7171,.F.);
#9881=ORIENTED_EDGE('',*,*,#7172,.F.);
#9882=ORIENTED_EDGE('',*,*,#7173,.F.);
#9883=ORIENTED_EDGE('',*,*,#7174,.F.);
#9884=ORIENTED_EDGE('',*,*,#7175,.F.);
#9885=ORIENTED_EDGE('',*,*,#7166,.T.);
#9886=ORIENTED_EDGE('',*,*,#7176,.T.);
#9887=ORIENTED_EDGE('',*,*,#7177,.F.);
#9888=ORIENTED_EDGE('',*,*,#7178,.T.);
#9889=ORIENTED_EDGE('',*,*,#7179,.F.);
#9890=ORIENTED_EDGE('',*,*,#7171,.T.);
#9891=ORIENTED_EDGE('',*,*,#7163,.T.);
#9892=ORIENTED_EDGE('',*,*,#7180,.T.);
#9893=ORIENTED_EDGE('',*,*,#7181,.F.);
#9894=ORIENTED_EDGE('',*,*,#7182,.F.);
#9895=ORIENTED_EDGE('',*,*,#7162,.T.);
#9896=ORIENTED_EDGE('',*,*,#7183,.T.);
#9897=ORIENTED_EDGE('',*,*,#7184,.F.);
#9898=ORIENTED_EDGE('',*,*,#7180,.F.);
#9899=ORIENTED_EDGE('',*,*,#7185,.T.);
#9900=ORIENTED_EDGE('',*,*,#7186,.T.);
#9901=ORIENTED_EDGE('',*,*,#7187,.T.);
#9902=ORIENTED_EDGE('',*,*,#7174,.T.);
#9903=ORIENTED_EDGE('',*,*,#7170,.T.);
#9904=ORIENTED_EDGE('',*,*,#7175,.T.);
#9905=ORIENTED_EDGE('',*,*,#7187,.F.);
#9906=ORIENTED_EDGE('',*,*,#7188,.T.);
#9907=ORIENTED_EDGE('',*,*,#7189,.F.);
#9908=ORIENTED_EDGE('',*,*,#7190,.T.);
#9909=ORIENTED_EDGE('',*,*,#7191,.T.);
#9910=ORIENTED_EDGE('',*,*,#7192,.T.);
#9911=ORIENTED_EDGE('',*,*,#7189,.T.);
#9912=ORIENTED_EDGE('',*,*,#7193,.T.);
#9913=ORIENTED_EDGE('',*,*,#7168,.T.);
#9914=ORIENTED_EDGE('',*,*,#7190,.F.);
#9915=ORIENTED_EDGE('',*,*,#7192,.F.);
#9916=ORIENTED_EDGE('',*,*,#7194,.F.);
#9917=ORIENTED_EDGE('',*,*,#7195,.F.);
#9918=ORIENTED_EDGE('',*,*,#7176,.F.);
#9919=ORIENTED_EDGE('',*,*,#7165,.T.);
#9920=ORIENTED_EDGE('',*,*,#7157,.T.);
#9921=ORIENTED_EDGE('',*,*,#7196,.T.);
#9922=ORIENTED_EDGE('',*,*,#7197,.T.);
#9923=ORIENTED_EDGE('',*,*,#7177,.T.);
#9924=ORIENTED_EDGE('',*,*,#7195,.T.);
#9925=ORIENTED_EDGE('',*,*,#7198,.T.);
#9926=ORIENTED_EDGE('',*,*,#7172,.T.);
#9927=ORIENTED_EDGE('',*,*,#7179,.T.);
#9928=ORIENTED_EDGE('',*,*,#7199,.T.);
#9929=ORIENTED_EDGE('',*,*,#7161,.T.);
#9930=ORIENTED_EDGE('',*,*,#7200,.T.);
#9931=ORIENTED_EDGE('',*,*,#7201,.F.);
#9932=ORIENTED_EDGE('',*,*,#7183,.F.);
#9933=ORIENTED_EDGE('',*,*,#7164,.T.);
#9934=ORIENTED_EDGE('',*,*,#7182,.T.);
#9935=ORIENTED_EDGE('',*,*,#7202,.F.);
#9936=ORIENTED_EDGE('',*,*,#7200,.F.);
#9937=ORIENTED_EDGE('',*,*,#7197,.F.);
#9938=ORIENTED_EDGE('',*,*,#7203,.F.);
#9939=ORIENTED_EDGE('',*,*,#7199,.F.);
#9940=ORIENTED_EDGE('',*,*,#7178,.F.);
#9941=ORIENTED_EDGE('',*,*,#7186,.F.);
#9942=ORIENTED_EDGE('',*,*,#7204,.F.);
#9943=ORIENTED_EDGE('',*,*,#7193,.F.);
#9944=ORIENTED_EDGE('',*,*,#7188,.F.);
#9945=ORIENTED_EDGE('',*,*,#7185,.F.);
#9946=ORIENTED_EDGE('',*,*,#7173,.T.);
#9947=ORIENTED_EDGE('',*,*,#7198,.F.);
#9948=ORIENTED_EDGE('',*,*,#7203,.T.);
#9949=ORIENTED_EDGE('',*,*,#7196,.F.);
#9950=ORIENTED_EDGE('',*,*,#7194,.T.);
#9951=ORIENTED_EDGE('',*,*,#7191,.F.);
#9952=ORIENTED_EDGE('',*,*,#7204,.T.);
#9953=ORIENTED_EDGE('',*,*,#7202,.T.);
#9954=ORIENTED_EDGE('',*,*,#7181,.T.);
#9955=ORIENTED_EDGE('',*,*,#7184,.T.);
#9956=ORIENTED_EDGE('',*,*,#7201,.T.);
#9957=ORIENTED_EDGE('',*,*,#7205,.F.);
#9958=ORIENTED_EDGE('',*,*,#7206,.T.);
#9959=ORIENTED_EDGE('',*,*,#7207,.F.);
#9960=ORIENTED_EDGE('',*,*,#7208,.F.);
#9961=ORIENTED_EDGE('',*,*,#7209,.F.);
#9962=ORIENTED_EDGE('',*,*,#7210,.F.);
#9963=ORIENTED_EDGE('',*,*,#7211,.F.);
#9964=ORIENTED_EDGE('',*,*,#7212,.F.);
#9965=ORIENTED_EDGE('',*,*,#7213,.F.);
#9966=ORIENTED_EDGE('',*,*,#7214,.F.);
#9967=ORIENTED_EDGE('',*,*,#7215,.F.);
#9968=ORIENTED_EDGE('',*,*,#7206,.F.);
#9969=ORIENTED_EDGE('',*,*,#7216,.F.);
#9970=ORIENTED_EDGE('',*,*,#7208,.T.);
#9971=ORIENTED_EDGE('',*,*,#7217,.F.);
#9972=ORIENTED_EDGE('',*,*,#7218,.F.);
#9973=ORIENTED_EDGE('',*,*,#7217,.T.);
#9974=ORIENTED_EDGE('',*,*,#7207,.T.);
#9975=ORIENTED_EDGE('',*,*,#7215,.T.);
#9976=ORIENTED_EDGE('',*,*,#7219,.F.);
#9977=ORIENTED_EDGE('',*,*,#7220,.F.);
#9978=ORIENTED_EDGE('',*,*,#7221,.F.);
#9979=ORIENTED_EDGE('',*,*,#7222,.F.);
#9980=ORIENTED_EDGE('',*,*,#7223,.F.);
#9981=ORIENTED_EDGE('',*,*,#7214,.T.);
#9982=ORIENTED_EDGE('',*,*,#7224,.T.);
#9983=ORIENTED_EDGE('',*,*,#7225,.F.);
#9984=ORIENTED_EDGE('',*,*,#7226,.T.);
#9985=ORIENTED_EDGE('',*,*,#7227,.F.);
#9986=ORIENTED_EDGE('',*,*,#7219,.T.);
#9987=ORIENTED_EDGE('',*,*,#7211,.T.);
#9988=ORIENTED_EDGE('',*,*,#7228,.T.);
#9989=ORIENTED_EDGE('',*,*,#7229,.F.);
#9990=ORIENTED_EDGE('',*,*,#7230,.F.);
#9991=ORIENTED_EDGE('',*,*,#7210,.T.);
#9992=ORIENTED_EDGE('',*,*,#7231,.T.);
#9993=ORIENTED_EDGE('',*,*,#7232,.F.);
#9994=ORIENTED_EDGE('',*,*,#7228,.F.);
#9995=ORIENTED_EDGE('',*,*,#7233,.T.);
#9996=ORIENTED_EDGE('',*,*,#7234,.T.);
#9997=ORIENTED_EDGE('',*,*,#7235,.T.);
#9998=ORIENTED_EDGE('',*,*,#7222,.T.);
#9999=ORIENTED_EDGE('',*,*,#7218,.T.);
#10000=ORIENTED_EDGE('',*,*,#7223,.T.);
#10001=ORIENTED_EDGE('',*,*,#7235,.F.);
#10002=ORIENTED_EDGE('',*,*,#7236,.T.);
#10003=ORIENTED_EDGE('',*,*,#7237,.F.);
#10004=ORIENTED_EDGE('',*,*,#7238,.T.);
#10005=ORIENTED_EDGE('',*,*,#7239,.T.);
#10006=ORIENTED_EDGE('',*,*,#7240,.T.);
#10007=ORIENTED_EDGE('',*,*,#7237,.T.);
#10008=ORIENTED_EDGE('',*,*,#7241,.T.);
#10009=ORIENTED_EDGE('',*,*,#7216,.T.);
#10010=ORIENTED_EDGE('',*,*,#7238,.F.);
#10011=ORIENTED_EDGE('',*,*,#7240,.F.);
#10012=ORIENTED_EDGE('',*,*,#7242,.F.);
#10013=ORIENTED_EDGE('',*,*,#7243,.F.);
#10014=ORIENTED_EDGE('',*,*,#7224,.F.);
#10015=ORIENTED_EDGE('',*,*,#7213,.T.);
#10016=ORIENTED_EDGE('',*,*,#7205,.T.);
#10017=ORIENTED_EDGE('',*,*,#7244,.T.);
#10018=ORIENTED_EDGE('',*,*,#7245,.T.);
#10019=ORIENTED_EDGE('',*,*,#7225,.T.);
#10020=ORIENTED_EDGE('',*,*,#7243,.T.);
#10021=ORIENTED_EDGE('',*,*,#7246,.T.);
#10022=ORIENTED_EDGE('',*,*,#7220,.T.);
#10023=ORIENTED_EDGE('',*,*,#7227,.T.);
#10024=ORIENTED_EDGE('',*,*,#7247,.T.);
#10025=ORIENTED_EDGE('',*,*,#7209,.T.);
#10026=ORIENTED_EDGE('',*,*,#7248,.T.);
#10027=ORIENTED_EDGE('',*,*,#7249,.F.);
#10028=ORIENTED_EDGE('',*,*,#7231,.F.);
#10029=ORIENTED_EDGE('',*,*,#7212,.T.);
#10030=ORIENTED_EDGE('',*,*,#7230,.T.);
#10031=ORIENTED_EDGE('',*,*,#7250,.F.);
#10032=ORIENTED_EDGE('',*,*,#7248,.F.);
#10033=ORIENTED_EDGE('',*,*,#7245,.F.);
#10034=ORIENTED_EDGE('',*,*,#7251,.F.);
#10035=ORIENTED_EDGE('',*,*,#7247,.F.);
#10036=ORIENTED_EDGE('',*,*,#7226,.F.);
#10037=ORIENTED_EDGE('',*,*,#7234,.F.);
#10038=ORIENTED_EDGE('',*,*,#7252,.F.);
#10039=ORIENTED_EDGE('',*,*,#7241,.F.);
#10040=ORIENTED_EDGE('',*,*,#7236,.F.);
#10041=ORIENTED_EDGE('',*,*,#7233,.F.);
#10042=ORIENTED_EDGE('',*,*,#7221,.T.);
#10043=ORIENTED_EDGE('',*,*,#7246,.F.);
#10044=ORIENTED_EDGE('',*,*,#7251,.T.);
#10045=ORIENTED_EDGE('',*,*,#7244,.F.);
#10046=ORIENTED_EDGE('',*,*,#7242,.T.);
#10047=ORIENTED_EDGE('',*,*,#7239,.F.);
#10048=ORIENTED_EDGE('',*,*,#7252,.T.);
#10049=ORIENTED_EDGE('',*,*,#7250,.T.);
#10050=ORIENTED_EDGE('',*,*,#7229,.T.);
#10051=ORIENTED_EDGE('',*,*,#7232,.T.);
#10052=ORIENTED_EDGE('',*,*,#7249,.T.);
#10053=ORIENTED_EDGE('',*,*,#7253,.F.);
#10054=ORIENTED_EDGE('',*,*,#7254,.T.);
#10055=ORIENTED_EDGE('',*,*,#7255,.F.);
#10056=ORIENTED_EDGE('',*,*,#7256,.F.);
#10057=ORIENTED_EDGE('',*,*,#7257,.F.);
#10058=ORIENTED_EDGE('',*,*,#7258,.F.);
#10059=ORIENTED_EDGE('',*,*,#7259,.F.);
#10060=ORIENTED_EDGE('',*,*,#7260,.F.);
#10061=ORIENTED_EDGE('',*,*,#7261,.F.);
#10062=ORIENTED_EDGE('',*,*,#7262,.F.);
#10063=ORIENTED_EDGE('',*,*,#7263,.F.);
#10064=ORIENTED_EDGE('',*,*,#7254,.F.);
#10065=ORIENTED_EDGE('',*,*,#7264,.F.);
#10066=ORIENTED_EDGE('',*,*,#7256,.T.);
#10067=ORIENTED_EDGE('',*,*,#7265,.F.);
#10068=ORIENTED_EDGE('',*,*,#7266,.F.);
#10069=ORIENTED_EDGE('',*,*,#7265,.T.);
#10070=ORIENTED_EDGE('',*,*,#7255,.T.);
#10071=ORIENTED_EDGE('',*,*,#7263,.T.);
#10072=ORIENTED_EDGE('',*,*,#7267,.F.);
#10073=ORIENTED_EDGE('',*,*,#7268,.F.);
#10074=ORIENTED_EDGE('',*,*,#7269,.F.);
#10075=ORIENTED_EDGE('',*,*,#7270,.F.);
#10076=ORIENTED_EDGE('',*,*,#7271,.F.);
#10077=ORIENTED_EDGE('',*,*,#7262,.T.);
#10078=ORIENTED_EDGE('',*,*,#7272,.T.);
#10079=ORIENTED_EDGE('',*,*,#7273,.F.);
#10080=ORIENTED_EDGE('',*,*,#7274,.T.);
#10081=ORIENTED_EDGE('',*,*,#7275,.F.);
#10082=ORIENTED_EDGE('',*,*,#7267,.T.);
#10083=ORIENTED_EDGE('',*,*,#7259,.T.);
#10084=ORIENTED_EDGE('',*,*,#7276,.T.);
#10085=ORIENTED_EDGE('',*,*,#7277,.F.);
#10086=ORIENTED_EDGE('',*,*,#7278,.F.);
#10087=ORIENTED_EDGE('',*,*,#7258,.T.);
#10088=ORIENTED_EDGE('',*,*,#7279,.T.);
#10089=ORIENTED_EDGE('',*,*,#7280,.F.);
#10090=ORIENTED_EDGE('',*,*,#7276,.F.);
#10091=ORIENTED_EDGE('',*,*,#7281,.T.);
#10092=ORIENTED_EDGE('',*,*,#7282,.T.);
#10093=ORIENTED_EDGE('',*,*,#7283,.T.);
#10094=ORIENTED_EDGE('',*,*,#7270,.T.);
#10095=ORIENTED_EDGE('',*,*,#7266,.T.);
#10096=ORIENTED_EDGE('',*,*,#7271,.T.);
#10097=ORIENTED_EDGE('',*,*,#7283,.F.);
#10098=ORIENTED_EDGE('',*,*,#7284,.T.);
#10099=ORIENTED_EDGE('',*,*,#7285,.F.);
#10100=ORIENTED_EDGE('',*,*,#7286,.T.);
#10101=ORIENTED_EDGE('',*,*,#7287,.T.);
#10102=ORIENTED_EDGE('',*,*,#7288,.T.);
#10103=ORIENTED_EDGE('',*,*,#7285,.T.);
#10104=ORIENTED_EDGE('',*,*,#7289,.T.);
#10105=ORIENTED_EDGE('',*,*,#7264,.T.);
#10106=ORIENTED_EDGE('',*,*,#7286,.F.);
#10107=ORIENTED_EDGE('',*,*,#7288,.F.);
#10108=ORIENTED_EDGE('',*,*,#7290,.F.);
#10109=ORIENTED_EDGE('',*,*,#7291,.F.);
#10110=ORIENTED_EDGE('',*,*,#7272,.F.);
#10111=ORIENTED_EDGE('',*,*,#7261,.T.);
#10112=ORIENTED_EDGE('',*,*,#7253,.T.);
#10113=ORIENTED_EDGE('',*,*,#7292,.T.);
#10114=ORIENTED_EDGE('',*,*,#7293,.T.);
#10115=ORIENTED_EDGE('',*,*,#7273,.T.);
#10116=ORIENTED_EDGE('',*,*,#7291,.T.);
#10117=ORIENTED_EDGE('',*,*,#7294,.T.);
#10118=ORIENTED_EDGE('',*,*,#7268,.T.);
#10119=ORIENTED_EDGE('',*,*,#7275,.T.);
#10120=ORIENTED_EDGE('',*,*,#7295,.T.);
#10121=ORIENTED_EDGE('',*,*,#7257,.T.);
#10122=ORIENTED_EDGE('',*,*,#7296,.T.);
#10123=ORIENTED_EDGE('',*,*,#7297,.F.);
#10124=ORIENTED_EDGE('',*,*,#7279,.F.);
#10125=ORIENTED_EDGE('',*,*,#7260,.T.);
#10126=ORIENTED_EDGE('',*,*,#7278,.T.);
#10127=ORIENTED_EDGE('',*,*,#7298,.F.);
#10128=ORIENTED_EDGE('',*,*,#7296,.F.);
#10129=ORIENTED_EDGE('',*,*,#7293,.F.);
#10130=ORIENTED_EDGE('',*,*,#7299,.F.);
#10131=ORIENTED_EDGE('',*,*,#7295,.F.);
#10132=ORIENTED_EDGE('',*,*,#7274,.F.);
#10133=ORIENTED_EDGE('',*,*,#7282,.F.);
#10134=ORIENTED_EDGE('',*,*,#7300,.F.);
#10135=ORIENTED_EDGE('',*,*,#7289,.F.);
#10136=ORIENTED_EDGE('',*,*,#7284,.F.);
#10137=ORIENTED_EDGE('',*,*,#7281,.F.);
#10138=ORIENTED_EDGE('',*,*,#7269,.T.);
#10139=ORIENTED_EDGE('',*,*,#7294,.F.);
#10140=ORIENTED_EDGE('',*,*,#7299,.T.);
#10141=ORIENTED_EDGE('',*,*,#7292,.F.);
#10142=ORIENTED_EDGE('',*,*,#7290,.T.);
#10143=ORIENTED_EDGE('',*,*,#7287,.F.);
#10144=ORIENTED_EDGE('',*,*,#7300,.T.);
#10145=ORIENTED_EDGE('',*,*,#7298,.T.);
#10146=ORIENTED_EDGE('',*,*,#7277,.T.);
#10147=ORIENTED_EDGE('',*,*,#7280,.T.);
#10148=ORIENTED_EDGE('',*,*,#7297,.T.);
#10149=ORIENTED_EDGE('',*,*,#7301,.F.);
#10150=ORIENTED_EDGE('',*,*,#7302,.T.);
#10151=ORIENTED_EDGE('',*,*,#7303,.F.);
#10152=ORIENTED_EDGE('',*,*,#7304,.F.);
#10153=ORIENTED_EDGE('',*,*,#7305,.F.);
#10154=ORIENTED_EDGE('',*,*,#7306,.F.);
#10155=ORIENTED_EDGE('',*,*,#7307,.F.);
#10156=ORIENTED_EDGE('',*,*,#7308,.F.);
#10157=ORIENTED_EDGE('',*,*,#7309,.F.);
#10158=ORIENTED_EDGE('',*,*,#7310,.F.);
#10159=ORIENTED_EDGE('',*,*,#7311,.F.);
#10160=ORIENTED_EDGE('',*,*,#7302,.F.);
#10161=ORIENTED_EDGE('',*,*,#7312,.F.);
#10162=ORIENTED_EDGE('',*,*,#7304,.T.);
#10163=ORIENTED_EDGE('',*,*,#7313,.F.);
#10164=ORIENTED_EDGE('',*,*,#7314,.F.);
#10165=ORIENTED_EDGE('',*,*,#7313,.T.);
#10166=ORIENTED_EDGE('',*,*,#7303,.T.);
#10167=ORIENTED_EDGE('',*,*,#7311,.T.);
#10168=ORIENTED_EDGE('',*,*,#7315,.F.);
#10169=ORIENTED_EDGE('',*,*,#7316,.F.);
#10170=ORIENTED_EDGE('',*,*,#7317,.F.);
#10171=ORIENTED_EDGE('',*,*,#7318,.F.);
#10172=ORIENTED_EDGE('',*,*,#7319,.F.);
#10173=ORIENTED_EDGE('',*,*,#7310,.T.);
#10174=ORIENTED_EDGE('',*,*,#7320,.T.);
#10175=ORIENTED_EDGE('',*,*,#7321,.F.);
#10176=ORIENTED_EDGE('',*,*,#7322,.T.);
#10177=ORIENTED_EDGE('',*,*,#7323,.F.);
#10178=ORIENTED_EDGE('',*,*,#7315,.T.);
#10179=ORIENTED_EDGE('',*,*,#7307,.T.);
#10180=ORIENTED_EDGE('',*,*,#7324,.T.);
#10181=ORIENTED_EDGE('',*,*,#7325,.F.);
#10182=ORIENTED_EDGE('',*,*,#7326,.F.);
#10183=ORIENTED_EDGE('',*,*,#7306,.T.);
#10184=ORIENTED_EDGE('',*,*,#7327,.T.);
#10185=ORIENTED_EDGE('',*,*,#7328,.F.);
#10186=ORIENTED_EDGE('',*,*,#7324,.F.);
#10187=ORIENTED_EDGE('',*,*,#7329,.T.);
#10188=ORIENTED_EDGE('',*,*,#7330,.T.);
#10189=ORIENTED_EDGE('',*,*,#7331,.T.);
#10190=ORIENTED_EDGE('',*,*,#7318,.T.);
#10191=ORIENTED_EDGE('',*,*,#7314,.T.);
#10192=ORIENTED_EDGE('',*,*,#7319,.T.);
#10193=ORIENTED_EDGE('',*,*,#7331,.F.);
#10194=ORIENTED_EDGE('',*,*,#7332,.T.);
#10195=ORIENTED_EDGE('',*,*,#7333,.F.);
#10196=ORIENTED_EDGE('',*,*,#7334,.T.);
#10197=ORIENTED_EDGE('',*,*,#7335,.T.);
#10198=ORIENTED_EDGE('',*,*,#7336,.T.);
#10199=ORIENTED_EDGE('',*,*,#7333,.T.);
#10200=ORIENTED_EDGE('',*,*,#7337,.T.);
#10201=ORIENTED_EDGE('',*,*,#7312,.T.);
#10202=ORIENTED_EDGE('',*,*,#7334,.F.);
#10203=ORIENTED_EDGE('',*,*,#7336,.F.);
#10204=ORIENTED_EDGE('',*,*,#7338,.F.);
#10205=ORIENTED_EDGE('',*,*,#7339,.F.);
#10206=ORIENTED_EDGE('',*,*,#7320,.F.);
#10207=ORIENTED_EDGE('',*,*,#7309,.T.);
#10208=ORIENTED_EDGE('',*,*,#7301,.T.);
#10209=ORIENTED_EDGE('',*,*,#7340,.T.);
#10210=ORIENTED_EDGE('',*,*,#7341,.T.);
#10211=ORIENTED_EDGE('',*,*,#7321,.T.);
#10212=ORIENTED_EDGE('',*,*,#7339,.T.);
#10213=ORIENTED_EDGE('',*,*,#7342,.T.);
#10214=ORIENTED_EDGE('',*,*,#7316,.T.);
#10215=ORIENTED_EDGE('',*,*,#7323,.T.);
#10216=ORIENTED_EDGE('',*,*,#7343,.T.);
#10217=ORIENTED_EDGE('',*,*,#7305,.T.);
#10218=ORIENTED_EDGE('',*,*,#7344,.T.);
#10219=ORIENTED_EDGE('',*,*,#7345,.F.);
#10220=ORIENTED_EDGE('',*,*,#7327,.F.);
#10221=ORIENTED_EDGE('',*,*,#7308,.T.);
#10222=ORIENTED_EDGE('',*,*,#7326,.T.);
#10223=ORIENTED_EDGE('',*,*,#7346,.F.);
#10224=ORIENTED_EDGE('',*,*,#7344,.F.);
#10225=ORIENTED_EDGE('',*,*,#7341,.F.);
#10226=ORIENTED_EDGE('',*,*,#7347,.F.);
#10227=ORIENTED_EDGE('',*,*,#7343,.F.);
#10228=ORIENTED_EDGE('',*,*,#7322,.F.);
#10229=ORIENTED_EDGE('',*,*,#7330,.F.);
#10230=ORIENTED_EDGE('',*,*,#7348,.F.);
#10231=ORIENTED_EDGE('',*,*,#7337,.F.);
#10232=ORIENTED_EDGE('',*,*,#7332,.F.);
#10233=ORIENTED_EDGE('',*,*,#7329,.F.);
#10234=ORIENTED_EDGE('',*,*,#7317,.T.);
#10235=ORIENTED_EDGE('',*,*,#7342,.F.);
#10236=ORIENTED_EDGE('',*,*,#7347,.T.);
#10237=ORIENTED_EDGE('',*,*,#7340,.F.);
#10238=ORIENTED_EDGE('',*,*,#7338,.T.);
#10239=ORIENTED_EDGE('',*,*,#7335,.F.);
#10240=ORIENTED_EDGE('',*,*,#7348,.T.);
#10241=ORIENTED_EDGE('',*,*,#7346,.T.);
#10242=ORIENTED_EDGE('',*,*,#7325,.T.);
#10243=ORIENTED_EDGE('',*,*,#7328,.T.);
#10244=ORIENTED_EDGE('',*,*,#7345,.T.);
#10245=ORIENTED_EDGE('',*,*,#7349,.F.);
#10246=ORIENTED_EDGE('',*,*,#7350,.T.);
#10247=ORIENTED_EDGE('',*,*,#7351,.F.);
#10248=ORIENTED_EDGE('',*,*,#7352,.F.);
#10249=ORIENTED_EDGE('',*,*,#7353,.F.);
#10250=ORIENTED_EDGE('',*,*,#7354,.F.);
#10251=ORIENTED_EDGE('',*,*,#7355,.F.);
#10252=ORIENTED_EDGE('',*,*,#7356,.F.);
#10253=ORIENTED_EDGE('',*,*,#7357,.F.);
#10254=ORIENTED_EDGE('',*,*,#7358,.F.);
#10255=ORIENTED_EDGE('',*,*,#7359,.F.);
#10256=ORIENTED_EDGE('',*,*,#7350,.F.);
#10257=ORIENTED_EDGE('',*,*,#7360,.F.);
#10258=ORIENTED_EDGE('',*,*,#7352,.T.);
#10259=ORIENTED_EDGE('',*,*,#7361,.F.);
#10260=ORIENTED_EDGE('',*,*,#7362,.F.);
#10261=ORIENTED_EDGE('',*,*,#7361,.T.);
#10262=ORIENTED_EDGE('',*,*,#7351,.T.);
#10263=ORIENTED_EDGE('',*,*,#7359,.T.);
#10264=ORIENTED_EDGE('',*,*,#7363,.F.);
#10265=ORIENTED_EDGE('',*,*,#7364,.F.);
#10266=ORIENTED_EDGE('',*,*,#7365,.F.);
#10267=ORIENTED_EDGE('',*,*,#7366,.F.);
#10268=ORIENTED_EDGE('',*,*,#7367,.F.);
#10269=ORIENTED_EDGE('',*,*,#7358,.T.);
#10270=ORIENTED_EDGE('',*,*,#7368,.T.);
#10271=ORIENTED_EDGE('',*,*,#7369,.F.);
#10272=ORIENTED_EDGE('',*,*,#7370,.T.);
#10273=ORIENTED_EDGE('',*,*,#7371,.F.);
#10274=ORIENTED_EDGE('',*,*,#7363,.T.);
#10275=ORIENTED_EDGE('',*,*,#7355,.T.);
#10276=ORIENTED_EDGE('',*,*,#7372,.T.);
#10277=ORIENTED_EDGE('',*,*,#7373,.F.);
#10278=ORIENTED_EDGE('',*,*,#7374,.F.);
#10279=ORIENTED_EDGE('',*,*,#7354,.T.);
#10280=ORIENTED_EDGE('',*,*,#7375,.T.);
#10281=ORIENTED_EDGE('',*,*,#7376,.F.);
#10282=ORIENTED_EDGE('',*,*,#7372,.F.);
#10283=ORIENTED_EDGE('',*,*,#7377,.T.);
#10284=ORIENTED_EDGE('',*,*,#7378,.T.);
#10285=ORIENTED_EDGE('',*,*,#7379,.T.);
#10286=ORIENTED_EDGE('',*,*,#7366,.T.);
#10287=ORIENTED_EDGE('',*,*,#7362,.T.);
#10288=ORIENTED_EDGE('',*,*,#7367,.T.);
#10289=ORIENTED_EDGE('',*,*,#7379,.F.);
#10290=ORIENTED_EDGE('',*,*,#7380,.T.);
#10291=ORIENTED_EDGE('',*,*,#7381,.F.);
#10292=ORIENTED_EDGE('',*,*,#7382,.T.);
#10293=ORIENTED_EDGE('',*,*,#7383,.T.);
#10294=ORIENTED_EDGE('',*,*,#7384,.T.);
#10295=ORIENTED_EDGE('',*,*,#7381,.T.);
#10296=ORIENTED_EDGE('',*,*,#7385,.T.);
#10297=ORIENTED_EDGE('',*,*,#7360,.T.);
#10298=ORIENTED_EDGE('',*,*,#7382,.F.);
#10299=ORIENTED_EDGE('',*,*,#7384,.F.);
#10300=ORIENTED_EDGE('',*,*,#7386,.F.);
#10301=ORIENTED_EDGE('',*,*,#7387,.F.);
#10302=ORIENTED_EDGE('',*,*,#7368,.F.);
#10303=ORIENTED_EDGE('',*,*,#7357,.T.);
#10304=ORIENTED_EDGE('',*,*,#7349,.T.);
#10305=ORIENTED_EDGE('',*,*,#7388,.T.);
#10306=ORIENTED_EDGE('',*,*,#7389,.T.);
#10307=ORIENTED_EDGE('',*,*,#7369,.T.);
#10308=ORIENTED_EDGE('',*,*,#7387,.T.);
#10309=ORIENTED_EDGE('',*,*,#7390,.T.);
#10310=ORIENTED_EDGE('',*,*,#7364,.T.);
#10311=ORIENTED_EDGE('',*,*,#7371,.T.);
#10312=ORIENTED_EDGE('',*,*,#7391,.T.);
#10313=ORIENTED_EDGE('',*,*,#7353,.T.);
#10314=ORIENTED_EDGE('',*,*,#7392,.T.);
#10315=ORIENTED_EDGE('',*,*,#7393,.F.);
#10316=ORIENTED_EDGE('',*,*,#7375,.F.);
#10317=ORIENTED_EDGE('',*,*,#7356,.T.);
#10318=ORIENTED_EDGE('',*,*,#7374,.T.);
#10319=ORIENTED_EDGE('',*,*,#7394,.F.);
#10320=ORIENTED_EDGE('',*,*,#7392,.F.);
#10321=ORIENTED_EDGE('',*,*,#7389,.F.);
#10322=ORIENTED_EDGE('',*,*,#7395,.F.);
#10323=ORIENTED_EDGE('',*,*,#7391,.F.);
#10324=ORIENTED_EDGE('',*,*,#7370,.F.);
#10325=ORIENTED_EDGE('',*,*,#7378,.F.);
#10326=ORIENTED_EDGE('',*,*,#7396,.F.);
#10327=ORIENTED_EDGE('',*,*,#7385,.F.);
#10328=ORIENTED_EDGE('',*,*,#7380,.F.);
#10329=ORIENTED_EDGE('',*,*,#7377,.F.);
#10330=ORIENTED_EDGE('',*,*,#7365,.T.);
#10331=ORIENTED_EDGE('',*,*,#7390,.F.);
#10332=ORIENTED_EDGE('',*,*,#7395,.T.);
#10333=ORIENTED_EDGE('',*,*,#7388,.F.);
#10334=ORIENTED_EDGE('',*,*,#7386,.T.);
#10335=ORIENTED_EDGE('',*,*,#7383,.F.);
#10336=ORIENTED_EDGE('',*,*,#7396,.T.);
#10337=ORIENTED_EDGE('',*,*,#7394,.T.);
#10338=ORIENTED_EDGE('',*,*,#7373,.T.);
#10339=ORIENTED_EDGE('',*,*,#7376,.T.);
#10340=ORIENTED_EDGE('',*,*,#7393,.T.);
#10341=ORIENTED_EDGE('',*,*,#7397,.F.);
#10342=ORIENTED_EDGE('',*,*,#7398,.T.);
#10343=ORIENTED_EDGE('',*,*,#7399,.F.);
#10344=ORIENTED_EDGE('',*,*,#7400,.F.);
#10345=ORIENTED_EDGE('',*,*,#7401,.F.);
#10346=ORIENTED_EDGE('',*,*,#7402,.F.);
#10347=ORIENTED_EDGE('',*,*,#7403,.F.);
#10348=ORIENTED_EDGE('',*,*,#7404,.F.);
#10349=ORIENTED_EDGE('',*,*,#7405,.F.);
#10350=ORIENTED_EDGE('',*,*,#7406,.F.);
#10351=ORIENTED_EDGE('',*,*,#7407,.F.);
#10352=ORIENTED_EDGE('',*,*,#7398,.F.);
#10353=ORIENTED_EDGE('',*,*,#7408,.F.);
#10354=ORIENTED_EDGE('',*,*,#7400,.T.);
#10355=ORIENTED_EDGE('',*,*,#7409,.F.);
#10356=ORIENTED_EDGE('',*,*,#7410,.F.);
#10357=ORIENTED_EDGE('',*,*,#7409,.T.);
#10358=ORIENTED_EDGE('',*,*,#7399,.T.);
#10359=ORIENTED_EDGE('',*,*,#7407,.T.);
#10360=ORIENTED_EDGE('',*,*,#7411,.F.);
#10361=ORIENTED_EDGE('',*,*,#7412,.F.);
#10362=ORIENTED_EDGE('',*,*,#7413,.F.);
#10363=ORIENTED_EDGE('',*,*,#7414,.F.);
#10364=ORIENTED_EDGE('',*,*,#7415,.F.);
#10365=ORIENTED_EDGE('',*,*,#7406,.T.);
#10366=ORIENTED_EDGE('',*,*,#7416,.T.);
#10367=ORIENTED_EDGE('',*,*,#7417,.F.);
#10368=ORIENTED_EDGE('',*,*,#7418,.T.);
#10369=ORIENTED_EDGE('',*,*,#7419,.F.);
#10370=ORIENTED_EDGE('',*,*,#7411,.T.);
#10371=ORIENTED_EDGE('',*,*,#7403,.T.);
#10372=ORIENTED_EDGE('',*,*,#7420,.T.);
#10373=ORIENTED_EDGE('',*,*,#7421,.F.);
#10374=ORIENTED_EDGE('',*,*,#7422,.F.);
#10375=ORIENTED_EDGE('',*,*,#7402,.T.);
#10376=ORIENTED_EDGE('',*,*,#7423,.T.);
#10377=ORIENTED_EDGE('',*,*,#7424,.F.);
#10378=ORIENTED_EDGE('',*,*,#7420,.F.);
#10379=ORIENTED_EDGE('',*,*,#7425,.T.);
#10380=ORIENTED_EDGE('',*,*,#7426,.T.);
#10381=ORIENTED_EDGE('',*,*,#7427,.T.);
#10382=ORIENTED_EDGE('',*,*,#7414,.T.);
#10383=ORIENTED_EDGE('',*,*,#7410,.T.);
#10384=ORIENTED_EDGE('',*,*,#7415,.T.);
#10385=ORIENTED_EDGE('',*,*,#7427,.F.);
#10386=ORIENTED_EDGE('',*,*,#7428,.T.);
#10387=ORIENTED_EDGE('',*,*,#7429,.F.);
#10388=ORIENTED_EDGE('',*,*,#7430,.T.);
#10389=ORIENTED_EDGE('',*,*,#7431,.T.);
#10390=ORIENTED_EDGE('',*,*,#7432,.T.);
#10391=ORIENTED_EDGE('',*,*,#7429,.T.);
#10392=ORIENTED_EDGE('',*,*,#7433,.T.);
#10393=ORIENTED_EDGE('',*,*,#7408,.T.);
#10394=ORIENTED_EDGE('',*,*,#7430,.F.);
#10395=ORIENTED_EDGE('',*,*,#7432,.F.);
#10396=ORIENTED_EDGE('',*,*,#7434,.F.);
#10397=ORIENTED_EDGE('',*,*,#7435,.F.);
#10398=ORIENTED_EDGE('',*,*,#7416,.F.);
#10399=ORIENTED_EDGE('',*,*,#7405,.T.);
#10400=ORIENTED_EDGE('',*,*,#7397,.T.);
#10401=ORIENTED_EDGE('',*,*,#7436,.T.);
#10402=ORIENTED_EDGE('',*,*,#7437,.T.);
#10403=ORIENTED_EDGE('',*,*,#7417,.T.);
#10404=ORIENTED_EDGE('',*,*,#7435,.T.);
#10405=ORIENTED_EDGE('',*,*,#7438,.T.);
#10406=ORIENTED_EDGE('',*,*,#7412,.T.);
#10407=ORIENTED_EDGE('',*,*,#7419,.T.);
#10408=ORIENTED_EDGE('',*,*,#7439,.T.);
#10409=ORIENTED_EDGE('',*,*,#7401,.T.);
#10410=ORIENTED_EDGE('',*,*,#7440,.T.);
#10411=ORIENTED_EDGE('',*,*,#7441,.F.);
#10412=ORIENTED_EDGE('',*,*,#7423,.F.);
#10413=ORIENTED_EDGE('',*,*,#7404,.T.);
#10414=ORIENTED_EDGE('',*,*,#7422,.T.);
#10415=ORIENTED_EDGE('',*,*,#7442,.F.);
#10416=ORIENTED_EDGE('',*,*,#7440,.F.);
#10417=ORIENTED_EDGE('',*,*,#7437,.F.);
#10418=ORIENTED_EDGE('',*,*,#7443,.F.);
#10419=ORIENTED_EDGE('',*,*,#7439,.F.);
#10420=ORIENTED_EDGE('',*,*,#7418,.F.);
#10421=ORIENTED_EDGE('',*,*,#7426,.F.);
#10422=ORIENTED_EDGE('',*,*,#7444,.F.);
#10423=ORIENTED_EDGE('',*,*,#7433,.F.);
#10424=ORIENTED_EDGE('',*,*,#7428,.F.);
#10425=ORIENTED_EDGE('',*,*,#7425,.F.);
#10426=ORIENTED_EDGE('',*,*,#7413,.T.);
#10427=ORIENTED_EDGE('',*,*,#7438,.F.);
#10428=ORIENTED_EDGE('',*,*,#7443,.T.);
#10429=ORIENTED_EDGE('',*,*,#7436,.F.);
#10430=ORIENTED_EDGE('',*,*,#7434,.T.);
#10431=ORIENTED_EDGE('',*,*,#7431,.F.);
#10432=ORIENTED_EDGE('',*,*,#7444,.T.);
#10433=ORIENTED_EDGE('',*,*,#7442,.T.);
#10434=ORIENTED_EDGE('',*,*,#7421,.T.);
#10435=ORIENTED_EDGE('',*,*,#7424,.T.);
#10436=ORIENTED_EDGE('',*,*,#7441,.T.);
#10437=ORIENTED_EDGE('',*,*,#7445,.F.);
#10438=ORIENTED_EDGE('',*,*,#7446,.T.);
#10439=ORIENTED_EDGE('',*,*,#7447,.F.);
#10440=ORIENTED_EDGE('',*,*,#7448,.F.);
#10441=ORIENTED_EDGE('',*,*,#7449,.F.);
#10442=ORIENTED_EDGE('',*,*,#7450,.F.);
#10443=ORIENTED_EDGE('',*,*,#7451,.F.);
#10444=ORIENTED_EDGE('',*,*,#7452,.F.);
#10445=ORIENTED_EDGE('',*,*,#7453,.F.);
#10446=ORIENTED_EDGE('',*,*,#7454,.F.);
#10447=ORIENTED_EDGE('',*,*,#7455,.F.);
#10448=ORIENTED_EDGE('',*,*,#7446,.F.);
#10449=ORIENTED_EDGE('',*,*,#7456,.F.);
#10450=ORIENTED_EDGE('',*,*,#7448,.T.);
#10451=ORIENTED_EDGE('',*,*,#7457,.F.);
#10452=ORIENTED_EDGE('',*,*,#7458,.F.);
#10453=ORIENTED_EDGE('',*,*,#7457,.T.);
#10454=ORIENTED_EDGE('',*,*,#7447,.T.);
#10455=ORIENTED_EDGE('',*,*,#7455,.T.);
#10456=ORIENTED_EDGE('',*,*,#7459,.F.);
#10457=ORIENTED_EDGE('',*,*,#7460,.F.);
#10458=ORIENTED_EDGE('',*,*,#7461,.F.);
#10459=ORIENTED_EDGE('',*,*,#7462,.F.);
#10460=ORIENTED_EDGE('',*,*,#7463,.F.);
#10461=ORIENTED_EDGE('',*,*,#7454,.T.);
#10462=ORIENTED_EDGE('',*,*,#7464,.T.);
#10463=ORIENTED_EDGE('',*,*,#7465,.F.);
#10464=ORIENTED_EDGE('',*,*,#7466,.T.);
#10465=ORIENTED_EDGE('',*,*,#7467,.F.);
#10466=ORIENTED_EDGE('',*,*,#7459,.T.);
#10467=ORIENTED_EDGE('',*,*,#7451,.T.);
#10468=ORIENTED_EDGE('',*,*,#7468,.T.);
#10469=ORIENTED_EDGE('',*,*,#7469,.F.);
#10470=ORIENTED_EDGE('',*,*,#7470,.F.);
#10471=ORIENTED_EDGE('',*,*,#7450,.T.);
#10472=ORIENTED_EDGE('',*,*,#7471,.T.);
#10473=ORIENTED_EDGE('',*,*,#7472,.F.);
#10474=ORIENTED_EDGE('',*,*,#7468,.F.);
#10475=ORIENTED_EDGE('',*,*,#7473,.T.);
#10476=ORIENTED_EDGE('',*,*,#7474,.T.);
#10477=ORIENTED_EDGE('',*,*,#7475,.T.);
#10478=ORIENTED_EDGE('',*,*,#7462,.T.);
#10479=ORIENTED_EDGE('',*,*,#7458,.T.);
#10480=ORIENTED_EDGE('',*,*,#7463,.T.);
#10481=ORIENTED_EDGE('',*,*,#7475,.F.);
#10482=ORIENTED_EDGE('',*,*,#7476,.T.);
#10483=ORIENTED_EDGE('',*,*,#7477,.F.);
#10484=ORIENTED_EDGE('',*,*,#7478,.T.);
#10485=ORIENTED_EDGE('',*,*,#7479,.T.);
#10486=ORIENTED_EDGE('',*,*,#7480,.T.);
#10487=ORIENTED_EDGE('',*,*,#7477,.T.);
#10488=ORIENTED_EDGE('',*,*,#7481,.T.);
#10489=ORIENTED_EDGE('',*,*,#7456,.T.);
#10490=ORIENTED_EDGE('',*,*,#7478,.F.);
#10491=ORIENTED_EDGE('',*,*,#7480,.F.);
#10492=ORIENTED_EDGE('',*,*,#7482,.F.);
#10493=ORIENTED_EDGE('',*,*,#7483,.F.);
#10494=ORIENTED_EDGE('',*,*,#7464,.F.);
#10495=ORIENTED_EDGE('',*,*,#7453,.T.);
#10496=ORIENTED_EDGE('',*,*,#7445,.T.);
#10497=ORIENTED_EDGE('',*,*,#7484,.T.);
#10498=ORIENTED_EDGE('',*,*,#7485,.T.);
#10499=ORIENTED_EDGE('',*,*,#7465,.T.);
#10500=ORIENTED_EDGE('',*,*,#7483,.T.);
#10501=ORIENTED_EDGE('',*,*,#7486,.T.);
#10502=ORIENTED_EDGE('',*,*,#7460,.T.);
#10503=ORIENTED_EDGE('',*,*,#7467,.T.);
#10504=ORIENTED_EDGE('',*,*,#7487,.T.);
#10505=ORIENTED_EDGE('',*,*,#7449,.T.);
#10506=ORIENTED_EDGE('',*,*,#7488,.T.);
#10507=ORIENTED_EDGE('',*,*,#7489,.F.);
#10508=ORIENTED_EDGE('',*,*,#7471,.F.);
#10509=ORIENTED_EDGE('',*,*,#7452,.T.);
#10510=ORIENTED_EDGE('',*,*,#7470,.T.);
#10511=ORIENTED_EDGE('',*,*,#7490,.F.);
#10512=ORIENTED_EDGE('',*,*,#7488,.F.);
#10513=ORIENTED_EDGE('',*,*,#7485,.F.);
#10514=ORIENTED_EDGE('',*,*,#7491,.F.);
#10515=ORIENTED_EDGE('',*,*,#7487,.F.);
#10516=ORIENTED_EDGE('',*,*,#7466,.F.);
#10517=ORIENTED_EDGE('',*,*,#7474,.F.);
#10518=ORIENTED_EDGE('',*,*,#7492,.F.);
#10519=ORIENTED_EDGE('',*,*,#7481,.F.);
#10520=ORIENTED_EDGE('',*,*,#7476,.F.);
#10521=ORIENTED_EDGE('',*,*,#7473,.F.);
#10522=ORIENTED_EDGE('',*,*,#7461,.T.);
#10523=ORIENTED_EDGE('',*,*,#7486,.F.);
#10524=ORIENTED_EDGE('',*,*,#7491,.T.);
#10525=ORIENTED_EDGE('',*,*,#7484,.F.);
#10526=ORIENTED_EDGE('',*,*,#7482,.T.);
#10527=ORIENTED_EDGE('',*,*,#7479,.F.);
#10528=ORIENTED_EDGE('',*,*,#7492,.T.);
#10529=ORIENTED_EDGE('',*,*,#7490,.T.);
#10530=ORIENTED_EDGE('',*,*,#7469,.T.);
#10531=ORIENTED_EDGE('',*,*,#7472,.T.);
#10532=ORIENTED_EDGE('',*,*,#7489,.T.);
#10533=ORIENTED_EDGE('',*,*,#7493,.F.);
#10534=ORIENTED_EDGE('',*,*,#7494,.T.);
#10535=ORIENTED_EDGE('',*,*,#7495,.F.);
#10536=ORIENTED_EDGE('',*,*,#7496,.F.);
#10537=ORIENTED_EDGE('',*,*,#7497,.F.);
#10538=ORIENTED_EDGE('',*,*,#7498,.F.);
#10539=ORIENTED_EDGE('',*,*,#7499,.F.);
#10540=ORIENTED_EDGE('',*,*,#7500,.F.);
#10541=ORIENTED_EDGE('',*,*,#7501,.F.);
#10542=ORIENTED_EDGE('',*,*,#7502,.F.);
#10543=ORIENTED_EDGE('',*,*,#7503,.F.);
#10544=ORIENTED_EDGE('',*,*,#7494,.F.);
#10545=ORIENTED_EDGE('',*,*,#7504,.F.);
#10546=ORIENTED_EDGE('',*,*,#7496,.T.);
#10547=ORIENTED_EDGE('',*,*,#7505,.F.);
#10548=ORIENTED_EDGE('',*,*,#7506,.F.);
#10549=ORIENTED_EDGE('',*,*,#7505,.T.);
#10550=ORIENTED_EDGE('',*,*,#7495,.T.);
#10551=ORIENTED_EDGE('',*,*,#7503,.T.);
#10552=ORIENTED_EDGE('',*,*,#7507,.F.);
#10553=ORIENTED_EDGE('',*,*,#7508,.F.);
#10554=ORIENTED_EDGE('',*,*,#7509,.F.);
#10555=ORIENTED_EDGE('',*,*,#7510,.F.);
#10556=ORIENTED_EDGE('',*,*,#7511,.F.);
#10557=ORIENTED_EDGE('',*,*,#7502,.T.);
#10558=ORIENTED_EDGE('',*,*,#7512,.T.);
#10559=ORIENTED_EDGE('',*,*,#7513,.F.);
#10560=ORIENTED_EDGE('',*,*,#7514,.T.);
#10561=ORIENTED_EDGE('',*,*,#7515,.F.);
#10562=ORIENTED_EDGE('',*,*,#7507,.T.);
#10563=ORIENTED_EDGE('',*,*,#7499,.T.);
#10564=ORIENTED_EDGE('',*,*,#7516,.T.);
#10565=ORIENTED_EDGE('',*,*,#7517,.F.);
#10566=ORIENTED_EDGE('',*,*,#7518,.F.);
#10567=ORIENTED_EDGE('',*,*,#7498,.T.);
#10568=ORIENTED_EDGE('',*,*,#7519,.T.);
#10569=ORIENTED_EDGE('',*,*,#7520,.F.);
#10570=ORIENTED_EDGE('',*,*,#7516,.F.);
#10571=ORIENTED_EDGE('',*,*,#7521,.T.);
#10572=ORIENTED_EDGE('',*,*,#7522,.T.);
#10573=ORIENTED_EDGE('',*,*,#7523,.T.);
#10574=ORIENTED_EDGE('',*,*,#7510,.T.);
#10575=ORIENTED_EDGE('',*,*,#7506,.T.);
#10576=ORIENTED_EDGE('',*,*,#7511,.T.);
#10577=ORIENTED_EDGE('',*,*,#7523,.F.);
#10578=ORIENTED_EDGE('',*,*,#7524,.T.);
#10579=ORIENTED_EDGE('',*,*,#7525,.F.);
#10580=ORIENTED_EDGE('',*,*,#7526,.T.);
#10581=ORIENTED_EDGE('',*,*,#7527,.T.);
#10582=ORIENTED_EDGE('',*,*,#7528,.T.);
#10583=ORIENTED_EDGE('',*,*,#7525,.T.);
#10584=ORIENTED_EDGE('',*,*,#7529,.T.);
#10585=ORIENTED_EDGE('',*,*,#7504,.T.);
#10586=ORIENTED_EDGE('',*,*,#7526,.F.);
#10587=ORIENTED_EDGE('',*,*,#7528,.F.);
#10588=ORIENTED_EDGE('',*,*,#7530,.F.);
#10589=ORIENTED_EDGE('',*,*,#7531,.F.);
#10590=ORIENTED_EDGE('',*,*,#7512,.F.);
#10591=ORIENTED_EDGE('',*,*,#7501,.T.);
#10592=ORIENTED_EDGE('',*,*,#7493,.T.);
#10593=ORIENTED_EDGE('',*,*,#7532,.T.);
#10594=ORIENTED_EDGE('',*,*,#7533,.T.);
#10595=ORIENTED_EDGE('',*,*,#7513,.T.);
#10596=ORIENTED_EDGE('',*,*,#7531,.T.);
#10597=ORIENTED_EDGE('',*,*,#7534,.T.);
#10598=ORIENTED_EDGE('',*,*,#7508,.T.);
#10599=ORIENTED_EDGE('',*,*,#7515,.T.);
#10600=ORIENTED_EDGE('',*,*,#7535,.T.);
#10601=ORIENTED_EDGE('',*,*,#7497,.T.);
#10602=ORIENTED_EDGE('',*,*,#7536,.T.);
#10603=ORIENTED_EDGE('',*,*,#7537,.F.);
#10604=ORIENTED_EDGE('',*,*,#7519,.F.);
#10605=ORIENTED_EDGE('',*,*,#7500,.T.);
#10606=ORIENTED_EDGE('',*,*,#7518,.T.);
#10607=ORIENTED_EDGE('',*,*,#7538,.F.);
#10608=ORIENTED_EDGE('',*,*,#7536,.F.);
#10609=ORIENTED_EDGE('',*,*,#7533,.F.);
#10610=ORIENTED_EDGE('',*,*,#7539,.F.);
#10611=ORIENTED_EDGE('',*,*,#7535,.F.);
#10612=ORIENTED_EDGE('',*,*,#7514,.F.);
#10613=ORIENTED_EDGE('',*,*,#7522,.F.);
#10614=ORIENTED_EDGE('',*,*,#7540,.F.);
#10615=ORIENTED_EDGE('',*,*,#7529,.F.);
#10616=ORIENTED_EDGE('',*,*,#7524,.F.);
#10617=ORIENTED_EDGE('',*,*,#7521,.F.);
#10618=ORIENTED_EDGE('',*,*,#7509,.T.);
#10619=ORIENTED_EDGE('',*,*,#7534,.F.);
#10620=ORIENTED_EDGE('',*,*,#7539,.T.);
#10621=ORIENTED_EDGE('',*,*,#7532,.F.);
#10622=ORIENTED_EDGE('',*,*,#7530,.T.);
#10623=ORIENTED_EDGE('',*,*,#7527,.F.);
#10624=ORIENTED_EDGE('',*,*,#7540,.T.);
#10625=ORIENTED_EDGE('',*,*,#7538,.T.);
#10626=ORIENTED_EDGE('',*,*,#7517,.T.);
#10627=ORIENTED_EDGE('',*,*,#7520,.T.);
#10628=ORIENTED_EDGE('',*,*,#7537,.T.);
#10629=ORIENTED_EDGE('',*,*,#7541,.F.);
#10630=ORIENTED_EDGE('',*,*,#7542,.T.);
#10631=ORIENTED_EDGE('',*,*,#7543,.F.);
#10632=ORIENTED_EDGE('',*,*,#7544,.F.);
#10633=ORIENTED_EDGE('',*,*,#7545,.F.);
#10634=ORIENTED_EDGE('',*,*,#7546,.F.);
#10635=ORIENTED_EDGE('',*,*,#7547,.F.);
#10636=ORIENTED_EDGE('',*,*,#7548,.F.);
#10637=ORIENTED_EDGE('',*,*,#7549,.F.);
#10638=ORIENTED_EDGE('',*,*,#7550,.F.);
#10639=ORIENTED_EDGE('',*,*,#7551,.F.);
#10640=ORIENTED_EDGE('',*,*,#7542,.F.);
#10641=ORIENTED_EDGE('',*,*,#7552,.F.);
#10642=ORIENTED_EDGE('',*,*,#7544,.T.);
#10643=ORIENTED_EDGE('',*,*,#7553,.F.);
#10644=ORIENTED_EDGE('',*,*,#7554,.F.);
#10645=ORIENTED_EDGE('',*,*,#7553,.T.);
#10646=ORIENTED_EDGE('',*,*,#7543,.T.);
#10647=ORIENTED_EDGE('',*,*,#7551,.T.);
#10648=ORIENTED_EDGE('',*,*,#7555,.F.);
#10649=ORIENTED_EDGE('',*,*,#7556,.F.);
#10650=ORIENTED_EDGE('',*,*,#7557,.F.);
#10651=ORIENTED_EDGE('',*,*,#7558,.F.);
#10652=ORIENTED_EDGE('',*,*,#7559,.F.);
#10653=ORIENTED_EDGE('',*,*,#7550,.T.);
#10654=ORIENTED_EDGE('',*,*,#7560,.T.);
#10655=ORIENTED_EDGE('',*,*,#7561,.F.);
#10656=ORIENTED_EDGE('',*,*,#7562,.T.);
#10657=ORIENTED_EDGE('',*,*,#7563,.F.);
#10658=ORIENTED_EDGE('',*,*,#7555,.T.);
#10659=ORIENTED_EDGE('',*,*,#7547,.T.);
#10660=ORIENTED_EDGE('',*,*,#7564,.T.);
#10661=ORIENTED_EDGE('',*,*,#7565,.F.);
#10662=ORIENTED_EDGE('',*,*,#7566,.F.);
#10663=ORIENTED_EDGE('',*,*,#7546,.T.);
#10664=ORIENTED_EDGE('',*,*,#7567,.T.);
#10665=ORIENTED_EDGE('',*,*,#7568,.F.);
#10666=ORIENTED_EDGE('',*,*,#7564,.F.);
#10667=ORIENTED_EDGE('',*,*,#7569,.T.);
#10668=ORIENTED_EDGE('',*,*,#7570,.T.);
#10669=ORIENTED_EDGE('',*,*,#7571,.T.);
#10670=ORIENTED_EDGE('',*,*,#7558,.T.);
#10671=ORIENTED_EDGE('',*,*,#7554,.T.);
#10672=ORIENTED_EDGE('',*,*,#7559,.T.);
#10673=ORIENTED_EDGE('',*,*,#7571,.F.);
#10674=ORIENTED_EDGE('',*,*,#7572,.T.);
#10675=ORIENTED_EDGE('',*,*,#7573,.F.);
#10676=ORIENTED_EDGE('',*,*,#7574,.T.);
#10677=ORIENTED_EDGE('',*,*,#7575,.T.);
#10678=ORIENTED_EDGE('',*,*,#7576,.T.);
#10679=ORIENTED_EDGE('',*,*,#7573,.T.);
#10680=ORIENTED_EDGE('',*,*,#7577,.T.);
#10681=ORIENTED_EDGE('',*,*,#7552,.T.);
#10682=ORIENTED_EDGE('',*,*,#7574,.F.);
#10683=ORIENTED_EDGE('',*,*,#7576,.F.);
#10684=ORIENTED_EDGE('',*,*,#7578,.F.);
#10685=ORIENTED_EDGE('',*,*,#7579,.F.);
#10686=ORIENTED_EDGE('',*,*,#7560,.F.);
#10687=ORIENTED_EDGE('',*,*,#7549,.T.);
#10688=ORIENTED_EDGE('',*,*,#7541,.T.);
#10689=ORIENTED_EDGE('',*,*,#7580,.T.);
#10690=ORIENTED_EDGE('',*,*,#7581,.T.);
#10691=ORIENTED_EDGE('',*,*,#7561,.T.);
#10692=ORIENTED_EDGE('',*,*,#7579,.T.);
#10693=ORIENTED_EDGE('',*,*,#7582,.T.);
#10694=ORIENTED_EDGE('',*,*,#7556,.T.);
#10695=ORIENTED_EDGE('',*,*,#7563,.T.);
#10696=ORIENTED_EDGE('',*,*,#7583,.T.);
#10697=ORIENTED_EDGE('',*,*,#7545,.T.);
#10698=ORIENTED_EDGE('',*,*,#7584,.T.);
#10699=ORIENTED_EDGE('',*,*,#7585,.F.);
#10700=ORIENTED_EDGE('',*,*,#7567,.F.);
#10701=ORIENTED_EDGE('',*,*,#7548,.T.);
#10702=ORIENTED_EDGE('',*,*,#7566,.T.);
#10703=ORIENTED_EDGE('',*,*,#7586,.F.);
#10704=ORIENTED_EDGE('',*,*,#7584,.F.);
#10705=ORIENTED_EDGE('',*,*,#7581,.F.);
#10706=ORIENTED_EDGE('',*,*,#7587,.F.);
#10707=ORIENTED_EDGE('',*,*,#7583,.F.);
#10708=ORIENTED_EDGE('',*,*,#7562,.F.);
#10709=ORIENTED_EDGE('',*,*,#7570,.F.);
#10710=ORIENTED_EDGE('',*,*,#7588,.F.);
#10711=ORIENTED_EDGE('',*,*,#7577,.F.);
#10712=ORIENTED_EDGE('',*,*,#7572,.F.);
#10713=ORIENTED_EDGE('',*,*,#7569,.F.);
#10714=ORIENTED_EDGE('',*,*,#7557,.T.);
#10715=ORIENTED_EDGE('',*,*,#7582,.F.);
#10716=ORIENTED_EDGE('',*,*,#7587,.T.);
#10717=ORIENTED_EDGE('',*,*,#7580,.F.);
#10718=ORIENTED_EDGE('',*,*,#7578,.T.);
#10719=ORIENTED_EDGE('',*,*,#7575,.F.);
#10720=ORIENTED_EDGE('',*,*,#7588,.T.);
#10721=ORIENTED_EDGE('',*,*,#7586,.T.);
#10722=ORIENTED_EDGE('',*,*,#7565,.T.);
#10723=ORIENTED_EDGE('',*,*,#7568,.T.);
#10724=ORIENTED_EDGE('',*,*,#7585,.T.);
#10725=ORIENTED_EDGE('',*,*,#7589,.F.);
#10726=ORIENTED_EDGE('',*,*,#7590,.T.);
#10727=ORIENTED_EDGE('',*,*,#7591,.F.);
#10728=ORIENTED_EDGE('',*,*,#7592,.F.);
#10729=ORIENTED_EDGE('',*,*,#7593,.F.);
#10730=ORIENTED_EDGE('',*,*,#7594,.F.);
#10731=ORIENTED_EDGE('',*,*,#7595,.F.);
#10732=ORIENTED_EDGE('',*,*,#7596,.F.);
#10733=ORIENTED_EDGE('',*,*,#7597,.F.);
#10734=ORIENTED_EDGE('',*,*,#7598,.F.);
#10735=ORIENTED_EDGE('',*,*,#7599,.F.);
#10736=ORIENTED_EDGE('',*,*,#7590,.F.);
#10737=ORIENTED_EDGE('',*,*,#7600,.F.);
#10738=ORIENTED_EDGE('',*,*,#7592,.T.);
#10739=ORIENTED_EDGE('',*,*,#7601,.F.);
#10740=ORIENTED_EDGE('',*,*,#7602,.F.);
#10741=ORIENTED_EDGE('',*,*,#7601,.T.);
#10742=ORIENTED_EDGE('',*,*,#7591,.T.);
#10743=ORIENTED_EDGE('',*,*,#7599,.T.);
#10744=ORIENTED_EDGE('',*,*,#7603,.F.);
#10745=ORIENTED_EDGE('',*,*,#7604,.F.);
#10746=ORIENTED_EDGE('',*,*,#7605,.F.);
#10747=ORIENTED_EDGE('',*,*,#7606,.F.);
#10748=ORIENTED_EDGE('',*,*,#7607,.F.);
#10749=ORIENTED_EDGE('',*,*,#7598,.T.);
#10750=ORIENTED_EDGE('',*,*,#7608,.T.);
#10751=ORIENTED_EDGE('',*,*,#7609,.F.);
#10752=ORIENTED_EDGE('',*,*,#7610,.T.);
#10753=ORIENTED_EDGE('',*,*,#7611,.F.);
#10754=ORIENTED_EDGE('',*,*,#7603,.T.);
#10755=ORIENTED_EDGE('',*,*,#7595,.T.);
#10756=ORIENTED_EDGE('',*,*,#7612,.T.);
#10757=ORIENTED_EDGE('',*,*,#7613,.F.);
#10758=ORIENTED_EDGE('',*,*,#7614,.F.);
#10759=ORIENTED_EDGE('',*,*,#7594,.T.);
#10760=ORIENTED_EDGE('',*,*,#7615,.T.);
#10761=ORIENTED_EDGE('',*,*,#7616,.F.);
#10762=ORIENTED_EDGE('',*,*,#7612,.F.);
#10763=ORIENTED_EDGE('',*,*,#7617,.T.);
#10764=ORIENTED_EDGE('',*,*,#7618,.T.);
#10765=ORIENTED_EDGE('',*,*,#7619,.T.);
#10766=ORIENTED_EDGE('',*,*,#7606,.T.);
#10767=ORIENTED_EDGE('',*,*,#7602,.T.);
#10768=ORIENTED_EDGE('',*,*,#7607,.T.);
#10769=ORIENTED_EDGE('',*,*,#7619,.F.);
#10770=ORIENTED_EDGE('',*,*,#7620,.T.);
#10771=ORIENTED_EDGE('',*,*,#7621,.F.);
#10772=ORIENTED_EDGE('',*,*,#7622,.T.);
#10773=ORIENTED_EDGE('',*,*,#7623,.T.);
#10774=ORIENTED_EDGE('',*,*,#7624,.T.);
#10775=ORIENTED_EDGE('',*,*,#7621,.T.);
#10776=ORIENTED_EDGE('',*,*,#7625,.T.);
#10777=ORIENTED_EDGE('',*,*,#7600,.T.);
#10778=ORIENTED_EDGE('',*,*,#7622,.F.);
#10779=ORIENTED_EDGE('',*,*,#7624,.F.);
#10780=ORIENTED_EDGE('',*,*,#7626,.F.);
#10781=ORIENTED_EDGE('',*,*,#7627,.F.);
#10782=ORIENTED_EDGE('',*,*,#7608,.F.);
#10783=ORIENTED_EDGE('',*,*,#7597,.T.);
#10784=ORIENTED_EDGE('',*,*,#7589,.T.);
#10785=ORIENTED_EDGE('',*,*,#7628,.T.);
#10786=ORIENTED_EDGE('',*,*,#7629,.T.);
#10787=ORIENTED_EDGE('',*,*,#7609,.T.);
#10788=ORIENTED_EDGE('',*,*,#7627,.T.);
#10789=ORIENTED_EDGE('',*,*,#7630,.T.);
#10790=ORIENTED_EDGE('',*,*,#7604,.T.);
#10791=ORIENTED_EDGE('',*,*,#7611,.T.);
#10792=ORIENTED_EDGE('',*,*,#7631,.T.);
#10793=ORIENTED_EDGE('',*,*,#7593,.T.);
#10794=ORIENTED_EDGE('',*,*,#7632,.T.);
#10795=ORIENTED_EDGE('',*,*,#7633,.F.);
#10796=ORIENTED_EDGE('',*,*,#7615,.F.);
#10797=ORIENTED_EDGE('',*,*,#7596,.T.);
#10798=ORIENTED_EDGE('',*,*,#7614,.T.);
#10799=ORIENTED_EDGE('',*,*,#7634,.F.);
#10800=ORIENTED_EDGE('',*,*,#7632,.F.);
#10801=ORIENTED_EDGE('',*,*,#7629,.F.);
#10802=ORIENTED_EDGE('',*,*,#7635,.F.);
#10803=ORIENTED_EDGE('',*,*,#7631,.F.);
#10804=ORIENTED_EDGE('',*,*,#7610,.F.);
#10805=ORIENTED_EDGE('',*,*,#7618,.F.);
#10806=ORIENTED_EDGE('',*,*,#7636,.F.);
#10807=ORIENTED_EDGE('',*,*,#7625,.F.);
#10808=ORIENTED_EDGE('',*,*,#7620,.F.);
#10809=ORIENTED_EDGE('',*,*,#7617,.F.);
#10810=ORIENTED_EDGE('',*,*,#7605,.T.);
#10811=ORIENTED_EDGE('',*,*,#7630,.F.);
#10812=ORIENTED_EDGE('',*,*,#7635,.T.);
#10813=ORIENTED_EDGE('',*,*,#7628,.F.);
#10814=ORIENTED_EDGE('',*,*,#7626,.T.);
#10815=ORIENTED_EDGE('',*,*,#7623,.F.);
#10816=ORIENTED_EDGE('',*,*,#7636,.T.);
#10817=ORIENTED_EDGE('',*,*,#7634,.T.);
#10818=ORIENTED_EDGE('',*,*,#7613,.T.);
#10819=ORIENTED_EDGE('',*,*,#7616,.T.);
#10820=ORIENTED_EDGE('',*,*,#7633,.T.);
#10821=ORIENTED_EDGE('',*,*,#7637,.F.);
#10822=ORIENTED_EDGE('',*,*,#7638,.T.);
#10823=ORIENTED_EDGE('',*,*,#7639,.F.);
#10824=ORIENTED_EDGE('',*,*,#7640,.F.);
#10825=ORIENTED_EDGE('',*,*,#7641,.F.);
#10826=ORIENTED_EDGE('',*,*,#7642,.F.);
#10827=ORIENTED_EDGE('',*,*,#7643,.F.);
#10828=ORIENTED_EDGE('',*,*,#7644,.F.);
#10829=ORIENTED_EDGE('',*,*,#7645,.F.);
#10830=ORIENTED_EDGE('',*,*,#7646,.F.);
#10831=ORIENTED_EDGE('',*,*,#7647,.F.);
#10832=ORIENTED_EDGE('',*,*,#7638,.F.);
#10833=ORIENTED_EDGE('',*,*,#7648,.F.);
#10834=ORIENTED_EDGE('',*,*,#7640,.T.);
#10835=ORIENTED_EDGE('',*,*,#7649,.F.);
#10836=ORIENTED_EDGE('',*,*,#7650,.F.);
#10837=ORIENTED_EDGE('',*,*,#7649,.T.);
#10838=ORIENTED_EDGE('',*,*,#7639,.T.);
#10839=ORIENTED_EDGE('',*,*,#7647,.T.);
#10840=ORIENTED_EDGE('',*,*,#7651,.F.);
#10841=ORIENTED_EDGE('',*,*,#7652,.F.);
#10842=ORIENTED_EDGE('',*,*,#7653,.F.);
#10843=ORIENTED_EDGE('',*,*,#7654,.F.);
#10844=ORIENTED_EDGE('',*,*,#7655,.F.);
#10845=ORIENTED_EDGE('',*,*,#7646,.T.);
#10846=ORIENTED_EDGE('',*,*,#7656,.T.);
#10847=ORIENTED_EDGE('',*,*,#7657,.F.);
#10848=ORIENTED_EDGE('',*,*,#7658,.T.);
#10849=ORIENTED_EDGE('',*,*,#7659,.F.);
#10850=ORIENTED_EDGE('',*,*,#7651,.T.);
#10851=ORIENTED_EDGE('',*,*,#7643,.T.);
#10852=ORIENTED_EDGE('',*,*,#7660,.T.);
#10853=ORIENTED_EDGE('',*,*,#7661,.F.);
#10854=ORIENTED_EDGE('',*,*,#7662,.F.);
#10855=ORIENTED_EDGE('',*,*,#7642,.T.);
#10856=ORIENTED_EDGE('',*,*,#7663,.T.);
#10857=ORIENTED_EDGE('',*,*,#7664,.F.);
#10858=ORIENTED_EDGE('',*,*,#7660,.F.);
#10859=ORIENTED_EDGE('',*,*,#7665,.T.);
#10860=ORIENTED_EDGE('',*,*,#7666,.T.);
#10861=ORIENTED_EDGE('',*,*,#7667,.T.);
#10862=ORIENTED_EDGE('',*,*,#7654,.T.);
#10863=ORIENTED_EDGE('',*,*,#7650,.T.);
#10864=ORIENTED_EDGE('',*,*,#7655,.T.);
#10865=ORIENTED_EDGE('',*,*,#7667,.F.);
#10866=ORIENTED_EDGE('',*,*,#7668,.T.);
#10867=ORIENTED_EDGE('',*,*,#7669,.F.);
#10868=ORIENTED_EDGE('',*,*,#7670,.T.);
#10869=ORIENTED_EDGE('',*,*,#7671,.T.);
#10870=ORIENTED_EDGE('',*,*,#7672,.T.);
#10871=ORIENTED_EDGE('',*,*,#7669,.T.);
#10872=ORIENTED_EDGE('',*,*,#7673,.T.);
#10873=ORIENTED_EDGE('',*,*,#7648,.T.);
#10874=ORIENTED_EDGE('',*,*,#7670,.F.);
#10875=ORIENTED_EDGE('',*,*,#7672,.F.);
#10876=ORIENTED_EDGE('',*,*,#7674,.F.);
#10877=ORIENTED_EDGE('',*,*,#7675,.F.);
#10878=ORIENTED_EDGE('',*,*,#7656,.F.);
#10879=ORIENTED_EDGE('',*,*,#7645,.T.);
#10880=ORIENTED_EDGE('',*,*,#7637,.T.);
#10881=ORIENTED_EDGE('',*,*,#7676,.T.);
#10882=ORIENTED_EDGE('',*,*,#7677,.T.);
#10883=ORIENTED_EDGE('',*,*,#7657,.T.);
#10884=ORIENTED_EDGE('',*,*,#7675,.T.);
#10885=ORIENTED_EDGE('',*,*,#7678,.T.);
#10886=ORIENTED_EDGE('',*,*,#7652,.T.);
#10887=ORIENTED_EDGE('',*,*,#7659,.T.);
#10888=ORIENTED_EDGE('',*,*,#7679,.T.);
#10889=ORIENTED_EDGE('',*,*,#7641,.T.);
#10890=ORIENTED_EDGE('',*,*,#7680,.T.);
#10891=ORIENTED_EDGE('',*,*,#7681,.F.);
#10892=ORIENTED_EDGE('',*,*,#7663,.F.);
#10893=ORIENTED_EDGE('',*,*,#7644,.T.);
#10894=ORIENTED_EDGE('',*,*,#7662,.T.);
#10895=ORIENTED_EDGE('',*,*,#7682,.F.);
#10896=ORIENTED_EDGE('',*,*,#7680,.F.);
#10897=ORIENTED_EDGE('',*,*,#7677,.F.);
#10898=ORIENTED_EDGE('',*,*,#7683,.F.);
#10899=ORIENTED_EDGE('',*,*,#7679,.F.);
#10900=ORIENTED_EDGE('',*,*,#7658,.F.);
#10901=ORIENTED_EDGE('',*,*,#7666,.F.);
#10902=ORIENTED_EDGE('',*,*,#7684,.F.);
#10903=ORIENTED_EDGE('',*,*,#7673,.F.);
#10904=ORIENTED_EDGE('',*,*,#7668,.F.);
#10905=ORIENTED_EDGE('',*,*,#7665,.F.);
#10906=ORIENTED_EDGE('',*,*,#7653,.T.);
#10907=ORIENTED_EDGE('',*,*,#7678,.F.);
#10908=ORIENTED_EDGE('',*,*,#7683,.T.);
#10909=ORIENTED_EDGE('',*,*,#7676,.F.);
#10910=ORIENTED_EDGE('',*,*,#7674,.T.);
#10911=ORIENTED_EDGE('',*,*,#7671,.F.);
#10912=ORIENTED_EDGE('',*,*,#7684,.T.);
#10913=ORIENTED_EDGE('',*,*,#7682,.T.);
#10914=ORIENTED_EDGE('',*,*,#7661,.T.);
#10915=ORIENTED_EDGE('',*,*,#7664,.T.);
#10916=ORIENTED_EDGE('',*,*,#7681,.T.);
#10917=ORIENTED_EDGE('',*,*,#7685,.F.);
#10918=ORIENTED_EDGE('',*,*,#7686,.T.);
#10919=ORIENTED_EDGE('',*,*,#7687,.F.);
#10920=ORIENTED_EDGE('',*,*,#7688,.F.);
#10921=ORIENTED_EDGE('',*,*,#7689,.F.);
#10922=ORIENTED_EDGE('',*,*,#7690,.F.);
#10923=ORIENTED_EDGE('',*,*,#7691,.F.);
#10924=ORIENTED_EDGE('',*,*,#7692,.F.);
#10925=ORIENTED_EDGE('',*,*,#7693,.F.);
#10926=ORIENTED_EDGE('',*,*,#7694,.F.);
#10927=ORIENTED_EDGE('',*,*,#7695,.F.);
#10928=ORIENTED_EDGE('',*,*,#7686,.F.);
#10929=ORIENTED_EDGE('',*,*,#7696,.F.);
#10930=ORIENTED_EDGE('',*,*,#7688,.T.);
#10931=ORIENTED_EDGE('',*,*,#7697,.F.);
#10932=ORIENTED_EDGE('',*,*,#7698,.F.);
#10933=ORIENTED_EDGE('',*,*,#7697,.T.);
#10934=ORIENTED_EDGE('',*,*,#7687,.T.);
#10935=ORIENTED_EDGE('',*,*,#7695,.T.);
#10936=ORIENTED_EDGE('',*,*,#7699,.F.);
#10937=ORIENTED_EDGE('',*,*,#7700,.F.);
#10938=ORIENTED_EDGE('',*,*,#7701,.F.);
#10939=ORIENTED_EDGE('',*,*,#7702,.F.);
#10940=ORIENTED_EDGE('',*,*,#7703,.F.);
#10941=ORIENTED_EDGE('',*,*,#7694,.T.);
#10942=ORIENTED_EDGE('',*,*,#7704,.T.);
#10943=ORIENTED_EDGE('',*,*,#7705,.F.);
#10944=ORIENTED_EDGE('',*,*,#7706,.T.);
#10945=ORIENTED_EDGE('',*,*,#7707,.F.);
#10946=ORIENTED_EDGE('',*,*,#7699,.T.);
#10947=ORIENTED_EDGE('',*,*,#7691,.T.);
#10948=ORIENTED_EDGE('',*,*,#7708,.T.);
#10949=ORIENTED_EDGE('',*,*,#7709,.F.);
#10950=ORIENTED_EDGE('',*,*,#7710,.F.);
#10951=ORIENTED_EDGE('',*,*,#7690,.T.);
#10952=ORIENTED_EDGE('',*,*,#7711,.T.);
#10953=ORIENTED_EDGE('',*,*,#7712,.F.);
#10954=ORIENTED_EDGE('',*,*,#7708,.F.);
#10955=ORIENTED_EDGE('',*,*,#7713,.T.);
#10956=ORIENTED_EDGE('',*,*,#7714,.T.);
#10957=ORIENTED_EDGE('',*,*,#7715,.T.);
#10958=ORIENTED_EDGE('',*,*,#7702,.T.);
#10959=ORIENTED_EDGE('',*,*,#7698,.T.);
#10960=ORIENTED_EDGE('',*,*,#7703,.T.);
#10961=ORIENTED_EDGE('',*,*,#7715,.F.);
#10962=ORIENTED_EDGE('',*,*,#7716,.T.);
#10963=ORIENTED_EDGE('',*,*,#7717,.F.);
#10964=ORIENTED_EDGE('',*,*,#7718,.T.);
#10965=ORIENTED_EDGE('',*,*,#7719,.T.);
#10966=ORIENTED_EDGE('',*,*,#7720,.T.);
#10967=ORIENTED_EDGE('',*,*,#7717,.T.);
#10968=ORIENTED_EDGE('',*,*,#7721,.T.);
#10969=ORIENTED_EDGE('',*,*,#7696,.T.);
#10970=ORIENTED_EDGE('',*,*,#7718,.F.);
#10971=ORIENTED_EDGE('',*,*,#7720,.F.);
#10972=ORIENTED_EDGE('',*,*,#7722,.F.);
#10973=ORIENTED_EDGE('',*,*,#7723,.F.);
#10974=ORIENTED_EDGE('',*,*,#7704,.F.);
#10975=ORIENTED_EDGE('',*,*,#7693,.T.);
#10976=ORIENTED_EDGE('',*,*,#7685,.T.);
#10977=ORIENTED_EDGE('',*,*,#7724,.T.);
#10978=ORIENTED_EDGE('',*,*,#7725,.T.);
#10979=ORIENTED_EDGE('',*,*,#7705,.T.);
#10980=ORIENTED_EDGE('',*,*,#7723,.T.);
#10981=ORIENTED_EDGE('',*,*,#7726,.T.);
#10982=ORIENTED_EDGE('',*,*,#7700,.T.);
#10983=ORIENTED_EDGE('',*,*,#7707,.T.);
#10984=ORIENTED_EDGE('',*,*,#7727,.T.);
#10985=ORIENTED_EDGE('',*,*,#7689,.T.);
#10986=ORIENTED_EDGE('',*,*,#7728,.T.);
#10987=ORIENTED_EDGE('',*,*,#7729,.F.);
#10988=ORIENTED_EDGE('',*,*,#7711,.F.);
#10989=ORIENTED_EDGE('',*,*,#7692,.T.);
#10990=ORIENTED_EDGE('',*,*,#7710,.T.);
#10991=ORIENTED_EDGE('',*,*,#7730,.F.);
#10992=ORIENTED_EDGE('',*,*,#7728,.F.);
#10993=ORIENTED_EDGE('',*,*,#7725,.F.);
#10994=ORIENTED_EDGE('',*,*,#7731,.F.);
#10995=ORIENTED_EDGE('',*,*,#7727,.F.);
#10996=ORIENTED_EDGE('',*,*,#7706,.F.);
#10997=ORIENTED_EDGE('',*,*,#7714,.F.);
#10998=ORIENTED_EDGE('',*,*,#7732,.F.);
#10999=ORIENTED_EDGE('',*,*,#7721,.F.);
#11000=ORIENTED_EDGE('',*,*,#7716,.F.);
#11001=ORIENTED_EDGE('',*,*,#7713,.F.);
#11002=ORIENTED_EDGE('',*,*,#7701,.T.);
#11003=ORIENTED_EDGE('',*,*,#7726,.F.);
#11004=ORIENTED_EDGE('',*,*,#7731,.T.);
#11005=ORIENTED_EDGE('',*,*,#7724,.F.);
#11006=ORIENTED_EDGE('',*,*,#7722,.T.);
#11007=ORIENTED_EDGE('',*,*,#7719,.F.);
#11008=ORIENTED_EDGE('',*,*,#7732,.T.);
#11009=ORIENTED_EDGE('',*,*,#7730,.T.);
#11010=ORIENTED_EDGE('',*,*,#7709,.T.);
#11011=ORIENTED_EDGE('',*,*,#7712,.T.);
#11012=ORIENTED_EDGE('',*,*,#7729,.T.);
#11013=ORIENTED_EDGE('',*,*,#7733,.F.);
#11014=ORIENTED_EDGE('',*,*,#7734,.T.);
#11015=ORIENTED_EDGE('',*,*,#7735,.F.);
#11016=ORIENTED_EDGE('',*,*,#7736,.F.);
#11017=ORIENTED_EDGE('',*,*,#7737,.F.);
#11018=ORIENTED_EDGE('',*,*,#7738,.F.);
#11019=ORIENTED_EDGE('',*,*,#7739,.F.);
#11020=ORIENTED_EDGE('',*,*,#7740,.F.);
#11021=ORIENTED_EDGE('',*,*,#7741,.F.);
#11022=ORIENTED_EDGE('',*,*,#7742,.F.);
#11023=ORIENTED_EDGE('',*,*,#7743,.F.);
#11024=ORIENTED_EDGE('',*,*,#7734,.F.);
#11025=ORIENTED_EDGE('',*,*,#7744,.F.);
#11026=ORIENTED_EDGE('',*,*,#7736,.T.);
#11027=ORIENTED_EDGE('',*,*,#7745,.F.);
#11028=ORIENTED_EDGE('',*,*,#7746,.F.);
#11029=ORIENTED_EDGE('',*,*,#7745,.T.);
#11030=ORIENTED_EDGE('',*,*,#7735,.T.);
#11031=ORIENTED_EDGE('',*,*,#7743,.T.);
#11032=ORIENTED_EDGE('',*,*,#7747,.F.);
#11033=ORIENTED_EDGE('',*,*,#7748,.F.);
#11034=ORIENTED_EDGE('',*,*,#7749,.F.);
#11035=ORIENTED_EDGE('',*,*,#7750,.F.);
#11036=ORIENTED_EDGE('',*,*,#7751,.F.);
#11037=ORIENTED_EDGE('',*,*,#7742,.T.);
#11038=ORIENTED_EDGE('',*,*,#7752,.T.);
#11039=ORIENTED_EDGE('',*,*,#7753,.F.);
#11040=ORIENTED_EDGE('',*,*,#7754,.T.);
#11041=ORIENTED_EDGE('',*,*,#7755,.F.);
#11042=ORIENTED_EDGE('',*,*,#7747,.T.);
#11043=ORIENTED_EDGE('',*,*,#7739,.T.);
#11044=ORIENTED_EDGE('',*,*,#7756,.T.);
#11045=ORIENTED_EDGE('',*,*,#7757,.F.);
#11046=ORIENTED_EDGE('',*,*,#7758,.F.);
#11047=ORIENTED_EDGE('',*,*,#7738,.T.);
#11048=ORIENTED_EDGE('',*,*,#7759,.T.);
#11049=ORIENTED_EDGE('',*,*,#7760,.F.);
#11050=ORIENTED_EDGE('',*,*,#7756,.F.);
#11051=ORIENTED_EDGE('',*,*,#7761,.T.);
#11052=ORIENTED_EDGE('',*,*,#7762,.T.);
#11053=ORIENTED_EDGE('',*,*,#7763,.T.);
#11054=ORIENTED_EDGE('',*,*,#7750,.T.);
#11055=ORIENTED_EDGE('',*,*,#7746,.T.);
#11056=ORIENTED_EDGE('',*,*,#7751,.T.);
#11057=ORIENTED_EDGE('',*,*,#7763,.F.);
#11058=ORIENTED_EDGE('',*,*,#7764,.T.);
#11059=ORIENTED_EDGE('',*,*,#7765,.F.);
#11060=ORIENTED_EDGE('',*,*,#7766,.T.);
#11061=ORIENTED_EDGE('',*,*,#7767,.T.);
#11062=ORIENTED_EDGE('',*,*,#7768,.T.);
#11063=ORIENTED_EDGE('',*,*,#7765,.T.);
#11064=ORIENTED_EDGE('',*,*,#7769,.T.);
#11065=ORIENTED_EDGE('',*,*,#7744,.T.);
#11066=ORIENTED_EDGE('',*,*,#7766,.F.);
#11067=ORIENTED_EDGE('',*,*,#7768,.F.);
#11068=ORIENTED_EDGE('',*,*,#7770,.F.);
#11069=ORIENTED_EDGE('',*,*,#7771,.F.);
#11070=ORIENTED_EDGE('',*,*,#7752,.F.);
#11071=ORIENTED_EDGE('',*,*,#7741,.T.);
#11072=ORIENTED_EDGE('',*,*,#7733,.T.);
#11073=ORIENTED_EDGE('',*,*,#7772,.T.);
#11074=ORIENTED_EDGE('',*,*,#7773,.T.);
#11075=ORIENTED_EDGE('',*,*,#7753,.T.);
#11076=ORIENTED_EDGE('',*,*,#7771,.T.);
#11077=ORIENTED_EDGE('',*,*,#7774,.T.);
#11078=ORIENTED_EDGE('',*,*,#7748,.T.);
#11079=ORIENTED_EDGE('',*,*,#7755,.T.);
#11080=ORIENTED_EDGE('',*,*,#7775,.T.);
#11081=ORIENTED_EDGE('',*,*,#7737,.T.);
#11082=ORIENTED_EDGE('',*,*,#7776,.T.);
#11083=ORIENTED_EDGE('',*,*,#7777,.F.);
#11084=ORIENTED_EDGE('',*,*,#7759,.F.);
#11085=ORIENTED_EDGE('',*,*,#7740,.T.);
#11086=ORIENTED_EDGE('',*,*,#7758,.T.);
#11087=ORIENTED_EDGE('',*,*,#7778,.F.);
#11088=ORIENTED_EDGE('',*,*,#7776,.F.);
#11089=ORIENTED_EDGE('',*,*,#7773,.F.);
#11090=ORIENTED_EDGE('',*,*,#7779,.F.);
#11091=ORIENTED_EDGE('',*,*,#7775,.F.);
#11092=ORIENTED_EDGE('',*,*,#7754,.F.);
#11093=ORIENTED_EDGE('',*,*,#7762,.F.);
#11094=ORIENTED_EDGE('',*,*,#7780,.F.);
#11095=ORIENTED_EDGE('',*,*,#7769,.F.);
#11096=ORIENTED_EDGE('',*,*,#7764,.F.);
#11097=ORIENTED_EDGE('',*,*,#7761,.F.);
#11098=ORIENTED_EDGE('',*,*,#7749,.T.);
#11099=ORIENTED_EDGE('',*,*,#7774,.F.);
#11100=ORIENTED_EDGE('',*,*,#7779,.T.);
#11101=ORIENTED_EDGE('',*,*,#7772,.F.);
#11102=ORIENTED_EDGE('',*,*,#7770,.T.);
#11103=ORIENTED_EDGE('',*,*,#7767,.F.);
#11104=ORIENTED_EDGE('',*,*,#7780,.T.);
#11105=ORIENTED_EDGE('',*,*,#7778,.T.);
#11106=ORIENTED_EDGE('',*,*,#7757,.T.);
#11107=ORIENTED_EDGE('',*,*,#7760,.T.);
#11108=ORIENTED_EDGE('',*,*,#7777,.T.);
#11109=ORIENTED_EDGE('',*,*,#7781,.F.);
#11110=ORIENTED_EDGE('',*,*,#7782,.T.);
#11111=ORIENTED_EDGE('',*,*,#7783,.F.);
#11112=ORIENTED_EDGE('',*,*,#7784,.F.);
#11113=ORIENTED_EDGE('',*,*,#7785,.F.);
#11114=ORIENTED_EDGE('',*,*,#7786,.F.);
#11115=ORIENTED_EDGE('',*,*,#7787,.F.);
#11116=ORIENTED_EDGE('',*,*,#7788,.F.);
#11117=ORIENTED_EDGE('',*,*,#7789,.F.);
#11118=ORIENTED_EDGE('',*,*,#7790,.F.);
#11119=ORIENTED_EDGE('',*,*,#7791,.F.);
#11120=ORIENTED_EDGE('',*,*,#7782,.F.);
#11121=ORIENTED_EDGE('',*,*,#7792,.F.);
#11122=ORIENTED_EDGE('',*,*,#7784,.T.);
#11123=ORIENTED_EDGE('',*,*,#7793,.F.);
#11124=ORIENTED_EDGE('',*,*,#7794,.F.);
#11125=ORIENTED_EDGE('',*,*,#7793,.T.);
#11126=ORIENTED_EDGE('',*,*,#7783,.T.);
#11127=ORIENTED_EDGE('',*,*,#7791,.T.);
#11128=ORIENTED_EDGE('',*,*,#7795,.F.);
#11129=ORIENTED_EDGE('',*,*,#7796,.F.);
#11130=ORIENTED_EDGE('',*,*,#7797,.F.);
#11131=ORIENTED_EDGE('',*,*,#7798,.F.);
#11132=ORIENTED_EDGE('',*,*,#7799,.F.);
#11133=ORIENTED_EDGE('',*,*,#7790,.T.);
#11134=ORIENTED_EDGE('',*,*,#7800,.T.);
#11135=ORIENTED_EDGE('',*,*,#7801,.F.);
#11136=ORIENTED_EDGE('',*,*,#7802,.T.);
#11137=ORIENTED_EDGE('',*,*,#7803,.F.);
#11138=ORIENTED_EDGE('',*,*,#7795,.T.);
#11139=ORIENTED_EDGE('',*,*,#7787,.T.);
#11140=ORIENTED_EDGE('',*,*,#7804,.T.);
#11141=ORIENTED_EDGE('',*,*,#7805,.F.);
#11142=ORIENTED_EDGE('',*,*,#7806,.F.);
#11143=ORIENTED_EDGE('',*,*,#7786,.T.);
#11144=ORIENTED_EDGE('',*,*,#7807,.T.);
#11145=ORIENTED_EDGE('',*,*,#7808,.F.);
#11146=ORIENTED_EDGE('',*,*,#7804,.F.);
#11147=ORIENTED_EDGE('',*,*,#7809,.T.);
#11148=ORIENTED_EDGE('',*,*,#7810,.T.);
#11149=ORIENTED_EDGE('',*,*,#7811,.T.);
#11150=ORIENTED_EDGE('',*,*,#7798,.T.);
#11151=ORIENTED_EDGE('',*,*,#7794,.T.);
#11152=ORIENTED_EDGE('',*,*,#7799,.T.);
#11153=ORIENTED_EDGE('',*,*,#7811,.F.);
#11154=ORIENTED_EDGE('',*,*,#7812,.T.);
#11155=ORIENTED_EDGE('',*,*,#7813,.F.);
#11156=ORIENTED_EDGE('',*,*,#7814,.T.);
#11157=ORIENTED_EDGE('',*,*,#7815,.T.);
#11158=ORIENTED_EDGE('',*,*,#7816,.T.);
#11159=ORIENTED_EDGE('',*,*,#7813,.T.);
#11160=ORIENTED_EDGE('',*,*,#7817,.T.);
#11161=ORIENTED_EDGE('',*,*,#7792,.T.);
#11162=ORIENTED_EDGE('',*,*,#7814,.F.);
#11163=ORIENTED_EDGE('',*,*,#7816,.F.);
#11164=ORIENTED_EDGE('',*,*,#7818,.F.);
#11165=ORIENTED_EDGE('',*,*,#7819,.F.);
#11166=ORIENTED_EDGE('',*,*,#7800,.F.);
#11167=ORIENTED_EDGE('',*,*,#7789,.T.);
#11168=ORIENTED_EDGE('',*,*,#7781,.T.);
#11169=ORIENTED_EDGE('',*,*,#7820,.T.);
#11170=ORIENTED_EDGE('',*,*,#7821,.T.);
#11171=ORIENTED_EDGE('',*,*,#7801,.T.);
#11172=ORIENTED_EDGE('',*,*,#7819,.T.);
#11173=ORIENTED_EDGE('',*,*,#7822,.T.);
#11174=ORIENTED_EDGE('',*,*,#7796,.T.);
#11175=ORIENTED_EDGE('',*,*,#7803,.T.);
#11176=ORIENTED_EDGE('',*,*,#7823,.T.);
#11177=ORIENTED_EDGE('',*,*,#7785,.T.);
#11178=ORIENTED_EDGE('',*,*,#7824,.T.);
#11179=ORIENTED_EDGE('',*,*,#7825,.F.);
#11180=ORIENTED_EDGE('',*,*,#7807,.F.);
#11181=ORIENTED_EDGE('',*,*,#7788,.T.);
#11182=ORIENTED_EDGE('',*,*,#7806,.T.);
#11183=ORIENTED_EDGE('',*,*,#7826,.F.);
#11184=ORIENTED_EDGE('',*,*,#7824,.F.);
#11185=ORIENTED_EDGE('',*,*,#7821,.F.);
#11186=ORIENTED_EDGE('',*,*,#7827,.F.);
#11187=ORIENTED_EDGE('',*,*,#7823,.F.);
#11188=ORIENTED_EDGE('',*,*,#7802,.F.);
#11189=ORIENTED_EDGE('',*,*,#7810,.F.);
#11190=ORIENTED_EDGE('',*,*,#7828,.F.);
#11191=ORIENTED_EDGE('',*,*,#7817,.F.);
#11192=ORIENTED_EDGE('',*,*,#7812,.F.);
#11193=ORIENTED_EDGE('',*,*,#7809,.F.);
#11194=ORIENTED_EDGE('',*,*,#7797,.T.);
#11195=ORIENTED_EDGE('',*,*,#7822,.F.);
#11196=ORIENTED_EDGE('',*,*,#7827,.T.);
#11197=ORIENTED_EDGE('',*,*,#7820,.F.);
#11198=ORIENTED_EDGE('',*,*,#7818,.T.);
#11199=ORIENTED_EDGE('',*,*,#7815,.F.);
#11200=ORIENTED_EDGE('',*,*,#7828,.T.);
#11201=ORIENTED_EDGE('',*,*,#7826,.T.);
#11202=ORIENTED_EDGE('',*,*,#7805,.T.);
#11203=ORIENTED_EDGE('',*,*,#7808,.T.);
#11204=ORIENTED_EDGE('',*,*,#7825,.T.);
#11205=ORIENTED_EDGE('',*,*,#7829,.F.);
#11206=ORIENTED_EDGE('',*,*,#7830,.T.);
#11207=ORIENTED_EDGE('',*,*,#7831,.F.);
#11208=ORIENTED_EDGE('',*,*,#7832,.F.);
#11209=ORIENTED_EDGE('',*,*,#7833,.F.);
#11210=ORIENTED_EDGE('',*,*,#7834,.F.);
#11211=ORIENTED_EDGE('',*,*,#7835,.F.);
#11212=ORIENTED_EDGE('',*,*,#7836,.F.);
#11213=ORIENTED_EDGE('',*,*,#7837,.F.);
#11214=ORIENTED_EDGE('',*,*,#7838,.F.);
#11215=ORIENTED_EDGE('',*,*,#7839,.F.);
#11216=ORIENTED_EDGE('',*,*,#7830,.F.);
#11217=ORIENTED_EDGE('',*,*,#7840,.F.);
#11218=ORIENTED_EDGE('',*,*,#7832,.T.);
#11219=ORIENTED_EDGE('',*,*,#7841,.F.);
#11220=ORIENTED_EDGE('',*,*,#7842,.F.);
#11221=ORIENTED_EDGE('',*,*,#7841,.T.);
#11222=ORIENTED_EDGE('',*,*,#7831,.T.);
#11223=ORIENTED_EDGE('',*,*,#7839,.T.);
#11224=ORIENTED_EDGE('',*,*,#7843,.F.);
#11225=ORIENTED_EDGE('',*,*,#7844,.F.);
#11226=ORIENTED_EDGE('',*,*,#7845,.F.);
#11227=ORIENTED_EDGE('',*,*,#7846,.F.);
#11228=ORIENTED_EDGE('',*,*,#7847,.F.);
#11229=ORIENTED_EDGE('',*,*,#7838,.T.);
#11230=ORIENTED_EDGE('',*,*,#7848,.T.);
#11231=ORIENTED_EDGE('',*,*,#7849,.F.);
#11232=ORIENTED_EDGE('',*,*,#7850,.T.);
#11233=ORIENTED_EDGE('',*,*,#7851,.F.);
#11234=ORIENTED_EDGE('',*,*,#7843,.T.);
#11235=ORIENTED_EDGE('',*,*,#7835,.T.);
#11236=ORIENTED_EDGE('',*,*,#7852,.T.);
#11237=ORIENTED_EDGE('',*,*,#7853,.F.);
#11238=ORIENTED_EDGE('',*,*,#7854,.F.);
#11239=ORIENTED_EDGE('',*,*,#7834,.T.);
#11240=ORIENTED_EDGE('',*,*,#7855,.T.);
#11241=ORIENTED_EDGE('',*,*,#7856,.F.);
#11242=ORIENTED_EDGE('',*,*,#7852,.F.);
#11243=ORIENTED_EDGE('',*,*,#7857,.T.);
#11244=ORIENTED_EDGE('',*,*,#7858,.T.);
#11245=ORIENTED_EDGE('',*,*,#7859,.T.);
#11246=ORIENTED_EDGE('',*,*,#7846,.T.);
#11247=ORIENTED_EDGE('',*,*,#7842,.T.);
#11248=ORIENTED_EDGE('',*,*,#7847,.T.);
#11249=ORIENTED_EDGE('',*,*,#7859,.F.);
#11250=ORIENTED_EDGE('',*,*,#7860,.T.);
#11251=ORIENTED_EDGE('',*,*,#7861,.F.);
#11252=ORIENTED_EDGE('',*,*,#7862,.T.);
#11253=ORIENTED_EDGE('',*,*,#7863,.T.);
#11254=ORIENTED_EDGE('',*,*,#7864,.T.);
#11255=ORIENTED_EDGE('',*,*,#7861,.T.);
#11256=ORIENTED_EDGE('',*,*,#7865,.T.);
#11257=ORIENTED_EDGE('',*,*,#7840,.T.);
#11258=ORIENTED_EDGE('',*,*,#7862,.F.);
#11259=ORIENTED_EDGE('',*,*,#7864,.F.);
#11260=ORIENTED_EDGE('',*,*,#7866,.F.);
#11261=ORIENTED_EDGE('',*,*,#7867,.F.);
#11262=ORIENTED_EDGE('',*,*,#7848,.F.);
#11263=ORIENTED_EDGE('',*,*,#7837,.T.);
#11264=ORIENTED_EDGE('',*,*,#7829,.T.);
#11265=ORIENTED_EDGE('',*,*,#7868,.T.);
#11266=ORIENTED_EDGE('',*,*,#7869,.T.);
#11267=ORIENTED_EDGE('',*,*,#7849,.T.);
#11268=ORIENTED_EDGE('',*,*,#7867,.T.);
#11269=ORIENTED_EDGE('',*,*,#7870,.T.);
#11270=ORIENTED_EDGE('',*,*,#7844,.T.);
#11271=ORIENTED_EDGE('',*,*,#7851,.T.);
#11272=ORIENTED_EDGE('',*,*,#7871,.T.);
#11273=ORIENTED_EDGE('',*,*,#7833,.T.);
#11274=ORIENTED_EDGE('',*,*,#7872,.T.);
#11275=ORIENTED_EDGE('',*,*,#7873,.F.);
#11276=ORIENTED_EDGE('',*,*,#7855,.F.);
#11277=ORIENTED_EDGE('',*,*,#7836,.T.);
#11278=ORIENTED_EDGE('',*,*,#7854,.T.);
#11279=ORIENTED_EDGE('',*,*,#7874,.F.);
#11280=ORIENTED_EDGE('',*,*,#7872,.F.);
#11281=ORIENTED_EDGE('',*,*,#7869,.F.);
#11282=ORIENTED_EDGE('',*,*,#7875,.F.);
#11283=ORIENTED_EDGE('',*,*,#7871,.F.);
#11284=ORIENTED_EDGE('',*,*,#7850,.F.);
#11285=ORIENTED_EDGE('',*,*,#7858,.F.);
#11286=ORIENTED_EDGE('',*,*,#7876,.F.);
#11287=ORIENTED_EDGE('',*,*,#7865,.F.);
#11288=ORIENTED_EDGE('',*,*,#7860,.F.);
#11289=ORIENTED_EDGE('',*,*,#7857,.F.);
#11290=ORIENTED_EDGE('',*,*,#7845,.T.);
#11291=ORIENTED_EDGE('',*,*,#7870,.F.);
#11292=ORIENTED_EDGE('',*,*,#7875,.T.);
#11293=ORIENTED_EDGE('',*,*,#7868,.F.);
#11294=ORIENTED_EDGE('',*,*,#7866,.T.);
#11295=ORIENTED_EDGE('',*,*,#7863,.F.);
#11296=ORIENTED_EDGE('',*,*,#7876,.T.);
#11297=ORIENTED_EDGE('',*,*,#7874,.T.);
#11298=ORIENTED_EDGE('',*,*,#7853,.T.);
#11299=ORIENTED_EDGE('',*,*,#7856,.T.);
#11300=ORIENTED_EDGE('',*,*,#7873,.T.);
#11301=ORIENTED_EDGE('',*,*,#7877,.F.);
#11302=ORIENTED_EDGE('',*,*,#7878,.T.);
#11303=ORIENTED_EDGE('',*,*,#7879,.F.);
#11304=ORIENTED_EDGE('',*,*,#7880,.F.);
#11305=ORIENTED_EDGE('',*,*,#7881,.F.);
#11306=ORIENTED_EDGE('',*,*,#7882,.F.);
#11307=ORIENTED_EDGE('',*,*,#7883,.F.);
#11308=ORIENTED_EDGE('',*,*,#7884,.F.);
#11309=ORIENTED_EDGE('',*,*,#7885,.F.);
#11310=ORIENTED_EDGE('',*,*,#7886,.F.);
#11311=ORIENTED_EDGE('',*,*,#7887,.F.);
#11312=ORIENTED_EDGE('',*,*,#7878,.F.);
#11313=ORIENTED_EDGE('',*,*,#7888,.F.);
#11314=ORIENTED_EDGE('',*,*,#7880,.T.);
#11315=ORIENTED_EDGE('',*,*,#7889,.F.);
#11316=ORIENTED_EDGE('',*,*,#7890,.F.);
#11317=ORIENTED_EDGE('',*,*,#7889,.T.);
#11318=ORIENTED_EDGE('',*,*,#7879,.T.);
#11319=ORIENTED_EDGE('',*,*,#7887,.T.);
#11320=ORIENTED_EDGE('',*,*,#7891,.F.);
#11321=ORIENTED_EDGE('',*,*,#7892,.F.);
#11322=ORIENTED_EDGE('',*,*,#7893,.F.);
#11323=ORIENTED_EDGE('',*,*,#7894,.F.);
#11324=ORIENTED_EDGE('',*,*,#7895,.F.);
#11325=ORIENTED_EDGE('',*,*,#7886,.T.);
#11326=ORIENTED_EDGE('',*,*,#7896,.T.);
#11327=ORIENTED_EDGE('',*,*,#7897,.F.);
#11328=ORIENTED_EDGE('',*,*,#7898,.T.);
#11329=ORIENTED_EDGE('',*,*,#7899,.F.);
#11330=ORIENTED_EDGE('',*,*,#7891,.T.);
#11331=ORIENTED_EDGE('',*,*,#7883,.T.);
#11332=ORIENTED_EDGE('',*,*,#7900,.T.);
#11333=ORIENTED_EDGE('',*,*,#7901,.F.);
#11334=ORIENTED_EDGE('',*,*,#7902,.F.);
#11335=ORIENTED_EDGE('',*,*,#7882,.T.);
#11336=ORIENTED_EDGE('',*,*,#7903,.T.);
#11337=ORIENTED_EDGE('',*,*,#7904,.F.);
#11338=ORIENTED_EDGE('',*,*,#7900,.F.);
#11339=ORIENTED_EDGE('',*,*,#7905,.T.);
#11340=ORIENTED_EDGE('',*,*,#7906,.T.);
#11341=ORIENTED_EDGE('',*,*,#7907,.T.);
#11342=ORIENTED_EDGE('',*,*,#7894,.T.);
#11343=ORIENTED_EDGE('',*,*,#7890,.T.);
#11344=ORIENTED_EDGE('',*,*,#7895,.T.);
#11345=ORIENTED_EDGE('',*,*,#7907,.F.);
#11346=ORIENTED_EDGE('',*,*,#7908,.T.);
#11347=ORIENTED_EDGE('',*,*,#7909,.F.);
#11348=ORIENTED_EDGE('',*,*,#7910,.T.);
#11349=ORIENTED_EDGE('',*,*,#7911,.T.);
#11350=ORIENTED_EDGE('',*,*,#7912,.T.);
#11351=ORIENTED_EDGE('',*,*,#7909,.T.);
#11352=ORIENTED_EDGE('',*,*,#7913,.T.);
#11353=ORIENTED_EDGE('',*,*,#7888,.T.);
#11354=ORIENTED_EDGE('',*,*,#7910,.F.);
#11355=ORIENTED_EDGE('',*,*,#7912,.F.);
#11356=ORIENTED_EDGE('',*,*,#7914,.F.);
#11357=ORIENTED_EDGE('',*,*,#7915,.F.);
#11358=ORIENTED_EDGE('',*,*,#7896,.F.);
#11359=ORIENTED_EDGE('',*,*,#7885,.T.);
#11360=ORIENTED_EDGE('',*,*,#7877,.T.);
#11361=ORIENTED_EDGE('',*,*,#7916,.T.);
#11362=ORIENTED_EDGE('',*,*,#7917,.T.);
#11363=ORIENTED_EDGE('',*,*,#7897,.T.);
#11364=ORIENTED_EDGE('',*,*,#7915,.T.);
#11365=ORIENTED_EDGE('',*,*,#7918,.T.);
#11366=ORIENTED_EDGE('',*,*,#7892,.T.);
#11367=ORIENTED_EDGE('',*,*,#7899,.T.);
#11368=ORIENTED_EDGE('',*,*,#7919,.T.);
#11369=ORIENTED_EDGE('',*,*,#7881,.T.);
#11370=ORIENTED_EDGE('',*,*,#7920,.T.);
#11371=ORIENTED_EDGE('',*,*,#7921,.F.);
#11372=ORIENTED_EDGE('',*,*,#7903,.F.);
#11373=ORIENTED_EDGE('',*,*,#7884,.T.);
#11374=ORIENTED_EDGE('',*,*,#7902,.T.);
#11375=ORIENTED_EDGE('',*,*,#7922,.F.);
#11376=ORIENTED_EDGE('',*,*,#7920,.F.);
#11377=ORIENTED_EDGE('',*,*,#7917,.F.);
#11378=ORIENTED_EDGE('',*,*,#7923,.F.);
#11379=ORIENTED_EDGE('',*,*,#7919,.F.);
#11380=ORIENTED_EDGE('',*,*,#7898,.F.);
#11381=ORIENTED_EDGE('',*,*,#7906,.F.);
#11382=ORIENTED_EDGE('',*,*,#7924,.F.);
#11383=ORIENTED_EDGE('',*,*,#7913,.F.);
#11384=ORIENTED_EDGE('',*,*,#7908,.F.);
#11385=ORIENTED_EDGE('',*,*,#7905,.F.);
#11386=ORIENTED_EDGE('',*,*,#7893,.T.);
#11387=ORIENTED_EDGE('',*,*,#7918,.F.);
#11388=ORIENTED_EDGE('',*,*,#7923,.T.);
#11389=ORIENTED_EDGE('',*,*,#7916,.F.);
#11390=ORIENTED_EDGE('',*,*,#7914,.T.);
#11391=ORIENTED_EDGE('',*,*,#7911,.F.);
#11392=ORIENTED_EDGE('',*,*,#7924,.T.);
#11393=ORIENTED_EDGE('',*,*,#7922,.T.);
#11394=ORIENTED_EDGE('',*,*,#7901,.T.);
#11395=ORIENTED_EDGE('',*,*,#7904,.T.);
#11396=ORIENTED_EDGE('',*,*,#7921,.T.);
#11397=ORIENTED_EDGE('',*,*,#7925,.F.);
#11398=ORIENTED_EDGE('',*,*,#7926,.T.);
#11399=ORIENTED_EDGE('',*,*,#7927,.F.);
#11400=ORIENTED_EDGE('',*,*,#7928,.F.);
#11401=ORIENTED_EDGE('',*,*,#7929,.F.);
#11402=ORIENTED_EDGE('',*,*,#7930,.F.);
#11403=ORIENTED_EDGE('',*,*,#7931,.F.);
#11404=ORIENTED_EDGE('',*,*,#7932,.F.);
#11405=ORIENTED_EDGE('',*,*,#7933,.F.);
#11406=ORIENTED_EDGE('',*,*,#7934,.F.);
#11407=ORIENTED_EDGE('',*,*,#7935,.F.);
#11408=ORIENTED_EDGE('',*,*,#7926,.F.);
#11409=ORIENTED_EDGE('',*,*,#7936,.F.);
#11410=ORIENTED_EDGE('',*,*,#7928,.T.);
#11411=ORIENTED_EDGE('',*,*,#7937,.F.);
#11412=ORIENTED_EDGE('',*,*,#7938,.F.);
#11413=ORIENTED_EDGE('',*,*,#7937,.T.);
#11414=ORIENTED_EDGE('',*,*,#7927,.T.);
#11415=ORIENTED_EDGE('',*,*,#7935,.T.);
#11416=ORIENTED_EDGE('',*,*,#7939,.F.);
#11417=ORIENTED_EDGE('',*,*,#7940,.F.);
#11418=ORIENTED_EDGE('',*,*,#7941,.F.);
#11419=ORIENTED_EDGE('',*,*,#7942,.F.);
#11420=ORIENTED_EDGE('',*,*,#7943,.F.);
#11421=ORIENTED_EDGE('',*,*,#7934,.T.);
#11422=ORIENTED_EDGE('',*,*,#7944,.T.);
#11423=ORIENTED_EDGE('',*,*,#7945,.F.);
#11424=ORIENTED_EDGE('',*,*,#7946,.T.);
#11425=ORIENTED_EDGE('',*,*,#7947,.F.);
#11426=ORIENTED_EDGE('',*,*,#7939,.T.);
#11427=ORIENTED_EDGE('',*,*,#7931,.T.);
#11428=ORIENTED_EDGE('',*,*,#7948,.T.);
#11429=ORIENTED_EDGE('',*,*,#7949,.F.);
#11430=ORIENTED_EDGE('',*,*,#7950,.F.);
#11431=ORIENTED_EDGE('',*,*,#7930,.T.);
#11432=ORIENTED_EDGE('',*,*,#7951,.T.);
#11433=ORIENTED_EDGE('',*,*,#7952,.F.);
#11434=ORIENTED_EDGE('',*,*,#7948,.F.);
#11435=ORIENTED_EDGE('',*,*,#7953,.T.);
#11436=ORIENTED_EDGE('',*,*,#7954,.T.);
#11437=ORIENTED_EDGE('',*,*,#7955,.T.);
#11438=ORIENTED_EDGE('',*,*,#7942,.T.);
#11439=ORIENTED_EDGE('',*,*,#7938,.T.);
#11440=ORIENTED_EDGE('',*,*,#7943,.T.);
#11441=ORIENTED_EDGE('',*,*,#7955,.F.);
#11442=ORIENTED_EDGE('',*,*,#7956,.T.);
#11443=ORIENTED_EDGE('',*,*,#7957,.F.);
#11444=ORIENTED_EDGE('',*,*,#7958,.T.);
#11445=ORIENTED_EDGE('',*,*,#7959,.T.);
#11446=ORIENTED_EDGE('',*,*,#7960,.T.);
#11447=ORIENTED_EDGE('',*,*,#7957,.T.);
#11448=ORIENTED_EDGE('',*,*,#7961,.T.);
#11449=ORIENTED_EDGE('',*,*,#7936,.T.);
#11450=ORIENTED_EDGE('',*,*,#7958,.F.);
#11451=ORIENTED_EDGE('',*,*,#7960,.F.);
#11452=ORIENTED_EDGE('',*,*,#7962,.F.);
#11453=ORIENTED_EDGE('',*,*,#7963,.F.);
#11454=ORIENTED_EDGE('',*,*,#7944,.F.);
#11455=ORIENTED_EDGE('',*,*,#7933,.T.);
#11456=ORIENTED_EDGE('',*,*,#7925,.T.);
#11457=ORIENTED_EDGE('',*,*,#7964,.T.);
#11458=ORIENTED_EDGE('',*,*,#7965,.T.);
#11459=ORIENTED_EDGE('',*,*,#7945,.T.);
#11460=ORIENTED_EDGE('',*,*,#7963,.T.);
#11461=ORIENTED_EDGE('',*,*,#7966,.T.);
#11462=ORIENTED_EDGE('',*,*,#7940,.T.);
#11463=ORIENTED_EDGE('',*,*,#7947,.T.);
#11464=ORIENTED_EDGE('',*,*,#7967,.T.);
#11465=ORIENTED_EDGE('',*,*,#7929,.T.);
#11466=ORIENTED_EDGE('',*,*,#7968,.T.);
#11467=ORIENTED_EDGE('',*,*,#7969,.F.);
#11468=ORIENTED_EDGE('',*,*,#7951,.F.);
#11469=ORIENTED_EDGE('',*,*,#7932,.T.);
#11470=ORIENTED_EDGE('',*,*,#7950,.T.);
#11471=ORIENTED_EDGE('',*,*,#7970,.F.);
#11472=ORIENTED_EDGE('',*,*,#7968,.F.);
#11473=ORIENTED_EDGE('',*,*,#7965,.F.);
#11474=ORIENTED_EDGE('',*,*,#7971,.F.);
#11475=ORIENTED_EDGE('',*,*,#7967,.F.);
#11476=ORIENTED_EDGE('',*,*,#7946,.F.);
#11477=ORIENTED_EDGE('',*,*,#7954,.F.);
#11478=ORIENTED_EDGE('',*,*,#7972,.F.);
#11479=ORIENTED_EDGE('',*,*,#7961,.F.);
#11480=ORIENTED_EDGE('',*,*,#7956,.F.);
#11481=ORIENTED_EDGE('',*,*,#7953,.F.);
#11482=ORIENTED_EDGE('',*,*,#7941,.T.);
#11483=ORIENTED_EDGE('',*,*,#7966,.F.);
#11484=ORIENTED_EDGE('',*,*,#7971,.T.);
#11485=ORIENTED_EDGE('',*,*,#7964,.F.);
#11486=ORIENTED_EDGE('',*,*,#7962,.T.);
#11487=ORIENTED_EDGE('',*,*,#7959,.F.);
#11488=ORIENTED_EDGE('',*,*,#7972,.T.);
#11489=ORIENTED_EDGE('',*,*,#7970,.T.);
#11490=ORIENTED_EDGE('',*,*,#7949,.T.);
#11491=ORIENTED_EDGE('',*,*,#7952,.T.);
#11492=ORIENTED_EDGE('',*,*,#7969,.T.);
#11493=PLANE('',#12946);
#11494=PLANE('',#12947);
#11495=PLANE('',#12948);
#11496=PLANE('',#12949);
#11497=PLANE('',#12950);
#11498=PLANE('',#12951);
#11499=PLANE('',#12954);
#11500=PLANE('',#12955);
#11501=PLANE('',#12956);
#11502=PLANE('',#12957);
#11503=PLANE('',#12958);
#11504=PLANE('',#12959);
#11505=PLANE('',#12960);
#11506=PLANE('',#12963);
#11507=PLANE('',#12964);
#11508=PLANE('',#12967);
#11509=PLANE('',#12968);
#11510=PLANE('',#12969);
#11511=PLANE('',#12970);
#11512=PLANE('',#12971);
#11513=PLANE('',#12972);
#11514=PLANE('',#12973);
#11515=PLANE('',#12974);
#11516=PLANE('',#12975);
#11517=PLANE('',#12976);
#11518=PLANE('',#12977);
#11519=PLANE('',#12978);
#11520=PLANE('',#12979);
#11521=PLANE('',#12980);
#11522=PLANE('',#12981);
#11523=PLANE('',#12982);
#11524=PLANE('',#12983);
#11525=PLANE('',#12984);
#11526=PLANE('',#12985);
#11527=PLANE('',#12986);
#11528=PLANE('',#12987);
#11529=PLANE('',#12988);
#11530=PLANE('',#12989);
#11531=PLANE('',#12990);
#11532=PLANE('',#12991);
#11533=PLANE('',#12994);
#11534=PLANE('',#12995);
#11535=PLANE('',#12996);
#11536=PLANE('',#12997);
#11537=PLANE('',#12998);
#11538=PLANE('',#12999);
#11539=PLANE('',#13000);
#11540=PLANE('',#13003);
#11541=PLANE('',#13004);
#11542=PLANE('',#13007);
#11543=PLANE('',#13008);
#11544=PLANE('',#13009);
#11545=PLANE('',#13010);
#11546=PLANE('',#13011);
#11547=PLANE('',#13012);
#11548=PLANE('',#13013);
#11549=PLANE('',#13016);
#11550=PLANE('',#13017);
#11551=PLANE('',#13018);
#11552=PLANE('',#13019);
#11553=PLANE('',#13020);
#11554=PLANE('',#13021);
#11555=PLANE('',#13022);
#11556=PLANE('',#13025);
#11557=PLANE('',#13026);
#11558=PLANE('',#13029);
#11559=PLANE('',#13030);
#11560=PLANE('',#13031);
#11561=PLANE('',#13032);
#11562=PLANE('',#13033);
#11563=PLANE('',#13034);
#11564=PLANE('',#13035);
#11565=PLANE('',#13038);
#11566=PLANE('',#13039);
#11567=PLANE('',#13040);
#11568=PLANE('',#13041);
#11569=PLANE('',#13042);
#11570=PLANE('',#13043);
#11571=PLANE('',#13044);
#11572=PLANE('',#13047);
#11573=PLANE('',#13048);
#11574=PLANE('',#13051);
#11575=PLANE('',#13052);
#11576=PLANE('',#13053);
#11577=PLANE('',#13054);
#11578=PLANE('',#13055);
#11579=PLANE('',#13056);
#11580=PLANE('',#13057);
#11581=PLANE('',#13060);
#11582=PLANE('',#13061);
#11583=PLANE('',#13062);
#11584=PLANE('',#13063);
#11585=PLANE('',#13064);
#11586=PLANE('',#13065);
#11587=PLANE('',#13066);
#11588=PLANE('',#13069);
#11589=PLANE('',#13070);
#11590=PLANE('',#13073);
#11591=PLANE('',#13074);
#11592=PLANE('',#13075);
#11593=PLANE('',#13076);
#11594=PLANE('',#13077);
#11595=PLANE('',#13078);
#11596=PLANE('',#13079);
#11597=PLANE('',#13082);
#11598=PLANE('',#13083);
#11599=PLANE('',#13084);
#11600=PLANE('',#13085);
#11601=PLANE('',#13086);
#11602=PLANE('',#13087);
#11603=PLANE('',#13088);
#11604=PLANE('',#13091);
#11605=PLANE('',#13092);
#11606=PLANE('',#13095);
#11607=PLANE('',#13096);
#11608=PLANE('',#13097);
#11609=PLANE('',#13098);
#11610=PLANE('',#13099);
#11611=PLANE('',#13100);
#11612=PLANE('',#13101);
#11613=PLANE('',#13104);
#11614=PLANE('',#13105);
#11615=PLANE('',#13106);
#11616=PLANE('',#13107);
#11617=PLANE('',#13108);
#11618=PLANE('',#13109);
#11619=PLANE('',#13110);
#11620=PLANE('',#13113);
#11621=PLANE('',#13114);
#11622=PLANE('',#13117);
#11623=PLANE('',#13118);
#11624=PLANE('',#13119);
#11625=PLANE('',#13120);
#11626=PLANE('',#13121);
#11627=PLANE('',#13122);
#11628=PLANE('',#13123);
#11629=PLANE('',#13126);
#11630=PLANE('',#13127);
#11631=PLANE('',#13128);
#11632=PLANE('',#13129);
#11633=PLANE('',#13130);
#11634=PLANE('',#13131);
#11635=PLANE('',#13132);
#11636=PLANE('',#13135);
#11637=PLANE('',#13136);
#11638=PLANE('',#13139);
#11639=PLANE('',#13140);
#11640=PLANE('',#13141);
#11641=PLANE('',#13142);
#11642=PLANE('',#13143);
#11643=PLANE('',#13144);
#11644=PLANE('',#13145);
#11645=PLANE('',#13148);
#11646=PLANE('',#13149);
#11647=PLANE('',#13150);
#11648=PLANE('',#13151);
#11649=PLANE('',#13152);
#11650=PLANE('',#13153);
#11651=PLANE('',#13154);
#11652=PLANE('',#13157);
#11653=PLANE('',#13158);
#11654=PLANE('',#13161);
#11655=PLANE('',#13162);
#11656=PLANE('',#13163);
#11657=PLANE('',#13164);
#11658=PLANE('',#13165);
#11659=PLANE('',#13166);
#11660=PLANE('',#13167);
#11661=PLANE('',#13170);
#11662=PLANE('',#13171);
#11663=PLANE('',#13172);
#11664=PLANE('',#13173);
#11665=PLANE('',#13174);
#11666=PLANE('',#13175);
#11667=PLANE('',#13176);
#11668=PLANE('',#13179);
#11669=PLANE('',#13180);
#11670=PLANE('',#13183);
#11671=PLANE('',#13184);
#11672=PLANE('',#13185);
#11673=PLANE('',#13186);
#11674=PLANE('',#13187);
#11675=PLANE('',#13188);
#11676=PLANE('',#13189);
#11677=PLANE('',#13192);
#11678=PLANE('',#13193);
#11679=PLANE('',#13194);
#11680=PLANE('',#13195);
#11681=PLANE('',#13196);
#11682=PLANE('',#13197);
#11683=PLANE('',#13198);
#11684=PLANE('',#13201);
#11685=PLANE('',#13202);
#11686=PLANE('',#13205);
#11687=PLANE('',#13206);
#11688=PLANE('',#13207);
#11689=PLANE('',#13208);
#11690=PLANE('',#13209);
#11691=PLANE('',#13210);
#11692=PLANE('',#13211);
#11693=PLANE('',#13214);
#11694=PLANE('',#13215);
#11695=PLANE('',#13216);
#11696=PLANE('',#13217);
#11697=PLANE('',#13218);
#11698=PLANE('',#13219);
#11699=PLANE('',#13220);
#11700=PLANE('',#13223);
#11701=PLANE('',#13224);
#11702=PLANE('',#13227);
#11703=PLANE('',#13228);
#11704=PLANE('',#13229);
#11705=PLANE('',#13230);
#11706=PLANE('',#13231);
#11707=PLANE('',#13232);
#11708=PLANE('',#13233);
#11709=PLANE('',#13236);
#11710=PLANE('',#13237);
#11711=PLANE('',#13238);
#11712=PLANE('',#13239);
#11713=PLANE('',#13240);
#11714=PLANE('',#13241);
#11715=PLANE('',#13242);
#11716=PLANE('',#13245);
#11717=PLANE('',#13246);
#11718=PLANE('',#13249);
#11719=PLANE('',#13250);
#11720=PLANE('',#13251);
#11721=PLANE('',#13252);
#11722=PLANE('',#13253);
#11723=PLANE('',#13254);
#11724=PLANE('',#13255);
#11725=PLANE('',#13258);
#11726=PLANE('',#13259);
#11727=PLANE('',#13260);
#11728=PLANE('',#13261);
#11729=PLANE('',#13262);
#11730=PLANE('',#13263);
#11731=PLANE('',#13264);
#11732=PLANE('',#13267);
#11733=PLANE('',#13268);
#11734=PLANE('',#13271);
#11735=PLANE('',#13272);
#11736=PLANE('',#13273);
#11737=PLANE('',#13274);
#11738=PLANE('',#13275);
#11739=PLANE('',#13276);
#11740=PLANE('',#13277);
#11741=PLANE('',#13280);
#11742=PLANE('',#13281);
#11743=PLANE('',#13282);
#11744=PLANE('',#13283);
#11745=PLANE('',#13284);
#11746=PLANE('',#13285);
#11747=PLANE('',#13286);
#11748=PLANE('',#13289);
#11749=PLANE('',#13290);
#11750=PLANE('',#13293);
#11751=PLANE('',#13294);
#11752=PLANE('',#13295);
#11753=PLANE('',#13296);
#11754=PLANE('',#13297);
#11755=PLANE('',#13298);
#11756=PLANE('',#13299);
#11757=PLANE('',#13302);
#11758=PLANE('',#13303);
#11759=PLANE('',#13304);
#11760=PLANE('',#13305);
#11761=PLANE('',#13306);
#11762=PLANE('',#13307);
#11763=PLANE('',#13308);
#11764=PLANE('',#13311);
#11765=PLANE('',#13312);
#11766=PLANE('',#13315);
#11767=PLANE('',#13316);
#11768=PLANE('',#13317);
#11769=PLANE('',#13318);
#11770=PLANE('',#13319);
#11771=PLANE('',#13320);
#11772=PLANE('',#13321);
#11773=PLANE('',#13324);
#11774=PLANE('',#13325);
#11775=PLANE('',#13326);
#11776=PLANE('',#13327);
#11777=PLANE('',#13328);
#11778=PLANE('',#13329);
#11779=PLANE('',#13330);
#11780=PLANE('',#13333);
#11781=PLANE('',#13334);
#11782=PLANE('',#13337);
#11783=PLANE('',#13338);
#11784=PLANE('',#13339);
#11785=PLANE('',#13340);
#11786=PLANE('',#13341);
#11787=PLANE('',#13342);
#11788=PLANE('',#13343);
#11789=PLANE('',#13346);
#11790=PLANE('',#13347);
#11791=PLANE('',#13348);
#11792=PLANE('',#13349);
#11793=PLANE('',#13350);
#11794=PLANE('',#13351);
#11795=PLANE('',#13352);
#11796=PLANE('',#13355);
#11797=PLANE('',#13356);
#11798=PLANE('',#13359);
#11799=PLANE('',#13360);
#11800=PLANE('',#13361);
#11801=PLANE('',#13362);
#11802=PLANE('',#13363);
#11803=PLANE('',#13364);
#11804=PLANE('',#13365);
#11805=PLANE('',#13368);
#11806=PLANE('',#13369);
#11807=PLANE('',#13370);
#11808=PLANE('',#13371);
#11809=PLANE('',#13372);
#11810=PLANE('',#13373);
#11811=PLANE('',#13374);
#11812=PLANE('',#13377);
#11813=PLANE('',#13378);
#11814=PLANE('',#13381);
#11815=PLANE('',#13382);
#11816=PLANE('',#13383);
#11817=PLANE('',#13384);
#11818=PLANE('',#13385);
#11819=PLANE('',#13386);
#11820=PLANE('',#13387);
#11821=PLANE('',#13390);
#11822=PLANE('',#13391);
#11823=PLANE('',#13392);
#11824=PLANE('',#13393);
#11825=PLANE('',#13394);
#11826=PLANE('',#13395);
#11827=PLANE('',#13396);
#11828=PLANE('',#13399);
#11829=PLANE('',#13400);
#11830=PLANE('',#13403);
#11831=PLANE('',#13404);
#11832=PLANE('',#13405);
#11833=PLANE('',#13406);
#11834=PLANE('',#13407);
#11835=PLANE('',#13408);
#11836=PLANE('',#13409);
#11837=PLANE('',#13410);
#11838=PLANE('',#13411);
#11839=PLANE('',#13412);
#11840=PLANE('',#13413);
#11841=PLANE('',#13414);
#11842=PLANE('',#13415);
#11843=PLANE('',#13416);
#11844=PLANE('',#13417);
#11845=PLANE('',#13418);
#11846=PLANE('',#13419);
#11847=PLANE('',#13420);
#11848=PLANE('',#13421);
#11849=PLANE('',#13422);
#11850=PLANE('',#13423);
#11851=PLANE('',#13424);
#11852=PLANE('',#13425);
#11853=PLANE('',#13426);
#11854=PLANE('',#13427);
#11855=PLANE('',#13428);
#11856=PLANE('',#13429);
#11857=PLANE('',#13430);
#11858=PLANE('',#13431);
#11859=PLANE('',#13432);
#11860=PLANE('',#13433);
#11861=PLANE('',#13434);
#11862=PLANE('',#13435);
#11863=PLANE('',#13436);
#11864=PLANE('',#13437);
#11865=PLANE('',#13438);
#11866=PLANE('',#13439);
#11867=PLANE('',#13440);
#11868=PLANE('',#13441);
#11869=PLANE('',#13442);
#11870=PLANE('',#13443);
#11871=PLANE('',#13444);
#11872=PLANE('',#13445);
#11873=PLANE('',#13446);
#11874=PLANE('',#13447);
#11875=PLANE('',#13448);
#11876=PLANE('',#13449);
#11877=PLANE('',#13450);
#11878=PLANE('',#13451);
#11879=PLANE('',#13452);
#11880=PLANE('',#13453);
#11881=PLANE('',#13454);
#11882=PLANE('',#13455);
#11883=PLANE('',#13456);
#11884=PLANE('',#13457);
#11885=PLANE('',#13458);
#11886=PLANE('',#13459);
#11887=PLANE('',#13460);
#11888=PLANE('',#13461);
#11889=PLANE('',#13462);
#11890=PLANE('',#13463);
#11891=PLANE('',#13464);
#11892=PLANE('',#13465);
#11893=PLANE('',#13466);
#11894=PLANE('',#13467);
#11895=PLANE('',#13468);
#11896=PLANE('',#13469);
#11897=PLANE('',#13470);
#11898=PLANE('',#13471);
#11899=PLANE('',#13472);
#11900=PLANE('',#13473);
#11901=PLANE('',#13474);
#11902=PLANE('',#13475);
#11903=PLANE('',#13476);
#11904=PLANE('',#13477);
#11905=PLANE('',#13478);
#11906=PLANE('',#13479);
#11907=PLANE('',#13480);
#11908=PLANE('',#13481);
#11909=PLANE('',#13482);
#11910=PLANE('',#13483);
#11911=PLANE('',#13484);
#11912=PLANE('',#13485);
#11913=PLANE('',#13486);
#11914=PLANE('',#13487);
#11915=PLANE('',#13488);
#11916=PLANE('',#13489);
#11917=PLANE('',#13490);
#11918=PLANE('',#13491);
#11919=PLANE('',#13492);
#11920=PLANE('',#13493);
#11921=PLANE('',#13494);
#11922=PLANE('',#13495);
#11923=PLANE('',#13496);
#11924=PLANE('',#13497);
#11925=PLANE('',#13498);
#11926=PLANE('',#13499);
#11927=PLANE('',#13500);
#11928=PLANE('',#13501);
#11929=PLANE('',#13502);
#11930=PLANE('',#13503);
#11931=PLANE('',#13504);
#11932=PLANE('',#13505);
#11933=PLANE('',#13506);
#11934=PLANE('',#13507);
#11935=PLANE('',#13508);
#11936=PLANE('',#13509);
#11937=PLANE('',#13510);
#11938=PLANE('',#13511);
#11939=PLANE('',#13512);
#11940=PLANE('',#13513);
#11941=PLANE('',#13514);
#11942=PLANE('',#13515);
#11943=PLANE('',#13516);
#11944=PLANE('',#13517);
#11945=PLANE('',#13518);
#11946=PLANE('',#13519);
#11947=PLANE('',#13520);
#11948=PLANE('',#13521);
#11949=PLANE('',#13522);
#11950=PLANE('',#13523);
#11951=PLANE('',#13524);
#11952=PLANE('',#13525);
#11953=PLANE('',#13526);
#11954=PLANE('',#13527);
#11955=PLANE('',#13528);
#11956=PLANE('',#13529);
#11957=PLANE('',#13530);
#11958=PLANE('',#13531);
#11959=PLANE('',#13532);
#11960=PLANE('',#13533);
#11961=PLANE('',#13534);
#11962=PLANE('',#13535);
#11963=PLANE('',#13536);
#11964=PLANE('',#13537);
#11965=PLANE('',#13538);
#11966=PLANE('',#13539);
#11967=PLANE('',#13540);
#11968=PLANE('',#13541);
#11969=PLANE('',#13542);
#11970=PLANE('',#13543);
#11971=PLANE('',#13544);
#11972=PLANE('',#13545);
#11973=PLANE('',#13546);
#11974=PLANE('',#13547);
#11975=PLANE('',#13548);
#11976=PLANE('',#13549);
#11977=PLANE('',#13550);
#11978=PLANE('',#13551);
#11979=PLANE('',#13552);
#11980=PLANE('',#13553);
#11981=PLANE('',#13554);
#11982=PLANE('',#13555);
#11983=PLANE('',#13556);
#11984=PLANE('',#13557);
#11985=PLANE('',#13558);
#11986=PLANE('',#13559);
#11987=PLANE('',#13560);
#11988=PLANE('',#13561);
#11989=PLANE('',#13562);
#11990=PLANE('',#13563);
#11991=PLANE('',#13564);
#11992=PLANE('',#13565);
#11993=PLANE('',#13566);
#11994=PLANE('',#13567);
#11995=PLANE('',#13568);
#11996=PLANE('',#13569);
#11997=PLANE('',#13570);
#11998=PLANE('',#13571);
#11999=PLANE('',#13572);
#12000=PLANE('',#13573);
#12001=PLANE('',#13574);
#12002=PLANE('',#13575);
#12003=PLANE('',#13576);
#12004=PLANE('',#13577);
#12005=PLANE('',#13578);
#12006=PLANE('',#13579);
#12007=PLANE('',#13580);
#12008=PLANE('',#13581);
#12009=PLANE('',#13582);
#12010=PLANE('',#13583);
#12011=PLANE('',#13584);
#12012=PLANE('',#13585);
#12013=PLANE('',#13586);
#12014=PLANE('',#13587);
#12015=PLANE('',#13588);
#12016=PLANE('',#13589);
#12017=PLANE('',#13590);
#12018=PLANE('',#13591);
#12019=PLANE('',#13592);
#12020=PLANE('',#13593);
#12021=PLANE('',#13594);
#12022=PLANE('',#13595);
#12023=PLANE('',#13596);
#12024=PLANE('',#13597);
#12025=PLANE('',#13598);
#12026=PLANE('',#13599);
#12027=PLANE('',#13600);
#12028=PLANE('',#13601);
#12029=PLANE('',#13602);
#12030=PLANE('',#13603);
#12031=PLANE('',#13604);
#12032=PLANE('',#13605);
#12033=PLANE('',#13606);
#12034=PLANE('',#13607);
#12035=PLANE('',#13608);
#12036=PLANE('',#13609);
#12037=PLANE('',#13610);
#12038=PLANE('',#13611);
#12039=PLANE('',#13612);
#12040=PLANE('',#13613);
#12041=PLANE('',#13614);
#12042=PLANE('',#13615);
#12043=PLANE('',#13616);
#12044=PLANE('',#13617);
#12045=PLANE('',#13618);
#12046=PLANE('',#13619);
#12047=PLANE('',#13620);
#12048=PLANE('',#13621);
#12049=PLANE('',#13622);
#12050=PLANE('',#13623);
#12051=PLANE('',#13624);
#12052=PLANE('',#13625);
#12053=PLANE('',#13626);
#12054=PLANE('',#13627);
#12055=PLANE('',#13628);
#12056=PLANE('',#13629);
#12057=PLANE('',#13630);
#12058=PLANE('',#13631);
#12059=PLANE('',#13632);
#12060=PLANE('',#13633);
#12061=PLANE('',#13634);
#12062=PLANE('',#13635);
#12063=PLANE('',#13636);
#12064=PLANE('',#13637);
#12065=PLANE('',#13638);
#12066=PLANE('',#13639);
#12067=PLANE('',#13640);
#12068=PLANE('',#13641);
#12069=PLANE('',#13642);
#12070=PLANE('',#13643);
#12071=PLANE('',#13644);
#12072=PLANE('',#13645);
#12073=PLANE('',#13646);
#12074=PLANE('',#13647);
#12075=PLANE('',#13648);
#12076=PLANE('',#13649);
#12077=PLANE('',#13650);
#12078=PLANE('',#13651);
#12079=PLANE('',#13652);
#12080=PLANE('',#13653);
#12081=PLANE('',#13654);
#12082=PLANE('',#13655);
#12083=PLANE('',#13656);
#12084=PLANE('',#13657);
#12085=PLANE('',#13658);
#12086=PLANE('',#13659);
#12087=PLANE('',#13660);
#12088=PLANE('',#13661);
#12089=PLANE('',#13662);
#12090=PLANE('',#13663);
#12091=PLANE('',#13664);
#12092=PLANE('',#13665);
#12093=PLANE('',#13666);
#12094=PLANE('',#13667);
#12095=PLANE('',#13668);
#12096=PLANE('',#13669);
#12097=PLANE('',#13670);
#12098=PLANE('',#13671);
#12099=PLANE('',#13672);
#12100=PLANE('',#13673);
#12101=PLANE('',#13674);
#12102=PLANE('',#13675);
#12103=PLANE('',#13676);
#12104=PLANE('',#13677);
#12105=PLANE('',#13678);
#12106=PLANE('',#13679);
#12107=PLANE('',#13680);
#12108=PLANE('',#13681);
#12109=PLANE('',#13682);
#12110=PLANE('',#13683);
#12111=PLANE('',#13684);
#12112=PLANE('',#13685);
#12113=PLANE('',#13686);
#12114=PLANE('',#13687);
#12115=PLANE('',#13688);
#12116=PLANE('',#13689);
#12117=PLANE('',#13690);
#12118=PLANE('',#13691);
#12119=PLANE('',#13692);
#12120=PLANE('',#13693);
#12121=PLANE('',#13694);
#12122=PLANE('',#13695);
#12123=PLANE('',#13696);
#12124=PLANE('',#13697);
#12125=PLANE('',#13698);
#12126=PLANE('',#13699);
#12127=PLANE('',#13700);
#12128=PLANE('',#13701);
#12129=PLANE('',#13702);
#12130=PLANE('',#13703);
#12131=PLANE('',#13704);
#12132=PLANE('',#13705);
#12133=PLANE('',#13706);
#12134=PLANE('',#13707);
#12135=PLANE('',#13708);
#12136=PLANE('',#13709);
#12137=PLANE('',#13710);
#12138=PLANE('',#13711);
#12139=PLANE('',#13712);
#12140=PLANE('',#13713);
#12141=PLANE('',#13714);
#12142=PLANE('',#13715);
#12143=PLANE('',#13716);
#12144=PLANE('',#13717);
#12145=PLANE('',#13718);
#12146=PLANE('',#13719);
#12147=PLANE('',#13720);
#12148=PLANE('',#13721);
#12149=PLANE('',#13722);
#12150=PLANE('',#13723);
#12151=PLANE('',#13724);
#12152=PLANE('',#13725);
#12153=PLANE('',#13726);
#12154=PLANE('',#13727);
#12155=PLANE('',#13728);
#12156=PLANE('',#13729);
#12157=PLANE('',#13730);
#12158=PLANE('',#13731);
#12159=PLANE('',#13732);
#12160=PLANE('',#13733);
#12161=PLANE('',#13734);
#12162=PLANE('',#13735);
#12163=PLANE('',#13736);
#12164=PLANE('',#13737);
#12165=PLANE('',#13738);
#12166=PLANE('',#13739);
#12167=PLANE('',#13740);
#12168=PLANE('',#13741);
#12169=PLANE('',#13742);
#12170=PLANE('',#13743);
#12171=PLANE('',#13744);
#12172=PLANE('',#13745);
#12173=ADVANCED_FACE('',(#253),#11493,.T.);
#12174=ADVANCED_FACE('',(#254),#11494,.T.);
#12175=ADVANCED_FACE('',(#255),#11495,.T.);
#12176=ADVANCED_FACE('',(#256),#11496,.T.);
#12177=ADVANCED_FACE('',(#257),#11497,.T.);
#12178=ADVANCED_FACE('',(#258),#11498,.T.);
#12179=ADVANCED_FACE('',(#259),#11499,.F.);
#12180=ADVANCED_FACE('',(#260),#11500,.T.);
#12181=ADVANCED_FACE('',(#261),#11501,.T.);
#12182=ADVANCED_FACE('',(#262),#11502,.T.);
#12183=ADVANCED_FACE('',(#263),#11503,.T.);
#12184=ADVANCED_FACE('',(#264),#11504,.T.);
#12185=ADVANCED_FACE('',(#265),#11505,.T.);
#12186=ADVANCED_FACE('',(#266),#11506,.T.);
#12187=ADVANCED_FACE('',(#267),#11507,.T.);
#12188=ADVANCED_FACE('',(#268),#133,.T.);
#12189=ADVANCED_FACE('',(#269),#134,.F.);
#12190=ADVANCED_FACE('',(#270),#11508,.T.);
#12191=ADVANCED_FACE('',(#271,#13),#11509,.F.);
#12192=ADVANCED_FACE('',(#272),#11510,.F.);
#12193=ADVANCED_FACE('',(#273),#11511,.F.);
#12194=ADVANCED_FACE('',(#274),#11512,.T.);
#12195=ADVANCED_FACE('',(#275),#11513,.T.);
#12196=ADVANCED_FACE('',(#276),#11514,.T.);
#12197=ADVANCED_FACE('',(#277),#11515,.T.);
#12198=ADVANCED_FACE('',(#278),#11516,.T.);
#12199=ADVANCED_FACE('',(#279),#11517,.T.);
#12200=ADVANCED_FACE('',(#280),#11518,.T.);
#12201=ADVANCED_FACE('',(#281),#11519,.T.);
#12202=ADVANCED_FACE('',(#282),#11520,.T.);
#12203=ADVANCED_FACE('',(#283),#11521,.T.);
#12204=ADVANCED_FACE('',(#284),#11522,.T.);
#12205=ADVANCED_FACE('',(#285),#11523,.T.);
#12206=ADVANCED_FACE('',(#286),#11524,.T.);
#12207=ADVANCED_FACE('',(#287),#11525,.T.);
#12208=ADVANCED_FACE('',(#288,#14),#11526,.T.);
#12209=ADVANCED_FACE('',(#289),#11527,.T.);
#12210=ADVANCED_FACE('',(#290),#11528,.T.);
#12211=ADVANCED_FACE('',(#291),#11529,.T.);
#12212=ADVANCED_FACE('',(#292),#11530,.T.);
#12213=ADVANCED_FACE('',(#293),#11531,.T.);
#12214=ADVANCED_FACE('',(#294),#11532,.T.);
#12215=ADVANCED_FACE('',(#295),#11533,.F.);
#12216=ADVANCED_FACE('',(#296),#11534,.T.);
#12217=ADVANCED_FACE('',(#297),#11535,.T.);
#12218=ADVANCED_FACE('',(#298),#11536,.T.);
#12219=ADVANCED_FACE('',(#299),#11537,.T.);
#12220=ADVANCED_FACE('',(#300),#11538,.T.);
#12221=ADVANCED_FACE('',(#301),#11539,.T.);
#12222=ADVANCED_FACE('',(#302),#11540,.T.);
#12223=ADVANCED_FACE('',(#303),#11541,.T.);
#12224=ADVANCED_FACE('',(#304),#135,.T.);
#12225=ADVANCED_FACE('',(#305),#136,.F.);
#12226=ADVANCED_FACE('',(#306),#11542,.T.);
#12227=ADVANCED_FACE('',(#307),#11543,.T.);
#12228=ADVANCED_FACE('',(#308),#11544,.T.);
#12229=ADVANCED_FACE('',(#309),#11545,.T.);
#12230=ADVANCED_FACE('',(#310),#11546,.T.);
#12231=ADVANCED_FACE('',(#311),#11547,.T.);
#12232=ADVANCED_FACE('',(#312),#11548,.T.);
#12233=ADVANCED_FACE('',(#313),#11549,.F.);
#12234=ADVANCED_FACE('',(#314),#11550,.T.);
#12235=ADVANCED_FACE('',(#315),#11551,.T.);
#12236=ADVANCED_FACE('',(#316),#11552,.T.);
#12237=ADVANCED_FACE('',(#317),#11553,.T.);
#12238=ADVANCED_FACE('',(#318),#11554,.T.);
#12239=ADVANCED_FACE('',(#319),#11555,.T.);
#12240=ADVANCED_FACE('',(#320),#11556,.T.);
#12241=ADVANCED_FACE('',(#321),#11557,.T.);
#12242=ADVANCED_FACE('',(#322),#137,.T.);
#12243=ADVANCED_FACE('',(#323),#138,.F.);
#12244=ADVANCED_FACE('',(#324),#11558,.T.);
#12245=ADVANCED_FACE('',(#325),#11559,.T.);
#12246=ADVANCED_FACE('',(#326),#11560,.T.);
#12247=ADVANCED_FACE('',(#327),#11561,.T.);
#12248=ADVANCED_FACE('',(#328),#11562,.T.);
#12249=ADVANCED_FACE('',(#329),#11563,.T.);
#12250=ADVANCED_FACE('',(#330),#11564,.T.);
#12251=ADVANCED_FACE('',(#331),#11565,.F.);
#12252=ADVANCED_FACE('',(#332),#11566,.T.);
#12253=ADVANCED_FACE('',(#333),#11567,.T.);
#12254=ADVANCED_FACE('',(#334),#11568,.T.);
#12255=ADVANCED_FACE('',(#335),#11569,.T.);
#12256=ADVANCED_FACE('',(#336),#11570,.T.);
#12257=ADVANCED_FACE('',(#337),#11571,.T.);
#12258=ADVANCED_FACE('',(#338),#11572,.T.);
#12259=ADVANCED_FACE('',(#339),#11573,.T.);
#12260=ADVANCED_FACE('',(#340),#139,.T.);
#12261=ADVANCED_FACE('',(#341),#140,.F.);
#12262=ADVANCED_FACE('',(#342),#11574,.T.);
#12263=ADVANCED_FACE('',(#343),#11575,.T.);
#12264=ADVANCED_FACE('',(#344),#11576,.T.);
#12265=ADVANCED_FACE('',(#345),#11577,.T.);
#12266=ADVANCED_FACE('',(#346),#11578,.T.);
#12267=ADVANCED_FACE('',(#347),#11579,.T.);
#12268=ADVANCED_FACE('',(#348),#11580,.T.);
#12269=ADVANCED_FACE('',(#349),#11581,.F.);
#12270=ADVANCED_FACE('',(#350),#11582,.T.);
#12271=ADVANCED_FACE('',(#351),#11583,.T.);
#12272=ADVANCED_FACE('',(#352),#11584,.T.);
#12273=ADVANCED_FACE('',(#353),#11585,.T.);
#12274=ADVANCED_FACE('',(#354),#11586,.T.);
#12275=ADVANCED_FACE('',(#355),#11587,.T.);
#12276=ADVANCED_FACE('',(#356),#11588,.T.);
#12277=ADVANCED_FACE('',(#357),#11589,.T.);
#12278=ADVANCED_FACE('',(#358),#141,.T.);
#12279=ADVANCED_FACE('',(#359),#142,.F.);
#12280=ADVANCED_FACE('',(#360),#11590,.T.);
#12281=ADVANCED_FACE('',(#361),#11591,.T.);
#12282=ADVANCED_FACE('',(#362),#11592,.T.);
#12283=ADVANCED_FACE('',(#363),#11593,.T.);
#12284=ADVANCED_FACE('',(#364),#11594,.T.);
#12285=ADVANCED_FACE('',(#365),#11595,.T.);
#12286=ADVANCED_FACE('',(#366),#11596,.T.);
#12287=ADVANCED_FACE('',(#367),#11597,.F.);
#12288=ADVANCED_FACE('',(#368),#11598,.T.);
#12289=ADVANCED_FACE('',(#369),#11599,.T.);
#12290=ADVANCED_FACE('',(#370),#11600,.T.);
#12291=ADVANCED_FACE('',(#371),#11601,.T.);
#12292=ADVANCED_FACE('',(#372),#11602,.T.);
#12293=ADVANCED_FACE('',(#373),#11603,.T.);
#12294=ADVANCED_FACE('',(#374),#11604,.T.);
#12295=ADVANCED_FACE('',(#375),#11605,.T.);
#12296=ADVANCED_FACE('',(#376),#143,.T.);
#12297=ADVANCED_FACE('',(#377),#144,.F.);
#12298=ADVANCED_FACE('',(#378),#11606,.T.);
#12299=ADVANCED_FACE('',(#379),#11607,.T.);
#12300=ADVANCED_FACE('',(#380),#11608,.T.);
#12301=ADVANCED_FACE('',(#381),#11609,.T.);
#12302=ADVANCED_FACE('',(#382),#11610,.T.);
#12303=ADVANCED_FACE('',(#383),#11611,.T.);
#12304=ADVANCED_FACE('',(#384),#11612,.T.);
#12305=ADVANCED_FACE('',(#385),#11613,.F.);
#12306=ADVANCED_FACE('',(#386),#11614,.T.);
#12307=ADVANCED_FACE('',(#387),#11615,.T.);
#12308=ADVANCED_FACE('',(#388),#11616,.T.);
#12309=ADVANCED_FACE('',(#389),#11617,.T.);
#12310=ADVANCED_FACE('',(#390),#11618,.T.);
#12311=ADVANCED_FACE('',(#391),#11619,.T.);
#12312=ADVANCED_FACE('',(#392),#11620,.T.);
#12313=ADVANCED_FACE('',(#393),#11621,.T.);
#12314=ADVANCED_FACE('',(#394),#145,.T.);
#12315=ADVANCED_FACE('',(#395),#146,.F.);
#12316=ADVANCED_FACE('',(#396),#11622,.T.);
#12317=ADVANCED_FACE('',(#397),#11623,.T.);
#12318=ADVANCED_FACE('',(#398),#11624,.T.);
#12319=ADVANCED_FACE('',(#399),#11625,.T.);
#12320=ADVANCED_FACE('',(#400),#11626,.T.);
#12321=ADVANCED_FACE('',(#401),#11627,.T.);
#12322=ADVANCED_FACE('',(#402),#11628,.T.);
#12323=ADVANCED_FACE('',(#403),#11629,.F.);
#12324=ADVANCED_FACE('',(#404),#11630,.T.);
#12325=ADVANCED_FACE('',(#405),#11631,.T.);
#12326=ADVANCED_FACE('',(#406),#11632,.T.);
#12327=ADVANCED_FACE('',(#407),#11633,.T.);
#12328=ADVANCED_FACE('',(#408),#11634,.T.);
#12329=ADVANCED_FACE('',(#409),#11635,.T.);
#12330=ADVANCED_FACE('',(#410),#11636,.T.);
#12331=ADVANCED_FACE('',(#411),#11637,.T.);
#12332=ADVANCED_FACE('',(#412),#147,.T.);
#12333=ADVANCED_FACE('',(#413),#148,.F.);
#12334=ADVANCED_FACE('',(#414),#11638,.T.);
#12335=ADVANCED_FACE('',(#415),#11639,.T.);
#12336=ADVANCED_FACE('',(#416),#11640,.T.);
#12337=ADVANCED_FACE('',(#417),#11641,.T.);
#12338=ADVANCED_FACE('',(#418),#11642,.T.);
#12339=ADVANCED_FACE('',(#419),#11643,.T.);
#12340=ADVANCED_FACE('',(#420),#11644,.T.);
#12341=ADVANCED_FACE('',(#421),#11645,.F.);
#12342=ADVANCED_FACE('',(#422),#11646,.T.);
#12343=ADVANCED_FACE('',(#423),#11647,.T.);
#12344=ADVANCED_FACE('',(#424),#11648,.T.);
#12345=ADVANCED_FACE('',(#425),#11649,.T.);
#12346=ADVANCED_FACE('',(#426),#11650,.T.);
#12347=ADVANCED_FACE('',(#427),#11651,.T.);
#12348=ADVANCED_FACE('',(#428),#11652,.T.);
#12349=ADVANCED_FACE('',(#429),#11653,.T.);
#12350=ADVANCED_FACE('',(#430),#149,.T.);
#12351=ADVANCED_FACE('',(#431),#150,.F.);
#12352=ADVANCED_FACE('',(#432),#11654,.T.);
#12353=ADVANCED_FACE('',(#433),#11655,.T.);
#12354=ADVANCED_FACE('',(#434),#11656,.T.);
#12355=ADVANCED_FACE('',(#435),#11657,.T.);
#12356=ADVANCED_FACE('',(#436),#11658,.T.);
#12357=ADVANCED_FACE('',(#437),#11659,.T.);
#12358=ADVANCED_FACE('',(#438),#11660,.T.);
#12359=ADVANCED_FACE('',(#439),#11661,.F.);
#12360=ADVANCED_FACE('',(#440),#11662,.T.);
#12361=ADVANCED_FACE('',(#441),#11663,.T.);
#12362=ADVANCED_FACE('',(#442),#11664,.T.);
#12363=ADVANCED_FACE('',(#443),#11665,.T.);
#12364=ADVANCED_FACE('',(#444),#11666,.T.);
#12365=ADVANCED_FACE('',(#445),#11667,.T.);
#12366=ADVANCED_FACE('',(#446),#11668,.T.);
#12367=ADVANCED_FACE('',(#447),#11669,.T.);
#12368=ADVANCED_FACE('',(#448),#151,.T.);
#12369=ADVANCED_FACE('',(#449),#152,.F.);
#12370=ADVANCED_FACE('',(#450),#11670,.T.);
#12371=ADVANCED_FACE('',(#451),#11671,.T.);
#12372=ADVANCED_FACE('',(#452),#11672,.T.);
#12373=ADVANCED_FACE('',(#453),#11673,.T.);
#12374=ADVANCED_FACE('',(#454),#11674,.T.);
#12375=ADVANCED_FACE('',(#455),#11675,.T.);
#12376=ADVANCED_FACE('',(#456),#11676,.T.);
#12377=ADVANCED_FACE('',(#457),#11677,.F.);
#12378=ADVANCED_FACE('',(#458),#11678,.T.);
#12379=ADVANCED_FACE('',(#459),#11679,.T.);
#12380=ADVANCED_FACE('',(#460),#11680,.T.);
#12381=ADVANCED_FACE('',(#461),#11681,.T.);
#12382=ADVANCED_FACE('',(#462),#11682,.T.);
#12383=ADVANCED_FACE('',(#463),#11683,.T.);
#12384=ADVANCED_FACE('',(#464),#11684,.T.);
#12385=ADVANCED_FACE('',(#465),#11685,.T.);
#12386=ADVANCED_FACE('',(#466),#153,.T.);
#12387=ADVANCED_FACE('',(#467),#154,.F.);
#12388=ADVANCED_FACE('',(#468),#11686,.T.);
#12389=ADVANCED_FACE('',(#469),#11687,.T.);
#12390=ADVANCED_FACE('',(#470),#11688,.T.);
#12391=ADVANCED_FACE('',(#471),#11689,.T.);
#12392=ADVANCED_FACE('',(#472),#11690,.T.);
#12393=ADVANCED_FACE('',(#473),#11691,.T.);
#12394=ADVANCED_FACE('',(#474),#11692,.T.);
#12395=ADVANCED_FACE('',(#475),#11693,.F.);
#12396=ADVANCED_FACE('',(#476),#11694,.T.);
#12397=ADVANCED_FACE('',(#477),#11695,.T.);
#12398=ADVANCED_FACE('',(#478),#11696,.T.);
#12399=ADVANCED_FACE('',(#479),#11697,.T.);
#12400=ADVANCED_FACE('',(#480),#11698,.T.);
#12401=ADVANCED_FACE('',(#481),#11699,.T.);
#12402=ADVANCED_FACE('',(#482),#11700,.T.);
#12403=ADVANCED_FACE('',(#483),#11701,.T.);
#12404=ADVANCED_FACE('',(#484),#155,.T.);
#12405=ADVANCED_FACE('',(#485),#156,.F.);
#12406=ADVANCED_FACE('',(#486),#11702,.T.);
#12407=ADVANCED_FACE('',(#487),#11703,.T.);
#12408=ADVANCED_FACE('',(#488),#11704,.T.);
#12409=ADVANCED_FACE('',(#489),#11705,.T.);
#12410=ADVANCED_FACE('',(#490),#11706,.T.);
#12411=ADVANCED_FACE('',(#491),#11707,.T.);
#12412=ADVANCED_FACE('',(#492),#11708,.T.);
#12413=ADVANCED_FACE('',(#493),#11709,.F.);
#12414=ADVANCED_FACE('',(#494),#11710,.T.);
#12415=ADVANCED_FACE('',(#495),#11711,.T.);
#12416=ADVANCED_FACE('',(#496),#11712,.T.);
#12417=ADVANCED_FACE('',(#497),#11713,.T.);
#12418=ADVANCED_FACE('',(#498),#11714,.T.);
#12419=ADVANCED_FACE('',(#499),#11715,.T.);
#12420=ADVANCED_FACE('',(#500),#11716,.T.);
#12421=ADVANCED_FACE('',(#501),#11717,.T.);
#12422=ADVANCED_FACE('',(#502),#157,.T.);
#12423=ADVANCED_FACE('',(#503),#158,.F.);
#12424=ADVANCED_FACE('',(#504),#11718,.T.);
#12425=ADVANCED_FACE('',(#505),#11719,.T.);
#12426=ADVANCED_FACE('',(#506),#11720,.T.);
#12427=ADVANCED_FACE('',(#507),#11721,.T.);
#12428=ADVANCED_FACE('',(#508),#11722,.T.);
#12429=ADVANCED_FACE('',(#509),#11723,.T.);
#12430=ADVANCED_FACE('',(#510),#11724,.T.);
#12431=ADVANCED_FACE('',(#511),#11725,.F.);
#12432=ADVANCED_FACE('',(#512),#11726,.T.);
#12433=ADVANCED_FACE('',(#513),#11727,.T.);
#12434=ADVANCED_FACE('',(#514),#11728,.T.);
#12435=ADVANCED_FACE('',(#515),#11729,.T.);
#12436=ADVANCED_FACE('',(#516),#11730,.T.);
#12437=ADVANCED_FACE('',(#517),#11731,.T.);
#12438=ADVANCED_FACE('',(#518),#11732,.T.);
#12439=ADVANCED_FACE('',(#519),#11733,.T.);
#12440=ADVANCED_FACE('',(#520),#159,.T.);
#12441=ADVANCED_FACE('',(#521),#160,.F.);
#12442=ADVANCED_FACE('',(#522),#11734,.T.);
#12443=ADVANCED_FACE('',(#523),#11735,.T.);
#12444=ADVANCED_FACE('',(#524),#11736,.T.);
#12445=ADVANCED_FACE('',(#525),#11737,.T.);
#12446=ADVANCED_FACE('',(#526),#11738,.T.);
#12447=ADVANCED_FACE('',(#527),#11739,.T.);
#12448=ADVANCED_FACE('',(#528),#11740,.T.);
#12449=ADVANCED_FACE('',(#529),#11741,.F.);
#12450=ADVANCED_FACE('',(#530),#11742,.T.);
#12451=ADVANCED_FACE('',(#531),#11743,.T.);
#12452=ADVANCED_FACE('',(#532),#11744,.T.);
#12453=ADVANCED_FACE('',(#533),#11745,.T.);
#12454=ADVANCED_FACE('',(#534),#11746,.T.);
#12455=ADVANCED_FACE('',(#535),#11747,.T.);
#12456=ADVANCED_FACE('',(#536),#11748,.T.);
#12457=ADVANCED_FACE('',(#537),#11749,.T.);
#12458=ADVANCED_FACE('',(#538),#161,.T.);
#12459=ADVANCED_FACE('',(#539),#162,.F.);
#12460=ADVANCED_FACE('',(#540),#11750,.T.);
#12461=ADVANCED_FACE('',(#541),#11751,.T.);
#12462=ADVANCED_FACE('',(#542),#11752,.T.);
#12463=ADVANCED_FACE('',(#543),#11753,.T.);
#12464=ADVANCED_FACE('',(#544),#11754,.T.);
#12465=ADVANCED_FACE('',(#545),#11755,.T.);
#12466=ADVANCED_FACE('',(#546),#11756,.T.);
#12467=ADVANCED_FACE('',(#547),#11757,.F.);
#12468=ADVANCED_FACE('',(#548),#11758,.T.);
#12469=ADVANCED_FACE('',(#549),#11759,.T.);
#12470=ADVANCED_FACE('',(#550),#11760,.T.);
#12471=ADVANCED_FACE('',(#551),#11761,.T.);
#12472=ADVANCED_FACE('',(#552),#11762,.T.);
#12473=ADVANCED_FACE('',(#553),#11763,.T.);
#12474=ADVANCED_FACE('',(#554),#11764,.T.);
#12475=ADVANCED_FACE('',(#555),#11765,.T.);
#12476=ADVANCED_FACE('',(#556),#163,.T.);
#12477=ADVANCED_FACE('',(#557),#164,.F.);
#12478=ADVANCED_FACE('',(#558),#11766,.T.);
#12479=ADVANCED_FACE('',(#559),#11767,.T.);
#12480=ADVANCED_FACE('',(#560),#11768,.T.);
#12481=ADVANCED_FACE('',(#561),#11769,.T.);
#12482=ADVANCED_FACE('',(#562),#11770,.T.);
#12483=ADVANCED_FACE('',(#563),#11771,.T.);
#12484=ADVANCED_FACE('',(#564),#11772,.T.);
#12485=ADVANCED_FACE('',(#565),#11773,.F.);
#12486=ADVANCED_FACE('',(#566),#11774,.T.);
#12487=ADVANCED_FACE('',(#567),#11775,.T.);
#12488=ADVANCED_FACE('',(#568),#11776,.T.);
#12489=ADVANCED_FACE('',(#569),#11777,.T.);
#12490=ADVANCED_FACE('',(#570),#11778,.T.);
#12491=ADVANCED_FACE('',(#571),#11779,.T.);
#12492=ADVANCED_FACE('',(#572),#11780,.T.);
#12493=ADVANCED_FACE('',(#573),#11781,.T.);
#12494=ADVANCED_FACE('',(#574),#165,.T.);
#12495=ADVANCED_FACE('',(#575),#166,.F.);
#12496=ADVANCED_FACE('',(#576),#11782,.T.);
#12497=ADVANCED_FACE('',(#577),#11783,.T.);
#12498=ADVANCED_FACE('',(#578),#11784,.T.);
#12499=ADVANCED_FACE('',(#579),#11785,.T.);
#12500=ADVANCED_FACE('',(#580),#11786,.T.);
#12501=ADVANCED_FACE('',(#581),#11787,.T.);
#12502=ADVANCED_FACE('',(#582),#11788,.T.);
#12503=ADVANCED_FACE('',(#583),#11789,.F.);
#12504=ADVANCED_FACE('',(#584),#11790,.T.);
#12505=ADVANCED_FACE('',(#585),#11791,.T.);
#12506=ADVANCED_FACE('',(#586),#11792,.T.);
#12507=ADVANCED_FACE('',(#587),#11793,.T.);
#12508=ADVANCED_FACE('',(#588),#11794,.T.);
#12509=ADVANCED_FACE('',(#589),#11795,.T.);
#12510=ADVANCED_FACE('',(#590),#11796,.T.);
#12511=ADVANCED_FACE('',(#591),#11797,.T.);
#12512=ADVANCED_FACE('',(#592),#167,.T.);
#12513=ADVANCED_FACE('',(#593),#168,.F.);
#12514=ADVANCED_FACE('',(#594),#11798,.T.);
#12515=ADVANCED_FACE('',(#595),#11799,.T.);
#12516=ADVANCED_FACE('',(#596),#11800,.T.);
#12517=ADVANCED_FACE('',(#597),#11801,.T.);
#12518=ADVANCED_FACE('',(#598),#11802,.T.);
#12519=ADVANCED_FACE('',(#599),#11803,.T.);
#12520=ADVANCED_FACE('',(#600),#11804,.T.);
#12521=ADVANCED_FACE('',(#601),#11805,.F.);
#12522=ADVANCED_FACE('',(#602),#11806,.T.);
#12523=ADVANCED_FACE('',(#603),#11807,.T.);
#12524=ADVANCED_FACE('',(#604),#11808,.T.);
#12525=ADVANCED_FACE('',(#605),#11809,.T.);
#12526=ADVANCED_FACE('',(#606),#11810,.T.);
#12527=ADVANCED_FACE('',(#607),#11811,.T.);
#12528=ADVANCED_FACE('',(#608),#11812,.T.);
#12529=ADVANCED_FACE('',(#609),#11813,.T.);
#12530=ADVANCED_FACE('',(#610),#169,.T.);
#12531=ADVANCED_FACE('',(#611),#170,.F.);
#12532=ADVANCED_FACE('',(#612),#11814,.T.);
#12533=ADVANCED_FACE('',(#613),#11815,.T.);
#12534=ADVANCED_FACE('',(#614),#11816,.T.);
#12535=ADVANCED_FACE('',(#615),#11817,.T.);
#12536=ADVANCED_FACE('',(#616),#11818,.T.);
#12537=ADVANCED_FACE('',(#617),#11819,.T.);
#12538=ADVANCED_FACE('',(#618),#11820,.T.);
#12539=ADVANCED_FACE('',(#619),#11821,.F.);
#12540=ADVANCED_FACE('',(#620),#11822,.T.);
#12541=ADVANCED_FACE('',(#621),#11823,.T.);
#12542=ADVANCED_FACE('',(#622),#11824,.T.);
#12543=ADVANCED_FACE('',(#623),#11825,.T.);
#12544=ADVANCED_FACE('',(#624),#11826,.T.);
#12545=ADVANCED_FACE('',(#625),#11827,.T.);
#12546=ADVANCED_FACE('',(#626),#11828,.T.);
#12547=ADVANCED_FACE('',(#627),#11829,.T.);
#12548=ADVANCED_FACE('',(#628),#171,.T.);
#12549=ADVANCED_FACE('',(#629),#172,.F.);
#12550=ADVANCED_FACE('',(#630),#11830,.T.);
#12551=ADVANCED_FACE('',(#631,#15),#11831,.F.);
#12552=ADVANCED_FACE('',(#632),#11832,.F.);
#12553=ADVANCED_FACE('',(#633),#11833,.F.);
#12554=ADVANCED_FACE('',(#634),#11834,.T.);
#12555=ADVANCED_FACE('',(#635),#11835,.T.);
#12556=ADVANCED_FACE('',(#636),#11836,.T.);
#12557=ADVANCED_FACE('',(#637),#11837,.T.);
#12558=ADVANCED_FACE('',(#638),#11838,.T.);
#12559=ADVANCED_FACE('',(#639),#11839,.T.);
#12560=ADVANCED_FACE('',(#640),#11840,.T.);
#12561=ADVANCED_FACE('',(#641),#11841,.T.);
#12562=ADVANCED_FACE('',(#642),#11842,.T.);
#12563=ADVANCED_FACE('',(#643),#11843,.T.);
#12564=ADVANCED_FACE('',(#644),#11844,.T.);
#12565=ADVANCED_FACE('',(#645),#11845,.T.);
#12566=ADVANCED_FACE('',(#646),#11846,.T.);
#12567=ADVANCED_FACE('',(#647),#11847,.T.);
#12568=ADVANCED_FACE('',(#648,#16),#11848,.T.);
#12569=ADVANCED_FACE('',(#649,#17),#11849,.F.);
#12570=ADVANCED_FACE('',(#650),#11850,.F.);
#12571=ADVANCED_FACE('',(#651),#11851,.F.);
#12572=ADVANCED_FACE('',(#652),#11852,.T.);
#12573=ADVANCED_FACE('',(#653),#11853,.T.);
#12574=ADVANCED_FACE('',(#654),#11854,.T.);
#12575=ADVANCED_FACE('',(#655),#11855,.T.);
#12576=ADVANCED_FACE('',(#656),#11856,.T.);
#12577=ADVANCED_FACE('',(#657),#11857,.T.);
#12578=ADVANCED_FACE('',(#658),#11858,.T.);
#12579=ADVANCED_FACE('',(#659),#11859,.T.);
#12580=ADVANCED_FACE('',(#660),#11860,.T.);
#12581=ADVANCED_FACE('',(#661),#11861,.T.);
#12582=ADVANCED_FACE('',(#662),#11862,.T.);
#12583=ADVANCED_FACE('',(#663),#11863,.T.);
#12584=ADVANCED_FACE('',(#664),#11864,.T.);
#12585=ADVANCED_FACE('',(#665),#11865,.T.);
#12586=ADVANCED_FACE('',(#666,#18),#11866,.T.);
#12587=ADVANCED_FACE('',(#667,#19),#11867,.F.);
#12588=ADVANCED_FACE('',(#668),#11868,.F.);
#12589=ADVANCED_FACE('',(#669),#11869,.F.);
#12590=ADVANCED_FACE('',(#670),#11870,.T.);
#12591=ADVANCED_FACE('',(#671),#11871,.T.);
#12592=ADVANCED_FACE('',(#672),#11872,.T.);
#12593=ADVANCED_FACE('',(#673),#11873,.T.);
#12594=ADVANCED_FACE('',(#674),#11874,.T.);
#12595=ADVANCED_FACE('',(#675),#11875,.T.);
#12596=ADVANCED_FACE('',(#676),#11876,.T.);
#12597=ADVANCED_FACE('',(#677),#11877,.T.);
#12598=ADVANCED_FACE('',(#678),#11878,.T.);
#12599=ADVANCED_FACE('',(#679),#11879,.T.);
#12600=ADVANCED_FACE('',(#680),#11880,.T.);
#12601=ADVANCED_FACE('',(#681),#11881,.T.);
#12602=ADVANCED_FACE('',(#682),#11882,.T.);
#12603=ADVANCED_FACE('',(#683),#11883,.T.);
#12604=ADVANCED_FACE('',(#684,#20),#11884,.T.);
#12605=ADVANCED_FACE('',(#685,#21),#11885,.F.);
#12606=ADVANCED_FACE('',(#686),#11886,.F.);
#12607=ADVANCED_FACE('',(#687),#11887,.F.);
#12608=ADVANCED_FACE('',(#688),#11888,.T.);
#12609=ADVANCED_FACE('',(#689),#11889,.T.);
#12610=ADVANCED_FACE('',(#690),#11890,.T.);
#12611=ADVANCED_FACE('',(#691),#11891,.T.);
#12612=ADVANCED_FACE('',(#692),#11892,.T.);
#12613=ADVANCED_FACE('',(#693),#11893,.T.);
#12614=ADVANCED_FACE('',(#694),#11894,.T.);
#12615=ADVANCED_FACE('',(#695),#11895,.T.);
#12616=ADVANCED_FACE('',(#696),#11896,.T.);
#12617=ADVANCED_FACE('',(#697),#11897,.T.);
#12618=ADVANCED_FACE('',(#698),#11898,.T.);
#12619=ADVANCED_FACE('',(#699),#11899,.T.);
#12620=ADVANCED_FACE('',(#700),#11900,.T.);
#12621=ADVANCED_FACE('',(#701),#11901,.T.);
#12622=ADVANCED_FACE('',(#702,#22),#11902,.T.);
#12623=ADVANCED_FACE('',(#703,#23),#11903,.F.);
#12624=ADVANCED_FACE('',(#704),#11904,.F.);
#12625=ADVANCED_FACE('',(#705),#11905,.F.);
#12626=ADVANCED_FACE('',(#706),#11906,.T.);
#12627=ADVANCED_FACE('',(#707),#11907,.T.);
#12628=ADVANCED_FACE('',(#708),#11908,.T.);
#12629=ADVANCED_FACE('',(#709),#11909,.T.);
#12630=ADVANCED_FACE('',(#710),#11910,.T.);
#12631=ADVANCED_FACE('',(#711),#11911,.T.);
#12632=ADVANCED_FACE('',(#712),#11912,.T.);
#12633=ADVANCED_FACE('',(#713),#11913,.T.);
#12634=ADVANCED_FACE('',(#714),#11914,.T.);
#12635=ADVANCED_FACE('',(#715),#11915,.T.);
#12636=ADVANCED_FACE('',(#716),#11916,.T.);
#12637=ADVANCED_FACE('',(#717),#11917,.T.);
#12638=ADVANCED_FACE('',(#718),#11918,.T.);
#12639=ADVANCED_FACE('',(#719),#11919,.T.);
#12640=ADVANCED_FACE('',(#720,#24),#11920,.T.);
#12641=ADVANCED_FACE('',(#721,#25),#11921,.F.);
#12642=ADVANCED_FACE('',(#722),#11922,.F.);
#12643=ADVANCED_FACE('',(#723),#11923,.F.);
#12644=ADVANCED_FACE('',(#724),#11924,.T.);
#12645=ADVANCED_FACE('',(#725),#11925,.T.);
#12646=ADVANCED_FACE('',(#726),#11926,.T.);
#12647=ADVANCED_FACE('',(#727),#11927,.T.);
#12648=ADVANCED_FACE('',(#728),#11928,.T.);
#12649=ADVANCED_FACE('',(#729),#11929,.T.);
#12650=ADVANCED_FACE('',(#730),#11930,.T.);
#12651=ADVANCED_FACE('',(#731),#11931,.T.);
#12652=ADVANCED_FACE('',(#732),#11932,.T.);
#12653=ADVANCED_FACE('',(#733),#11933,.T.);
#12654=ADVANCED_FACE('',(#734),#11934,.T.);
#12655=ADVANCED_FACE('',(#735),#11935,.T.);
#12656=ADVANCED_FACE('',(#736),#11936,.T.);
#12657=ADVANCED_FACE('',(#737),#11937,.T.);
#12658=ADVANCED_FACE('',(#738,#26),#11938,.T.);
#12659=ADVANCED_FACE('',(#739,#27),#11939,.F.);
#12660=ADVANCED_FACE('',(#740),#11940,.F.);
#12661=ADVANCED_FACE('',(#741),#11941,.F.);
#12662=ADVANCED_FACE('',(#742),#11942,.T.);
#12663=ADVANCED_FACE('',(#743),#11943,.T.);
#12664=ADVANCED_FACE('',(#744),#11944,.T.);
#12665=ADVANCED_FACE('',(#745),#11945,.T.);
#12666=ADVANCED_FACE('',(#746),#11946,.T.);
#12667=ADVANCED_FACE('',(#747),#11947,.T.);
#12668=ADVANCED_FACE('',(#748),#11948,.T.);
#12669=ADVANCED_FACE('',(#749),#11949,.T.);
#12670=ADVANCED_FACE('',(#750),#11950,.T.);
#12671=ADVANCED_FACE('',(#751),#11951,.T.);
#12672=ADVANCED_FACE('',(#752),#11952,.T.);
#12673=ADVANCED_FACE('',(#753),#11953,.T.);
#12674=ADVANCED_FACE('',(#754),#11954,.T.);
#12675=ADVANCED_FACE('',(#755),#11955,.T.);
#12676=ADVANCED_FACE('',(#756,#28),#11956,.T.);
#12677=ADVANCED_FACE('',(#757,#29),#11957,.F.);
#12678=ADVANCED_FACE('',(#758),#11958,.F.);
#12679=ADVANCED_FACE('',(#759),#11959,.F.);
#12680=ADVANCED_FACE('',(#760),#11960,.T.);
#12681=ADVANCED_FACE('',(#761),#11961,.T.);
#12682=ADVANCED_FACE('',(#762),#11962,.T.);
#12683=ADVANCED_FACE('',(#763),#11963,.T.);
#12684=ADVANCED_FACE('',(#764),#11964,.T.);
#12685=ADVANCED_FACE('',(#765),#11965,.T.);
#12686=ADVANCED_FACE('',(#766),#11966,.T.);
#12687=ADVANCED_FACE('',(#767),#11967,.T.);
#12688=ADVANCED_FACE('',(#768),#11968,.T.);
#12689=ADVANCED_FACE('',(#769),#11969,.T.);
#12690=ADVANCED_FACE('',(#770),#11970,.T.);
#12691=ADVANCED_FACE('',(#771),#11971,.T.);
#12692=ADVANCED_FACE('',(#772),#11972,.T.);
#12693=ADVANCED_FACE('',(#773),#11973,.T.);
#12694=ADVANCED_FACE('',(#774,#30),#11974,.T.);
#12695=ADVANCED_FACE('',(#775,#31),#11975,.F.);
#12696=ADVANCED_FACE('',(#776),#11976,.F.);
#12697=ADVANCED_FACE('',(#777),#11977,.F.);
#12698=ADVANCED_FACE('',(#778),#11978,.T.);
#12699=ADVANCED_FACE('',(#779),#11979,.T.);
#12700=ADVANCED_FACE('',(#780),#11980,.T.);
#12701=ADVANCED_FACE('',(#781),#11981,.T.);
#12702=ADVANCED_FACE('',(#782),#11982,.T.);
#12703=ADVANCED_FACE('',(#783),#11983,.T.);
#12704=ADVANCED_FACE('',(#784),#11984,.T.);
#12705=ADVANCED_FACE('',(#785),#11985,.T.);
#12706=ADVANCED_FACE('',(#786),#11986,.T.);
#12707=ADVANCED_FACE('',(#787),#11987,.T.);
#12708=ADVANCED_FACE('',(#788),#11988,.T.);
#12709=ADVANCED_FACE('',(#789),#11989,.T.);
#12710=ADVANCED_FACE('',(#790),#11990,.T.);
#12711=ADVANCED_FACE('',(#791),#11991,.T.);
#12712=ADVANCED_FACE('',(#792,#32),#11992,.T.);
#12713=ADVANCED_FACE('',(#793,#33),#11993,.F.);
#12714=ADVANCED_FACE('',(#794),#11994,.F.);
#12715=ADVANCED_FACE('',(#795),#11995,.F.);
#12716=ADVANCED_FACE('',(#796),#11996,.T.);
#12717=ADVANCED_FACE('',(#797),#11997,.T.);
#12718=ADVANCED_FACE('',(#798),#11998,.T.);
#12719=ADVANCED_FACE('',(#799),#11999,.T.);
#12720=ADVANCED_FACE('',(#800),#12000,.T.);
#12721=ADVANCED_FACE('',(#801),#12001,.T.);
#12722=ADVANCED_FACE('',(#802),#12002,.T.);
#12723=ADVANCED_FACE('',(#803),#12003,.T.);
#12724=ADVANCED_FACE('',(#804),#12004,.T.);
#12725=ADVANCED_FACE('',(#805),#12005,.T.);
#12726=ADVANCED_FACE('',(#806),#12006,.T.);
#12727=ADVANCED_FACE('',(#807),#12007,.T.);
#12728=ADVANCED_FACE('',(#808),#12008,.T.);
#12729=ADVANCED_FACE('',(#809),#12009,.T.);
#12730=ADVANCED_FACE('',(#810,#34),#12010,.T.);
#12731=ADVANCED_FACE('',(#811,#35),#12011,.F.);
#12732=ADVANCED_FACE('',(#812),#12012,.F.);
#12733=ADVANCED_FACE('',(#813),#12013,.F.);
#12734=ADVANCED_FACE('',(#814),#12014,.T.);
#12735=ADVANCED_FACE('',(#815),#12015,.T.);
#12736=ADVANCED_FACE('',(#816),#12016,.T.);
#12737=ADVANCED_FACE('',(#817),#12017,.T.);
#12738=ADVANCED_FACE('',(#818),#12018,.T.);
#12739=ADVANCED_FACE('',(#819),#12019,.T.);
#12740=ADVANCED_FACE('',(#820),#12020,.T.);
#12741=ADVANCED_FACE('',(#821),#12021,.T.);
#12742=ADVANCED_FACE('',(#822),#12022,.T.);
#12743=ADVANCED_FACE('',(#823),#12023,.T.);
#12744=ADVANCED_FACE('',(#824),#12024,.T.);
#12745=ADVANCED_FACE('',(#825),#12025,.T.);
#12746=ADVANCED_FACE('',(#826),#12026,.T.);
#12747=ADVANCED_FACE('',(#827),#12027,.T.);
#12748=ADVANCED_FACE('',(#828,#36),#12028,.T.);
#12749=ADVANCED_FACE('',(#829,#37),#12029,.F.);
#12750=ADVANCED_FACE('',(#830),#12030,.F.);
#12751=ADVANCED_FACE('',(#831),#12031,.F.);
#12752=ADVANCED_FACE('',(#832),#12032,.T.);
#12753=ADVANCED_FACE('',(#833),#12033,.T.);
#12754=ADVANCED_FACE('',(#834),#12034,.T.);
#12755=ADVANCED_FACE('',(#835),#12035,.T.);
#12756=ADVANCED_FACE('',(#836),#12036,.T.);
#12757=ADVANCED_FACE('',(#837),#12037,.T.);
#12758=ADVANCED_FACE('',(#838),#12038,.T.);
#12759=ADVANCED_FACE('',(#839),#12039,.T.);
#12760=ADVANCED_FACE('',(#840),#12040,.T.);
#12761=ADVANCED_FACE('',(#841),#12041,.T.);
#12762=ADVANCED_FACE('',(#842),#12042,.T.);
#12763=ADVANCED_FACE('',(#843),#12043,.T.);
#12764=ADVANCED_FACE('',(#844),#12044,.T.);
#12765=ADVANCED_FACE('',(#845),#12045,.T.);
#12766=ADVANCED_FACE('',(#846,#38),#12046,.T.);
#12767=ADVANCED_FACE('',(#847,#39),#12047,.F.);
#12768=ADVANCED_FACE('',(#848),#12048,.F.);
#12769=ADVANCED_FACE('',(#849),#12049,.F.);
#12770=ADVANCED_FACE('',(#850),#12050,.T.);
#12771=ADVANCED_FACE('',(#851),#12051,.T.);
#12772=ADVANCED_FACE('',(#852),#12052,.T.);
#12773=ADVANCED_FACE('',(#853),#12053,.T.);
#12774=ADVANCED_FACE('',(#854),#12054,.T.);
#12775=ADVANCED_FACE('',(#855),#12055,.T.);
#12776=ADVANCED_FACE('',(#856),#12056,.T.);
#12777=ADVANCED_FACE('',(#857),#12057,.T.);
#12778=ADVANCED_FACE('',(#858),#12058,.T.);
#12779=ADVANCED_FACE('',(#859),#12059,.T.);
#12780=ADVANCED_FACE('',(#860),#12060,.T.);
#12781=ADVANCED_FACE('',(#861),#12061,.T.);
#12782=ADVANCED_FACE('',(#862),#12062,.T.);
#12783=ADVANCED_FACE('',(#863),#12063,.T.);
#12784=ADVANCED_FACE('',(#864,#40),#12064,.T.);
#12785=ADVANCED_FACE('',(#865,#41),#12065,.F.);
#12786=ADVANCED_FACE('',(#866),#12066,.F.);
#12787=ADVANCED_FACE('',(#867),#12067,.F.);
#12788=ADVANCED_FACE('',(#868),#12068,.T.);
#12789=ADVANCED_FACE('',(#869),#12069,.T.);
#12790=ADVANCED_FACE('',(#870),#12070,.T.);
#12791=ADVANCED_FACE('',(#871),#12071,.T.);
#12792=ADVANCED_FACE('',(#872),#12072,.T.);
#12793=ADVANCED_FACE('',(#873),#12073,.T.);
#12794=ADVANCED_FACE('',(#874),#12074,.T.);
#12795=ADVANCED_FACE('',(#875),#12075,.T.);
#12796=ADVANCED_FACE('',(#876),#12076,.T.);
#12797=ADVANCED_FACE('',(#877),#12077,.T.);
#12798=ADVANCED_FACE('',(#878),#12078,.T.);
#12799=ADVANCED_FACE('',(#879),#12079,.T.);
#12800=ADVANCED_FACE('',(#880),#12080,.T.);
#12801=ADVANCED_FACE('',(#881),#12081,.T.);
#12802=ADVANCED_FACE('',(#882,#42),#12082,.T.);
#12803=ADVANCED_FACE('',(#883,#43),#12083,.F.);
#12804=ADVANCED_FACE('',(#884),#12084,.F.);
#12805=ADVANCED_FACE('',(#885),#12085,.F.);
#12806=ADVANCED_FACE('',(#886),#12086,.T.);
#12807=ADVANCED_FACE('',(#887),#12087,.T.);
#12808=ADVANCED_FACE('',(#888),#12088,.T.);
#12809=ADVANCED_FACE('',(#889),#12089,.T.);
#12810=ADVANCED_FACE('',(#890),#12090,.T.);
#12811=ADVANCED_FACE('',(#891),#12091,.T.);
#12812=ADVANCED_FACE('',(#892),#12092,.T.);
#12813=ADVANCED_FACE('',(#893),#12093,.T.);
#12814=ADVANCED_FACE('',(#894),#12094,.T.);
#12815=ADVANCED_FACE('',(#895),#12095,.T.);
#12816=ADVANCED_FACE('',(#896),#12096,.T.);
#12817=ADVANCED_FACE('',(#897),#12097,.T.);
#12818=ADVANCED_FACE('',(#898),#12098,.T.);
#12819=ADVANCED_FACE('',(#899),#12099,.T.);
#12820=ADVANCED_FACE('',(#900,#44),#12100,.T.);
#12821=ADVANCED_FACE('',(#901,#45),#12101,.F.);
#12822=ADVANCED_FACE('',(#902),#12102,.F.);
#12823=ADVANCED_FACE('',(#903),#12103,.F.);
#12824=ADVANCED_FACE('',(#904),#12104,.T.);
#12825=ADVANCED_FACE('',(#905),#12105,.T.);
#12826=ADVANCED_FACE('',(#906),#12106,.T.);
#12827=ADVANCED_FACE('',(#907),#12107,.T.);
#12828=ADVANCED_FACE('',(#908),#12108,.T.);
#12829=ADVANCED_FACE('',(#909),#12109,.T.);
#12830=ADVANCED_FACE('',(#910),#12110,.T.);
#12831=ADVANCED_FACE('',(#911),#12111,.T.);
#12832=ADVANCED_FACE('',(#912),#12112,.T.);
#12833=ADVANCED_FACE('',(#913),#12113,.T.);
#12834=ADVANCED_FACE('',(#914),#12114,.T.);
#12835=ADVANCED_FACE('',(#915),#12115,.T.);
#12836=ADVANCED_FACE('',(#916),#12116,.T.);
#12837=ADVANCED_FACE('',(#917),#12117,.T.);
#12838=ADVANCED_FACE('',(#918,#46),#12118,.T.);
#12839=ADVANCED_FACE('',(#919,#47),#12119,.F.);
#12840=ADVANCED_FACE('',(#920),#12120,.F.);
#12841=ADVANCED_FACE('',(#921),#12121,.F.);
#12842=ADVANCED_FACE('',(#922),#12122,.T.);
#12843=ADVANCED_FACE('',(#923),#12123,.T.);
#12844=ADVANCED_FACE('',(#924),#12124,.T.);
#12845=ADVANCED_FACE('',(#925),#12125,.T.);
#12846=ADVANCED_FACE('',(#926),#12126,.T.);
#12847=ADVANCED_FACE('',(#927),#12127,.T.);
#12848=ADVANCED_FACE('',(#928),#12128,.T.);
#12849=ADVANCED_FACE('',(#929),#12129,.T.);
#12850=ADVANCED_FACE('',(#930),#12130,.T.);
#12851=ADVANCED_FACE('',(#931),#12131,.T.);
#12852=ADVANCED_FACE('',(#932),#12132,.T.);
#12853=ADVANCED_FACE('',(#933),#12133,.T.);
#12854=ADVANCED_FACE('',(#934),#12134,.T.);
#12855=ADVANCED_FACE('',(#935),#12135,.T.);
#12856=ADVANCED_FACE('',(#936,#48),#12136,.T.);
#12857=ADVANCED_FACE('',(#937,#49),#12137,.F.);
#12858=ADVANCED_FACE('',(#938),#12138,.F.);
#12859=ADVANCED_FACE('',(#939),#12139,.F.);
#12860=ADVANCED_FACE('',(#940),#12140,.T.);
#12861=ADVANCED_FACE('',(#941),#12141,.T.);
#12862=ADVANCED_FACE('',(#942),#12142,.T.);
#12863=ADVANCED_FACE('',(#943),#12143,.T.);
#12864=ADVANCED_FACE('',(#944),#12144,.T.);
#12865=ADVANCED_FACE('',(#945),#12145,.T.);
#12866=ADVANCED_FACE('',(#946),#12146,.T.);
#12867=ADVANCED_FACE('',(#947),#12147,.T.);
#12868=ADVANCED_FACE('',(#948),#12148,.T.);
#12869=ADVANCED_FACE('',(#949),#12149,.T.);
#12870=ADVANCED_FACE('',(#950),#12150,.T.);
#12871=ADVANCED_FACE('',(#951),#12151,.T.);
#12872=ADVANCED_FACE('',(#952),#12152,.T.);
#12873=ADVANCED_FACE('',(#953),#12153,.T.);
#12874=ADVANCED_FACE('',(#954,#50),#12154,.T.);
#12875=ADVANCED_FACE('',(#955,#51),#12155,.F.);
#12876=ADVANCED_FACE('',(#956),#12156,.F.);
#12877=ADVANCED_FACE('',(#957),#12157,.F.);
#12878=ADVANCED_FACE('',(#958),#12158,.T.);
#12879=ADVANCED_FACE('',(#959),#12159,.T.);
#12880=ADVANCED_FACE('',(#960),#12160,.T.);
#12881=ADVANCED_FACE('',(#961),#12161,.T.);
#12882=ADVANCED_FACE('',(#962),#12162,.T.);
#12883=ADVANCED_FACE('',(#963),#12163,.T.);
#12884=ADVANCED_FACE('',(#964),#12164,.T.);
#12885=ADVANCED_FACE('',(#965),#12165,.T.);
#12886=ADVANCED_FACE('',(#966),#12166,.T.);
#12887=ADVANCED_FACE('',(#967),#12167,.T.);
#12888=ADVANCED_FACE('',(#968),#12168,.T.);
#12889=ADVANCED_FACE('',(#969),#12169,.T.);
#12890=ADVANCED_FACE('',(#970),#12170,.T.);
#12891=ADVANCED_FACE('',(#971),#12171,.T.);
#12892=ADVANCED_FACE('',(#972,#52),#12172,.T.);
#12893=CLOSED_SHELL('',(#12173,#12174,#12175,#12176,#12177,#12178,#12179,
#12180,#12181,#12182,#12183,#12184,#12185,#12186,#12187,#12188,#12189,#12190));
#12894=CLOSED_SHELL('',(#12191,#12192,#12193,#12194,#12195,#12196,#12197,
#12198,#12199,#12200,#12201,#12202,#12203,#12204,#12205,#12206,#12207,#12208));
#12895=CLOSED_SHELL('',(#12209,#12210,#12211,#12212,#12213,#12214,#12215,
#12216,#12217,#12218,#12219,#12220,#12221,#12222,#12223,#12224,#12225,#12226));
#12896=CLOSED_SHELL('',(#12227,#12228,#12229,#12230,#12231,#12232,#12233,
#12234,#12235,#12236,#12237,#12238,#12239,#12240,#12241,#12242,#12243,#12244));
#12897=CLOSED_SHELL('',(#12245,#12246,#12247,#12248,#12249,#12250,#12251,
#12252,#12253,#12254,#12255,#12256,#12257,#12258,#12259,#12260,#12261,#12262));
#12898=CLOSED_SHELL('',(#12263,#12264,#12265,#12266,#12267,#12268,#12269,
#12270,#12271,#12272,#12273,#12274,#12275,#12276,#12277,#12278,#12279,#12280));
#12899=CLOSED_SHELL('',(#12281,#12282,#12283,#12284,#12285,#12286,#12287,
#12288,#12289,#12290,#12291,#12292,#12293,#12294,#12295,#12296,#12297,#12298));
#12900=CLOSED_SHELL('',(#12299,#12300,#12301,#12302,#12303,#12304,#12305,
#12306,#12307,#12308,#12309,#12310,#12311,#12312,#12313,#12314,#12315,#12316));
#12901=CLOSED_SHELL('',(#12317,#12318,#12319,#12320,#12321,#12322,#12323,
#12324,#12325,#12326,#12327,#12328,#12329,#12330,#12331,#12332,#12333,#12334));
#12902=CLOSED_SHELL('',(#12335,#12336,#12337,#12338,#12339,#12340,#12341,
#12342,#12343,#12344,#12345,#12346,#12347,#12348,#12349,#12350,#12351,#12352));
#12903=CLOSED_SHELL('',(#12353,#12354,#12355,#12356,#12357,#12358,#12359,
#12360,#12361,#12362,#12363,#12364,#12365,#12366,#12367,#12368,#12369,#12370));
#12904=CLOSED_SHELL('',(#12371,#12372,#12373,#12374,#12375,#12376,#12377,
#12378,#12379,#12380,#12381,#12382,#12383,#12384,#12385,#12386,#12387,#12388));
#12905=CLOSED_SHELL('',(#12389,#12390,#12391,#12392,#12393,#12394,#12395,
#12396,#12397,#12398,#12399,#12400,#12401,#12402,#12403,#12404,#12405,#12406));
#12906=CLOSED_SHELL('',(#12407,#12408,#12409,#12410,#12411,#12412,#12413,
#12414,#12415,#12416,#12417,#12418,#12419,#12420,#12421,#12422,#12423,#12424));
#12907=CLOSED_SHELL('',(#12425,#12426,#12427,#12428,#12429,#12430,#12431,
#12432,#12433,#12434,#12435,#12436,#12437,#12438,#12439,#12440,#12441,#12442));
#12908=CLOSED_SHELL('',(#12443,#12444,#12445,#12446,#12447,#12448,#12449,
#12450,#12451,#12452,#12453,#12454,#12455,#12456,#12457,#12458,#12459,#12460));
#12909=CLOSED_SHELL('',(#12461,#12462,#12463,#12464,#12465,#12466,#12467,
#12468,#12469,#12470,#12471,#12472,#12473,#12474,#12475,#12476,#12477,#12478));
#12910=CLOSED_SHELL('',(#12479,#12480,#12481,#12482,#12483,#12484,#12485,
#12486,#12487,#12488,#12489,#12490,#12491,#12492,#12493,#12494,#12495,#12496));
#12911=CLOSED_SHELL('',(#12497,#12498,#12499,#12500,#12501,#12502,#12503,
#12504,#12505,#12506,#12507,#12508,#12509,#12510,#12511,#12512,#12513,#12514));
#12912=CLOSED_SHELL('',(#12515,#12516,#12517,#12518,#12519,#12520,#12521,
#12522,#12523,#12524,#12525,#12526,#12527,#12528,#12529,#12530,#12531,#12532));
#12913=CLOSED_SHELL('',(#12533,#12534,#12535,#12536,#12537,#12538,#12539,
#12540,#12541,#12542,#12543,#12544,#12545,#12546,#12547,#12548,#12549,#12550));
#12914=CLOSED_SHELL('',(#12551,#12552,#12553,#12554,#12555,#12556,#12557,
#12558,#12559,#12560,#12561,#12562,#12563,#12564,#12565,#12566,#12567,#12568));
#12915=CLOSED_SHELL('',(#12569,#12570,#12571,#12572,#12573,#12574,#12575,
#12576,#12577,#12578,#12579,#12580,#12581,#12582,#12583,#12584,#12585,#12586));
#12916=CLOSED_SHELL('',(#12587,#12588,#12589,#12590,#12591,#12592,#12593,
#12594,#12595,#12596,#12597,#12598,#12599,#12600,#12601,#12602,#12603,#12604));
#12917=CLOSED_SHELL('',(#12605,#12606,#12607,#12608,#12609,#12610,#12611,
#12612,#12613,#12614,#12615,#12616,#12617,#12618,#12619,#12620,#12621,#12622));
#12918=CLOSED_SHELL('',(#12623,#12624,#12625,#12626,#12627,#12628,#12629,
#12630,#12631,#12632,#12633,#12634,#12635,#12636,#12637,#12638,#12639,#12640));
#12919=CLOSED_SHELL('',(#12641,#12642,#12643,#12644,#12645,#12646,#12647,
#12648,#12649,#12650,#12651,#12652,#12653,#12654,#12655,#12656,#12657,#12658));
#12920=CLOSED_SHELL('',(#12659,#12660,#12661,#12662,#12663,#12664,#12665,
#12666,#12667,#12668,#12669,#12670,#12671,#12672,#12673,#12674,#12675,#12676));
#12921=CLOSED_SHELL('',(#12677,#12678,#12679,#12680,#12681,#12682,#12683,
#12684,#12685,#12686,#12687,#12688,#12689,#12690,#12691,#12692,#12693,#12694));
#12922=CLOSED_SHELL('',(#12695,#12696,#12697,#12698,#12699,#12700,#12701,
#12702,#12703,#12704,#12705,#12706,#12707,#12708,#12709,#12710,#12711,#12712));
#12923=CLOSED_SHELL('',(#12713,#12714,#12715,#12716,#12717,#12718,#12719,
#12720,#12721,#12722,#12723,#12724,#12725,#12726,#12727,#12728,#12729,#12730));
#12924=CLOSED_SHELL('',(#12731,#12732,#12733,#12734,#12735,#12736,#12737,
#12738,#12739,#12740,#12741,#12742,#12743,#12744,#12745,#12746,#12747,#12748));
#12925=CLOSED_SHELL('',(#12749,#12750,#12751,#12752,#12753,#12754,#12755,
#12756,#12757,#12758,#12759,#12760,#12761,#12762,#12763,#12764,#12765,#12766));
#12926=CLOSED_SHELL('',(#12767,#12768,#12769,#12770,#12771,#12772,#12773,
#12774,#12775,#12776,#12777,#12778,#12779,#12780,#12781,#12782,#12783,#12784));
#12927=CLOSED_SHELL('',(#12785,#12786,#12787,#12788,#12789,#12790,#12791,
#12792,#12793,#12794,#12795,#12796,#12797,#12798,#12799,#12800,#12801,#12802));
#12928=CLOSED_SHELL('',(#12803,#12804,#12805,#12806,#12807,#12808,#12809,
#12810,#12811,#12812,#12813,#12814,#12815,#12816,#12817,#12818,#12819,#12820));
#12929=CLOSED_SHELL('',(#12821,#12822,#12823,#12824,#12825,#12826,#12827,
#12828,#12829,#12830,#12831,#12832,#12833,#12834,#12835,#12836,#12837,#12838));
#12930=CLOSED_SHELL('',(#12839,#12840,#12841,#12842,#12843,#12844,#12845,
#12846,#12847,#12848,#12849,#12850,#12851,#12852,#12853,#12854,#12855,#12856));
#12931=CLOSED_SHELL('',(#12857,#12858,#12859,#12860,#12861,#12862,#12863,
#12864,#12865,#12866,#12867,#12868,#12869,#12870,#12871,#12872,#12873,#12874));
#12932=CLOSED_SHELL('',(#12875,#12876,#12877,#12878,#12879,#12880,#12881,
#12882,#12883,#12884,#12885,#12886,#12887,#12888,#12889,#12890,#12891,#12892));
#12933=DERIVED_UNIT_ELEMENT(#12935,1.);
#12934=DERIVED_UNIT_ELEMENT(#20634,-3.);
#12935=(
MASS_UNIT()
NAMED_UNIT(*)
SI_UNIT(.KILO.,.GRAM.)
);
#12936=DERIVED_UNIT((#12933,#12934));
#12937=MEASURE_REPRESENTATION_ITEM('density measure',
POSITIVE_RATIO_MEASURE(7850.),#12936);
#12938=PROPERTY_DEFINITION_REPRESENTATION(#12943,#12940);
#12939=PROPERTY_DEFINITION_REPRESENTATION(#12944,#12941);
#12940=REPRESENTATION('material name',(#12942),#20631);
#12941=REPRESENTATION('density',(#12937),#20631);
#12942=DESCRIPTIVE_REPRESENTATION_ITEM('Steel','Steel');
#12943=PROPERTY_DEFINITION('material property','material name',#20641);
#12944=PROPERTY_DEFINITION('material property','density of part',#20641);
#12945=AXIS2_PLACEMENT_3D('',#17028,#13746,#13747);
#12946=AXIS2_PLACEMENT_3D('',#17029,#13748,#13749);
#12947=AXIS2_PLACEMENT_3D('',#17038,#13754,#13755);
#12948=AXIS2_PLACEMENT_3D('',#17044,#13759,#13760);
#12949=AXIS2_PLACEMENT_3D('',#17050,#13764,#13765);
#12950=AXIS2_PLACEMENT_3D('',#17053,#13768,#13769);
#12951=AXIS2_PLACEMENT_3D('',#17059,#13773,#13774);
#12952=AXIS2_PLACEMENT_3D('',#17063,#13776,#13777);
#12953=AXIS2_PLACEMENT_3D('',#17070,#13781,#13782);
#12954=AXIS2_PLACEMENT_3D('',#17071,#13783,#13784);
#12955=AXIS2_PLACEMENT_3D('',#17072,#13785,#13786);
#12956=AXIS2_PLACEMENT_3D('',#17081,#13791,#13792);
#12957=AXIS2_PLACEMENT_3D('',#17086,#13796,#13797);
#12958=AXIS2_PLACEMENT_3D('',#17090,#13800,#13801);
#12959=AXIS2_PLACEMENT_3D('',#17093,#13804,#13805);
#12960=AXIS2_PLACEMENT_3D('',#17097,#13808,#13809);
#12961=AXIS2_PLACEMENT_3D('',#17098,#13810,#13811);
#12962=AXIS2_PLACEMENT_3D('',#17102,#13813,#13814);
#12963=AXIS2_PLACEMENT_3D('',#17104,#13816,#13817);
#12964=AXIS2_PLACEMENT_3D('',#17105,#13818,#13819);
#12965=AXIS2_PLACEMENT_3D('',#17107,#13821,#13822);
#12966=AXIS2_PLACEMENT_3D('',#17108,#13823,#13824);
#12967=AXIS2_PLACEMENT_3D('',#17110,#13826,#13827);
#12968=AXIS2_PLACEMENT_3D('',#17111,#13828,#13829);
#12969=AXIS2_PLACEMENT_3D('',#17128,#13838,#13839);
#12970=AXIS2_PLACEMENT_3D('',#17134,#13843,#13844);
#12971=AXIS2_PLACEMENT_3D('',#17140,#13848,#13849);
#12972=AXIS2_PLACEMENT_3D('',#17150,#13855,#13856);
#12973=AXIS2_PLACEMENT_3D('',#17158,#13861,#13862);
#12974=AXIS2_PLACEMENT_3D('',#17164,#13866,#13867);
#12975=AXIS2_PLACEMENT_3D('',#17168,#13870,#13871);
#12976=AXIS2_PLACEMENT_3D('',#17174,#13875,#13876);
#12977=AXIS2_PLACEMENT_3D('',#17180,#13880,#13881);
#12978=AXIS2_PLACEMENT_3D('',#17186,#13885,#13886);
#12979=AXIS2_PLACEMENT_3D('',#17190,#13889,#13890);
#12980=AXIS2_PLACEMENT_3D('',#17194,#13893,#13894);
#12981=AXIS2_PLACEMENT_3D('',#17198,#13897,#13898);
#12982=AXIS2_PLACEMENT_3D('',#17202,#13901,#13902);
#12983=AXIS2_PLACEMENT_3D('',#17204,#13904,#13905);
#12984=AXIS2_PLACEMENT_3D('',#17206,#13907,#13908);
#12985=AXIS2_PLACEMENT_3D('',#17208,#13910,#13911);
#12986=AXIS2_PLACEMENT_3D('',#17209,#13912,#13913);
#12987=AXIS2_PLACEMENT_3D('',#17218,#13918,#13919);
#12988=AXIS2_PLACEMENT_3D('',#17224,#13923,#13924);
#12989=AXIS2_PLACEMENT_3D('',#17230,#13928,#13929);
#12990=AXIS2_PLACEMENT_3D('',#17233,#13932,#13933);
#12991=AXIS2_PLACEMENT_3D('',#17239,#13937,#13938);
#12992=AXIS2_PLACEMENT_3D('',#17243,#13940,#13941);
#12993=AXIS2_PLACEMENT_3D('',#17250,#13945,#13946);
#12994=AXIS2_PLACEMENT_3D('',#17251,#13947,#13948);
#12995=AXIS2_PLACEMENT_3D('',#17252,#13949,#13950);
#12996=AXIS2_PLACEMENT_3D('',#17261,#13955,#13956);
#12997=AXIS2_PLACEMENT_3D('',#17266,#13960,#13961);
#12998=AXIS2_PLACEMENT_3D('',#17270,#13964,#13965);
#12999=AXIS2_PLACEMENT_3D('',#17273,#13968,#13969);
#13000=AXIS2_PLACEMENT_3D('',#17277,#13972,#13973);
#13001=AXIS2_PLACEMENT_3D('',#17278,#13974,#13975);
#13002=AXIS2_PLACEMENT_3D('',#17282,#13977,#13978);
#13003=AXIS2_PLACEMENT_3D('',#17284,#13980,#13981);
#13004=AXIS2_PLACEMENT_3D('',#17285,#13982,#13983);
#13005=AXIS2_PLACEMENT_3D('',#17287,#13985,#13986);
#13006=AXIS2_PLACEMENT_3D('',#17288,#13987,#13988);
#13007=AXIS2_PLACEMENT_3D('',#17290,#13990,#13991);
#13008=AXIS2_PLACEMENT_3D('',#17291,#13992,#13993);
#13009=AXIS2_PLACEMENT_3D('',#17300,#13998,#13999);
#13010=AXIS2_PLACEMENT_3D('',#17306,#14003,#14004);
#13011=AXIS2_PLACEMENT_3D('',#17312,#14008,#14009);
#13012=AXIS2_PLACEMENT_3D('',#17315,#14012,#14013);
#13013=AXIS2_PLACEMENT_3D('',#17321,#14017,#14018);
#13014=AXIS2_PLACEMENT_3D('',#17325,#14020,#14021);
#13015=AXIS2_PLACEMENT_3D('',#17332,#14025,#14026);
#13016=AXIS2_PLACEMENT_3D('',#17333,#14027,#14028);
#13017=AXIS2_PLACEMENT_3D('',#17334,#14029,#14030);
#13018=AXIS2_PLACEMENT_3D('',#17343,#14035,#14036);
#13019=AXIS2_PLACEMENT_3D('',#17348,#14040,#14041);
#13020=AXIS2_PLACEMENT_3D('',#17352,#14044,#14045);
#13021=AXIS2_PLACEMENT_3D('',#17355,#14048,#14049);
#13022=AXIS2_PLACEMENT_3D('',#17359,#14052,#14053);
#13023=AXIS2_PLACEMENT_3D('',#17360,#14054,#14055);
#13024=AXIS2_PLACEMENT_3D('',#17364,#14057,#14058);
#13025=AXIS2_PLACEMENT_3D('',#17366,#14060,#14061);
#13026=AXIS2_PLACEMENT_3D('',#17367,#14062,#14063);
#13027=AXIS2_PLACEMENT_3D('',#17369,#14065,#14066);
#13028=AXIS2_PLACEMENT_3D('',#17370,#14067,#14068);
#13029=AXIS2_PLACEMENT_3D('',#17372,#14070,#14071);
#13030=AXIS2_PLACEMENT_3D('',#17373,#14072,#14073);
#13031=AXIS2_PLACEMENT_3D('',#17382,#14078,#14079);
#13032=AXIS2_PLACEMENT_3D('',#17388,#14083,#14084);
#13033=AXIS2_PLACEMENT_3D('',#17394,#14088,#14089);
#13034=AXIS2_PLACEMENT_3D('',#17397,#14092,#14093);
#13035=AXIS2_PLACEMENT_3D('',#17403,#14097,#14098);
#13036=AXIS2_PLACEMENT_3D('',#17407,#14100,#14101);
#13037=AXIS2_PLACEMENT_3D('',#17414,#14105,#14106);
#13038=AXIS2_PLACEMENT_3D('',#17415,#14107,#14108);
#13039=AXIS2_PLACEMENT_3D('',#17416,#14109,#14110);
#13040=AXIS2_PLACEMENT_3D('',#17425,#14115,#14116);
#13041=AXIS2_PLACEMENT_3D('',#17430,#14120,#14121);
#13042=AXIS2_PLACEMENT_3D('',#17434,#14124,#14125);
#13043=AXIS2_PLACEMENT_3D('',#17437,#14128,#14129);
#13044=AXIS2_PLACEMENT_3D('',#17441,#14132,#14133);
#13045=AXIS2_PLACEMENT_3D('',#17442,#14134,#14135);
#13046=AXIS2_PLACEMENT_3D('',#17446,#14137,#14138);
#13047=AXIS2_PLACEMENT_3D('',#17448,#14140,#14141);
#13048=AXIS2_PLACEMENT_3D('',#17449,#14142,#14143);
#13049=AXIS2_PLACEMENT_3D('',#17451,#14145,#14146);
#13050=AXIS2_PLACEMENT_3D('',#17452,#14147,#14148);
#13051=AXIS2_PLACEMENT_3D('',#17454,#14150,#14151);
#13052=AXIS2_PLACEMENT_3D('',#17455,#14152,#14153);
#13053=AXIS2_PLACEMENT_3D('',#17464,#14158,#14159);
#13054=AXIS2_PLACEMENT_3D('',#17470,#14163,#14164);
#13055=AXIS2_PLACEMENT_3D('',#17476,#14168,#14169);
#13056=AXIS2_PLACEMENT_3D('',#17479,#14172,#14173);
#13057=AXIS2_PLACEMENT_3D('',#17485,#14177,#14178);
#13058=AXIS2_PLACEMENT_3D('',#17489,#14180,#14181);
#13059=AXIS2_PLACEMENT_3D('',#17496,#14185,#14186);
#13060=AXIS2_PLACEMENT_3D('',#17497,#14187,#14188);
#13061=AXIS2_PLACEMENT_3D('',#17498,#14189,#14190);
#13062=AXIS2_PLACEMENT_3D('',#17507,#14195,#14196);
#13063=AXIS2_PLACEMENT_3D('',#17512,#14200,#14201);
#13064=AXIS2_PLACEMENT_3D('',#17516,#14204,#14205);
#13065=AXIS2_PLACEMENT_3D('',#17519,#14208,#14209);
#13066=AXIS2_PLACEMENT_3D('',#17523,#14212,#14213);
#13067=AXIS2_PLACEMENT_3D('',#17524,#14214,#14215);
#13068=AXIS2_PLACEMENT_3D('',#17528,#14217,#14218);
#13069=AXIS2_PLACEMENT_3D('',#17530,#14220,#14221);
#13070=AXIS2_PLACEMENT_3D('',#17531,#14222,#14223);
#13071=AXIS2_PLACEMENT_3D('',#17533,#14225,#14226);
#13072=AXIS2_PLACEMENT_3D('',#17534,#14227,#14228);
#13073=AXIS2_PLACEMENT_3D('',#17536,#14230,#14231);
#13074=AXIS2_PLACEMENT_3D('',#17537,#14232,#14233);
#13075=AXIS2_PLACEMENT_3D('',#17546,#14238,#14239);
#13076=AXIS2_PLACEMENT_3D('',#17552,#14243,#14244);
#13077=AXIS2_PLACEMENT_3D('',#17558,#14248,#14249);
#13078=AXIS2_PLACEMENT_3D('',#17561,#14252,#14253);
#13079=AXIS2_PLACEMENT_3D('',#17567,#14257,#14258);
#13080=AXIS2_PLACEMENT_3D('',#17571,#14260,#14261);
#13081=AXIS2_PLACEMENT_3D('',#17578,#14265,#14266);
#13082=AXIS2_PLACEMENT_3D('',#17579,#14267,#14268);
#13083=AXIS2_PLACEMENT_3D('',#17580,#14269,#14270);
#13084=AXIS2_PLACEMENT_3D('',#17589,#14275,#14276);
#13085=AXIS2_PLACEMENT_3D('',#17594,#14280,#14281);
#13086=AXIS2_PLACEMENT_3D('',#17598,#14284,#14285);
#13087=AXIS2_PLACEMENT_3D('',#17601,#14288,#14289);
#13088=AXIS2_PLACEMENT_3D('',#17605,#14292,#14293);
#13089=AXIS2_PLACEMENT_3D('',#17606,#14294,#14295);
#13090=AXIS2_PLACEMENT_3D('',#17610,#14297,#14298);
#13091=AXIS2_PLACEMENT_3D('',#17612,#14300,#14301);
#13092=AXIS2_PLACEMENT_3D('',#17613,#14302,#14303);
#13093=AXIS2_PLACEMENT_3D('',#17615,#14305,#14306);
#13094=AXIS2_PLACEMENT_3D('',#17616,#14307,#14308);
#13095=AXIS2_PLACEMENT_3D('',#17618,#14310,#14311);
#13096=AXIS2_PLACEMENT_3D('',#17619,#14312,#14313);
#13097=AXIS2_PLACEMENT_3D('',#17628,#14318,#14319);
#13098=AXIS2_PLACEMENT_3D('',#17634,#14323,#14324);
#13099=AXIS2_PLACEMENT_3D('',#17640,#14328,#14329);
#13100=AXIS2_PLACEMENT_3D('',#17643,#14332,#14333);
#13101=AXIS2_PLACEMENT_3D('',#17649,#14337,#14338);
#13102=AXIS2_PLACEMENT_3D('',#17653,#14340,#14341);
#13103=AXIS2_PLACEMENT_3D('',#17660,#14345,#14346);
#13104=AXIS2_PLACEMENT_3D('',#17661,#14347,#14348);
#13105=AXIS2_PLACEMENT_3D('',#17662,#14349,#14350);
#13106=AXIS2_PLACEMENT_3D('',#17671,#14355,#14356);
#13107=AXIS2_PLACEMENT_3D('',#17676,#14360,#14361);
#13108=AXIS2_PLACEMENT_3D('',#17680,#14364,#14365);
#13109=AXIS2_PLACEMENT_3D('',#17683,#14368,#14369);
#13110=AXIS2_PLACEMENT_3D('',#17687,#14372,#14373);
#13111=AXIS2_PLACEMENT_3D('',#17688,#14374,#14375);
#13112=AXIS2_PLACEMENT_3D('',#17692,#14377,#14378);
#13113=AXIS2_PLACEMENT_3D('',#17694,#14380,#14381);
#13114=AXIS2_PLACEMENT_3D('',#17695,#14382,#14383);
#13115=AXIS2_PLACEMENT_3D('',#17697,#14385,#14386);
#13116=AXIS2_PLACEMENT_3D('',#17698,#14387,#14388);
#13117=AXIS2_PLACEMENT_3D('',#17700,#14390,#14391);
#13118=AXIS2_PLACEMENT_3D('',#17701,#14392,#14393);
#13119=AXIS2_PLACEMENT_3D('',#17710,#14398,#14399);
#13120=AXIS2_PLACEMENT_3D('',#17716,#14403,#14404);
#13121=AXIS2_PLACEMENT_3D('',#17722,#14408,#14409);
#13122=AXIS2_PLACEMENT_3D('',#17725,#14412,#14413);
#13123=AXIS2_PLACEMENT_3D('',#17731,#14417,#14418);
#13124=AXIS2_PLACEMENT_3D('',#17735,#14420,#14421);
#13125=AXIS2_PLACEMENT_3D('',#17742,#14425,#14426);
#13126=AXIS2_PLACEMENT_3D('',#17743,#14427,#14428);
#13127=AXIS2_PLACEMENT_3D('',#17744,#14429,#14430);
#13128=AXIS2_PLACEMENT_3D('',#17753,#14435,#14436);
#13129=AXIS2_PLACEMENT_3D('',#17758,#14440,#14441);
#13130=AXIS2_PLACEMENT_3D('',#17762,#14444,#14445);
#13131=AXIS2_PLACEMENT_3D('',#17765,#14448,#14449);
#13132=AXIS2_PLACEMENT_3D('',#17769,#14452,#14453);
#13133=AXIS2_PLACEMENT_3D('',#17770,#14454,#14455);
#13134=AXIS2_PLACEMENT_3D('',#17774,#14457,#14458);
#13135=AXIS2_PLACEMENT_3D('',#17776,#14460,#14461);
#13136=AXIS2_PLACEMENT_3D('',#17777,#14462,#14463);
#13137=AXIS2_PLACEMENT_3D('',#17779,#14465,#14466);
#13138=AXIS2_PLACEMENT_3D('',#17780,#14467,#14468);
#13139=AXIS2_PLACEMENT_3D('',#17782,#14470,#14471);
#13140=AXIS2_PLACEMENT_3D('',#17783,#14472,#14473);
#13141=AXIS2_PLACEMENT_3D('',#17792,#14478,#14479);
#13142=AXIS2_PLACEMENT_3D('',#17798,#14483,#14484);
#13143=AXIS2_PLACEMENT_3D('',#17804,#14488,#14489);
#13144=AXIS2_PLACEMENT_3D('',#17807,#14492,#14493);
#13145=AXIS2_PLACEMENT_3D('',#17813,#14497,#14498);
#13146=AXIS2_PLACEMENT_3D('',#17817,#14500,#14501);
#13147=AXIS2_PLACEMENT_3D('',#17824,#14505,#14506);
#13148=AXIS2_PLACEMENT_3D('',#17825,#14507,#14508);
#13149=AXIS2_PLACEMENT_3D('',#17826,#14509,#14510);
#13150=AXIS2_PLACEMENT_3D('',#17835,#14515,#14516);
#13151=AXIS2_PLACEMENT_3D('',#17840,#14520,#14521);
#13152=AXIS2_PLACEMENT_3D('',#17844,#14524,#14525);
#13153=AXIS2_PLACEMENT_3D('',#17847,#14528,#14529);
#13154=AXIS2_PLACEMENT_3D('',#17851,#14532,#14533);
#13155=AXIS2_PLACEMENT_3D('',#17852,#14534,#14535);
#13156=AXIS2_PLACEMENT_3D('',#17856,#14537,#14538);
#13157=AXIS2_PLACEMENT_3D('',#17858,#14540,#14541);
#13158=AXIS2_PLACEMENT_3D('',#17859,#14542,#14543);
#13159=AXIS2_PLACEMENT_3D('',#17861,#14545,#14546);
#13160=AXIS2_PLACEMENT_3D('',#17862,#14547,#14548);
#13161=AXIS2_PLACEMENT_3D('',#17864,#14550,#14551);
#13162=AXIS2_PLACEMENT_3D('',#17865,#14552,#14553);
#13163=AXIS2_PLACEMENT_3D('',#17874,#14558,#14559);
#13164=AXIS2_PLACEMENT_3D('',#17880,#14563,#14564);
#13165=AXIS2_PLACEMENT_3D('',#17886,#14568,#14569);
#13166=AXIS2_PLACEMENT_3D('',#17889,#14572,#14573);
#13167=AXIS2_PLACEMENT_3D('',#17895,#14577,#14578);
#13168=AXIS2_PLACEMENT_3D('',#17899,#14580,#14581);
#13169=AXIS2_PLACEMENT_3D('',#17906,#14585,#14586);
#13170=AXIS2_PLACEMENT_3D('',#17907,#14587,#14588);
#13171=AXIS2_PLACEMENT_3D('',#17908,#14589,#14590);
#13172=AXIS2_PLACEMENT_3D('',#17917,#14595,#14596);
#13173=AXIS2_PLACEMENT_3D('',#17922,#14600,#14601);
#13174=AXIS2_PLACEMENT_3D('',#17926,#14604,#14605);
#13175=AXIS2_PLACEMENT_3D('',#17929,#14608,#14609);
#13176=AXIS2_PLACEMENT_3D('',#17933,#14612,#14613);
#13177=AXIS2_PLACEMENT_3D('',#17934,#14614,#14615);
#13178=AXIS2_PLACEMENT_3D('',#17938,#14617,#14618);
#13179=AXIS2_PLACEMENT_3D('',#17940,#14620,#14621);
#13180=AXIS2_PLACEMENT_3D('',#17941,#14622,#14623);
#13181=AXIS2_PLACEMENT_3D('',#17943,#14625,#14626);
#13182=AXIS2_PLACEMENT_3D('',#17944,#14627,#14628);
#13183=AXIS2_PLACEMENT_3D('',#17946,#14630,#14631);
#13184=AXIS2_PLACEMENT_3D('',#17947,#14632,#14633);
#13185=AXIS2_PLACEMENT_3D('',#17956,#14638,#14639);
#13186=AXIS2_PLACEMENT_3D('',#17962,#14643,#14644);
#13187=AXIS2_PLACEMENT_3D('',#17968,#14648,#14649);
#13188=AXIS2_PLACEMENT_3D('',#17971,#14652,#14653);
#13189=AXIS2_PLACEMENT_3D('',#17977,#14657,#14658);
#13190=AXIS2_PLACEMENT_3D('',#17981,#14660,#14661);
#13191=AXIS2_PLACEMENT_3D('',#17988,#14665,#14666);
#13192=AXIS2_PLACEMENT_3D('',#17989,#14667,#14668);
#13193=AXIS2_PLACEMENT_3D('',#17990,#14669,#14670);
#13194=AXIS2_PLACEMENT_3D('',#17999,#14675,#14676);
#13195=AXIS2_PLACEMENT_3D('',#18004,#14680,#14681);
#13196=AXIS2_PLACEMENT_3D('',#18008,#14684,#14685);
#13197=AXIS2_PLACEMENT_3D('',#18011,#14688,#14689);
#13198=AXIS2_PLACEMENT_3D('',#18015,#14692,#14693);
#13199=AXIS2_PLACEMENT_3D('',#18016,#14694,#14695);
#13200=AXIS2_PLACEMENT_3D('',#18020,#14697,#14698);
#13201=AXIS2_PLACEMENT_3D('',#18022,#14700,#14701);
#13202=AXIS2_PLACEMENT_3D('',#18023,#14702,#14703);
#13203=AXIS2_PLACEMENT_3D('',#18025,#14705,#14706);
#13204=AXIS2_PLACEMENT_3D('',#18026,#14707,#14708);
#13205=AXIS2_PLACEMENT_3D('',#18028,#14710,#14711);
#13206=AXIS2_PLACEMENT_3D('',#18029,#14712,#14713);
#13207=AXIS2_PLACEMENT_3D('',#18038,#14718,#14719);
#13208=AXIS2_PLACEMENT_3D('',#18044,#14723,#14724);
#13209=AXIS2_PLACEMENT_3D('',#18050,#14728,#14729);
#13210=AXIS2_PLACEMENT_3D('',#18053,#14732,#14733);
#13211=AXIS2_PLACEMENT_3D('',#18059,#14737,#14738);
#13212=AXIS2_PLACEMENT_3D('',#18063,#14740,#14741);
#13213=AXIS2_PLACEMENT_3D('',#18070,#14745,#14746);
#13214=AXIS2_PLACEMENT_3D('',#18071,#14747,#14748);
#13215=AXIS2_PLACEMENT_3D('',#18072,#14749,#14750);
#13216=AXIS2_PLACEMENT_3D('',#18081,#14755,#14756);
#13217=AXIS2_PLACEMENT_3D('',#18086,#14760,#14761);
#13218=AXIS2_PLACEMENT_3D('',#18090,#14764,#14765);
#13219=AXIS2_PLACEMENT_3D('',#18093,#14768,#14769);
#13220=AXIS2_PLACEMENT_3D('',#18097,#14772,#14773);
#13221=AXIS2_PLACEMENT_3D('',#18098,#14774,#14775);
#13222=AXIS2_PLACEMENT_3D('',#18102,#14777,#14778);
#13223=AXIS2_PLACEMENT_3D('',#18104,#14780,#14781);
#13224=AXIS2_PLACEMENT_3D('',#18105,#14782,#14783);
#13225=AXIS2_PLACEMENT_3D('',#18107,#14785,#14786);
#13226=AXIS2_PLACEMENT_3D('',#18108,#14787,#14788);
#13227=AXIS2_PLACEMENT_3D('',#18110,#14790,#14791);
#13228=AXIS2_PLACEMENT_3D('',#18111,#14792,#14793);
#13229=AXIS2_PLACEMENT_3D('',#18120,#14798,#14799);
#13230=AXIS2_PLACEMENT_3D('',#18126,#14803,#14804);
#13231=AXIS2_PLACEMENT_3D('',#18132,#14808,#14809);
#13232=AXIS2_PLACEMENT_3D('',#18135,#14812,#14813);
#13233=AXIS2_PLACEMENT_3D('',#18141,#14817,#14818);
#13234=AXIS2_PLACEMENT_3D('',#18145,#14820,#14821);
#13235=AXIS2_PLACEMENT_3D('',#18152,#14825,#14826);
#13236=AXIS2_PLACEMENT_3D('',#18153,#14827,#14828);
#13237=AXIS2_PLACEMENT_3D('',#18154,#14829,#14830);
#13238=AXIS2_PLACEMENT_3D('',#18163,#14835,#14836);
#13239=AXIS2_PLACEMENT_3D('',#18168,#14840,#14841);
#13240=AXIS2_PLACEMENT_3D('',#18172,#14844,#14845);
#13241=AXIS2_PLACEMENT_3D('',#18175,#14848,#14849);
#13242=AXIS2_PLACEMENT_3D('',#18179,#14852,#14853);
#13243=AXIS2_PLACEMENT_3D('',#18180,#14854,#14855);
#13244=AXIS2_PLACEMENT_3D('',#18184,#14857,#14858);
#13245=AXIS2_PLACEMENT_3D('',#18186,#14860,#14861);
#13246=AXIS2_PLACEMENT_3D('',#18187,#14862,#14863);
#13247=AXIS2_PLACEMENT_3D('',#18189,#14865,#14866);
#13248=AXIS2_PLACEMENT_3D('',#18190,#14867,#14868);
#13249=AXIS2_PLACEMENT_3D('',#18192,#14870,#14871);
#13250=AXIS2_PLACEMENT_3D('',#18193,#14872,#14873);
#13251=AXIS2_PLACEMENT_3D('',#18202,#14878,#14879);
#13252=AXIS2_PLACEMENT_3D('',#18208,#14883,#14884);
#13253=AXIS2_PLACEMENT_3D('',#18214,#14888,#14889);
#13254=AXIS2_PLACEMENT_3D('',#18217,#14892,#14893);
#13255=AXIS2_PLACEMENT_3D('',#18223,#14897,#14898);
#13256=AXIS2_PLACEMENT_3D('',#18227,#14900,#14901);
#13257=AXIS2_PLACEMENT_3D('',#18234,#14905,#14906);
#13258=AXIS2_PLACEMENT_3D('',#18235,#14907,#14908);
#13259=AXIS2_PLACEMENT_3D('',#18236,#14909,#14910);
#13260=AXIS2_PLACEMENT_3D('',#18245,#14915,#14916);
#13261=AXIS2_PLACEMENT_3D('',#18250,#14920,#14921);
#13262=AXIS2_PLACEMENT_3D('',#18254,#14924,#14925);
#13263=AXIS2_PLACEMENT_3D('',#18257,#14928,#14929);
#13264=AXIS2_PLACEMENT_3D('',#18261,#14932,#14933);
#13265=AXIS2_PLACEMENT_3D('',#18262,#14934,#14935);
#13266=AXIS2_PLACEMENT_3D('',#18266,#14937,#14938);
#13267=AXIS2_PLACEMENT_3D('',#18268,#14940,#14941);
#13268=AXIS2_PLACEMENT_3D('',#18269,#14942,#14943);
#13269=AXIS2_PLACEMENT_3D('',#18271,#14945,#14946);
#13270=AXIS2_PLACEMENT_3D('',#18272,#14947,#14948);
#13271=AXIS2_PLACEMENT_3D('',#18274,#14950,#14951);
#13272=AXIS2_PLACEMENT_3D('',#18275,#14952,#14953);
#13273=AXIS2_PLACEMENT_3D('',#18284,#14958,#14959);
#13274=AXIS2_PLACEMENT_3D('',#18290,#14963,#14964);
#13275=AXIS2_PLACEMENT_3D('',#18296,#14968,#14969);
#13276=AXIS2_PLACEMENT_3D('',#18299,#14972,#14973);
#13277=AXIS2_PLACEMENT_3D('',#18305,#14977,#14978);
#13278=AXIS2_PLACEMENT_3D('',#18309,#14980,#14981);
#13279=AXIS2_PLACEMENT_3D('',#18316,#14985,#14986);
#13280=AXIS2_PLACEMENT_3D('',#18317,#14987,#14988);
#13281=AXIS2_PLACEMENT_3D('',#18318,#14989,#14990);
#13282=AXIS2_PLACEMENT_3D('',#18327,#14995,#14996);
#13283=AXIS2_PLACEMENT_3D('',#18332,#15000,#15001);
#13284=AXIS2_PLACEMENT_3D('',#18336,#15004,#15005);
#13285=AXIS2_PLACEMENT_3D('',#18339,#15008,#15009);
#13286=AXIS2_PLACEMENT_3D('',#18343,#15012,#15013);
#13287=AXIS2_PLACEMENT_3D('',#18344,#15014,#15015);
#13288=AXIS2_PLACEMENT_3D('',#18348,#15017,#15018);
#13289=AXIS2_PLACEMENT_3D('',#18350,#15020,#15021);
#13290=AXIS2_PLACEMENT_3D('',#18351,#15022,#15023);
#13291=AXIS2_PLACEMENT_3D('',#18353,#15025,#15026);
#13292=AXIS2_PLACEMENT_3D('',#18354,#15027,#15028);
#13293=AXIS2_PLACEMENT_3D('',#18356,#15030,#15031);
#13294=AXIS2_PLACEMENT_3D('',#18357,#15032,#15033);
#13295=AXIS2_PLACEMENT_3D('',#18366,#15038,#15039);
#13296=AXIS2_PLACEMENT_3D('',#18372,#15043,#15044);
#13297=AXIS2_PLACEMENT_3D('',#18378,#15048,#15049);
#13298=AXIS2_PLACEMENT_3D('',#18381,#15052,#15053);
#13299=AXIS2_PLACEMENT_3D('',#18387,#15057,#15058);
#13300=AXIS2_PLACEMENT_3D('',#18391,#15060,#15061);
#13301=AXIS2_PLACEMENT_3D('',#18398,#15065,#15066);
#13302=AXIS2_PLACEMENT_3D('',#18399,#15067,#15068);
#13303=AXIS2_PLACEMENT_3D('',#18400,#15069,#15070);
#13304=AXIS2_PLACEMENT_3D('',#18409,#15075,#15076);
#13305=AXIS2_PLACEMENT_3D('',#18414,#15080,#15081);
#13306=AXIS2_PLACEMENT_3D('',#18418,#15084,#15085);
#13307=AXIS2_PLACEMENT_3D('',#18421,#15088,#15089);
#13308=AXIS2_PLACEMENT_3D('',#18425,#15092,#15093);
#13309=AXIS2_PLACEMENT_3D('',#18426,#15094,#15095);
#13310=AXIS2_PLACEMENT_3D('',#18430,#15097,#15098);
#13311=AXIS2_PLACEMENT_3D('',#18432,#15100,#15101);
#13312=AXIS2_PLACEMENT_3D('',#18433,#15102,#15103);
#13313=AXIS2_PLACEMENT_3D('',#18435,#15105,#15106);
#13314=AXIS2_PLACEMENT_3D('',#18436,#15107,#15108);
#13315=AXIS2_PLACEMENT_3D('',#18438,#15110,#15111);
#13316=AXIS2_PLACEMENT_3D('',#18439,#15112,#15113);
#13317=AXIS2_PLACEMENT_3D('',#18448,#15118,#15119);
#13318=AXIS2_PLACEMENT_3D('',#18454,#15123,#15124);
#13319=AXIS2_PLACEMENT_3D('',#18460,#15128,#15129);
#13320=AXIS2_PLACEMENT_3D('',#18463,#15132,#15133);
#13321=AXIS2_PLACEMENT_3D('',#18469,#15137,#15138);
#13322=AXIS2_PLACEMENT_3D('',#18473,#15140,#15141);
#13323=AXIS2_PLACEMENT_3D('',#18480,#15145,#15146);
#13324=AXIS2_PLACEMENT_3D('',#18481,#15147,#15148);
#13325=AXIS2_PLACEMENT_3D('',#18482,#15149,#15150);
#13326=AXIS2_PLACEMENT_3D('',#18491,#15155,#15156);
#13327=AXIS2_PLACEMENT_3D('',#18496,#15160,#15161);
#13328=AXIS2_PLACEMENT_3D('',#18500,#15164,#15165);
#13329=AXIS2_PLACEMENT_3D('',#18503,#15168,#15169);
#13330=AXIS2_PLACEMENT_3D('',#18507,#15172,#15173);
#13331=AXIS2_PLACEMENT_3D('',#18508,#15174,#15175);
#13332=AXIS2_PLACEMENT_3D('',#18512,#15177,#15178);
#13333=AXIS2_PLACEMENT_3D('',#18514,#15180,#15181);
#13334=AXIS2_PLACEMENT_3D('',#18515,#15182,#15183);
#13335=AXIS2_PLACEMENT_3D('',#18517,#15185,#15186);
#13336=AXIS2_PLACEMENT_3D('',#18518,#15187,#15188);
#13337=AXIS2_PLACEMENT_3D('',#18520,#15190,#15191);
#13338=AXIS2_PLACEMENT_3D('',#18521,#15192,#15193);
#13339=AXIS2_PLACEMENT_3D('',#18530,#15198,#15199);
#13340=AXIS2_PLACEMENT_3D('',#18536,#15203,#15204);
#13341=AXIS2_PLACEMENT_3D('',#18542,#15208,#15209);
#13342=AXIS2_PLACEMENT_3D('',#18545,#15212,#15213);
#13343=AXIS2_PLACEMENT_3D('',#18551,#15217,#15218);
#13344=AXIS2_PLACEMENT_3D('',#18555,#15220,#15221);
#13345=AXIS2_PLACEMENT_3D('',#18562,#15225,#15226);
#13346=AXIS2_PLACEMENT_3D('',#18563,#15227,#15228);
#13347=AXIS2_PLACEMENT_3D('',#18564,#15229,#15230);
#13348=AXIS2_PLACEMENT_3D('',#18573,#15235,#15236);
#13349=AXIS2_PLACEMENT_3D('',#18578,#15240,#15241);
#13350=AXIS2_PLACEMENT_3D('',#18582,#15244,#15245);
#13351=AXIS2_PLACEMENT_3D('',#18585,#15248,#15249);
#13352=AXIS2_PLACEMENT_3D('',#18589,#15252,#15253);
#13353=AXIS2_PLACEMENT_3D('',#18590,#15254,#15255);
#13354=AXIS2_PLACEMENT_3D('',#18594,#15257,#15258);
#13355=AXIS2_PLACEMENT_3D('',#18596,#15260,#15261);
#13356=AXIS2_PLACEMENT_3D('',#18597,#15262,#15263);
#13357=AXIS2_PLACEMENT_3D('',#18599,#15265,#15266);
#13358=AXIS2_PLACEMENT_3D('',#18600,#15267,#15268);
#13359=AXIS2_PLACEMENT_3D('',#18602,#15270,#15271);
#13360=AXIS2_PLACEMENT_3D('',#18603,#15272,#15273);
#13361=AXIS2_PLACEMENT_3D('',#18612,#15278,#15279);
#13362=AXIS2_PLACEMENT_3D('',#18618,#15283,#15284);
#13363=AXIS2_PLACEMENT_3D('',#18624,#15288,#15289);
#13364=AXIS2_PLACEMENT_3D('',#18627,#15292,#15293);
#13365=AXIS2_PLACEMENT_3D('',#18633,#15297,#15298);
#13366=AXIS2_PLACEMENT_3D('',#18637,#15300,#15301);
#13367=AXIS2_PLACEMENT_3D('',#18644,#15305,#15306);
#13368=AXIS2_PLACEMENT_3D('',#18645,#15307,#15308);
#13369=AXIS2_PLACEMENT_3D('',#18646,#15309,#15310);
#13370=AXIS2_PLACEMENT_3D('',#18655,#15315,#15316);
#13371=AXIS2_PLACEMENT_3D('',#18660,#15320,#15321);
#13372=AXIS2_PLACEMENT_3D('',#18664,#15324,#15325);
#13373=AXIS2_PLACEMENT_3D('',#18667,#15328,#15329);
#13374=AXIS2_PLACEMENT_3D('',#18671,#15332,#15333);
#13375=AXIS2_PLACEMENT_3D('',#18672,#15334,#15335);
#13376=AXIS2_PLACEMENT_3D('',#18676,#15337,#15338);
#13377=AXIS2_PLACEMENT_3D('',#18678,#15340,#15341);
#13378=AXIS2_PLACEMENT_3D('',#18679,#15342,#15343);
#13379=AXIS2_PLACEMENT_3D('',#18681,#15345,#15346);
#13380=AXIS2_PLACEMENT_3D('',#18682,#15347,#15348);
#13381=AXIS2_PLACEMENT_3D('',#18684,#15350,#15351);
#13382=AXIS2_PLACEMENT_3D('',#18685,#15352,#15353);
#13383=AXIS2_PLACEMENT_3D('',#18694,#15358,#15359);
#13384=AXIS2_PLACEMENT_3D('',#18700,#15363,#15364);
#13385=AXIS2_PLACEMENT_3D('',#18706,#15368,#15369);
#13386=AXIS2_PLACEMENT_3D('',#18709,#15372,#15373);
#13387=AXIS2_PLACEMENT_3D('',#18715,#15377,#15378);
#13388=AXIS2_PLACEMENT_3D('',#18719,#15380,#15381);
#13389=AXIS2_PLACEMENT_3D('',#18726,#15385,#15386);
#13390=AXIS2_PLACEMENT_3D('',#18727,#15387,#15388);
#13391=AXIS2_PLACEMENT_3D('',#18728,#15389,#15390);
#13392=AXIS2_PLACEMENT_3D('',#18737,#15395,#15396);
#13393=AXIS2_PLACEMENT_3D('',#18742,#15400,#15401);
#13394=AXIS2_PLACEMENT_3D('',#18746,#15404,#15405);
#13395=AXIS2_PLACEMENT_3D('',#18749,#15408,#15409);
#13396=AXIS2_PLACEMENT_3D('',#18753,#15412,#15413);
#13397=AXIS2_PLACEMENT_3D('',#18754,#15414,#15415);
#13398=AXIS2_PLACEMENT_3D('',#18758,#15417,#15418);
#13399=AXIS2_PLACEMENT_3D('',#18760,#15420,#15421);
#13400=AXIS2_PLACEMENT_3D('',#18761,#15422,#15423);
#13401=AXIS2_PLACEMENT_3D('',#18763,#15425,#15426);
#13402=AXIS2_PLACEMENT_3D('',#18764,#15427,#15428);
#13403=AXIS2_PLACEMENT_3D('',#18766,#15430,#15431);
#13404=AXIS2_PLACEMENT_3D('',#18767,#15432,#15433);
#13405=AXIS2_PLACEMENT_3D('',#18784,#15442,#15443);
#13406=AXIS2_PLACEMENT_3D('',#18790,#15447,#15448);
#13407=AXIS2_PLACEMENT_3D('',#18796,#15452,#15453);
#13408=AXIS2_PLACEMENT_3D('',#18806,#15459,#15460);
#13409=AXIS2_PLACEMENT_3D('',#18814,#15465,#15466);
#13410=AXIS2_PLACEMENT_3D('',#18820,#15470,#15471);
#13411=AXIS2_PLACEMENT_3D('',#18824,#15474,#15475);
#13412=AXIS2_PLACEMENT_3D('',#18830,#15479,#15480);
#13413=AXIS2_PLACEMENT_3D('',#18836,#15484,#15485);
#13414=AXIS2_PLACEMENT_3D('',#18842,#15489,#15490);
#13415=AXIS2_PLACEMENT_3D('',#18846,#15493,#15494);
#13416=AXIS2_PLACEMENT_3D('',#18850,#15497,#15498);
#13417=AXIS2_PLACEMENT_3D('',#18854,#15501,#15502);
#13418=AXIS2_PLACEMENT_3D('',#18858,#15505,#15506);
#13419=AXIS2_PLACEMENT_3D('',#18860,#15508,#15509);
#13420=AXIS2_PLACEMENT_3D('',#18862,#15511,#15512);
#13421=AXIS2_PLACEMENT_3D('',#18864,#15514,#15515);
#13422=AXIS2_PLACEMENT_3D('',#18865,#15516,#15517);
#13423=AXIS2_PLACEMENT_3D('',#18882,#15526,#15527);
#13424=AXIS2_PLACEMENT_3D('',#18888,#15531,#15532);
#13425=AXIS2_PLACEMENT_3D('',#18894,#15536,#15537);
#13426=AXIS2_PLACEMENT_3D('',#18904,#15543,#15544);
#13427=AXIS2_PLACEMENT_3D('',#18912,#15549,#15550);
#13428=AXIS2_PLACEMENT_3D('',#18918,#15554,#15555);
#13429=AXIS2_PLACEMENT_3D('',#18922,#15558,#15559);
#13430=AXIS2_PLACEMENT_3D('',#18928,#15563,#15564);
#13431=AXIS2_PLACEMENT_3D('',#18934,#15568,#15569);
#13432=AXIS2_PLACEMENT_3D('',#18940,#15573,#15574);
#13433=AXIS2_PLACEMENT_3D('',#18944,#15577,#15578);
#13434=AXIS2_PLACEMENT_3D('',#18948,#15581,#15582);
#13435=AXIS2_PLACEMENT_3D('',#18952,#15585,#15586);
#13436=AXIS2_PLACEMENT_3D('',#18956,#15589,#15590);
#13437=AXIS2_PLACEMENT_3D('',#18958,#15592,#15593);
#13438=AXIS2_PLACEMENT_3D('',#18960,#15595,#15596);
#13439=AXIS2_PLACEMENT_3D('',#18962,#15598,#15599);
#13440=AXIS2_PLACEMENT_3D('',#18963,#15600,#15601);
#13441=AXIS2_PLACEMENT_3D('',#18980,#15610,#15611);
#13442=AXIS2_PLACEMENT_3D('',#18986,#15615,#15616);
#13443=AXIS2_PLACEMENT_3D('',#18992,#15620,#15621);
#13444=AXIS2_PLACEMENT_3D('',#19002,#15627,#15628);
#13445=AXIS2_PLACEMENT_3D('',#19010,#15633,#15634);
#13446=AXIS2_PLACEMENT_3D('',#19016,#15638,#15639);
#13447=AXIS2_PLACEMENT_3D('',#19020,#15642,#15643);
#13448=AXIS2_PLACEMENT_3D('',#19026,#15647,#15648);
#13449=AXIS2_PLACEMENT_3D('',#19032,#15652,#15653);
#13450=AXIS2_PLACEMENT_3D('',#19038,#15657,#15658);
#13451=AXIS2_PLACEMENT_3D('',#19042,#15661,#15662);
#13452=AXIS2_PLACEMENT_3D('',#19046,#15665,#15666);
#13453=AXIS2_PLACEMENT_3D('',#19050,#15669,#15670);
#13454=AXIS2_PLACEMENT_3D('',#19054,#15673,#15674);
#13455=AXIS2_PLACEMENT_3D('',#19056,#15676,#15677);
#13456=AXIS2_PLACEMENT_3D('',#19058,#15679,#15680);
#13457=AXIS2_PLACEMENT_3D('',#19060,#15682,#15683);
#13458=AXIS2_PLACEMENT_3D('',#19061,#15684,#15685);
#13459=AXIS2_PLACEMENT_3D('',#19078,#15694,#15695);
#13460=AXIS2_PLACEMENT_3D('',#19084,#15699,#15700);
#13461=AXIS2_PLACEMENT_3D('',#19090,#15704,#15705);
#13462=AXIS2_PLACEMENT_3D('',#19100,#15711,#15712);
#13463=AXIS2_PLACEMENT_3D('',#19108,#15717,#15718);
#13464=AXIS2_PLACEMENT_3D('',#19114,#15722,#15723);
#13465=AXIS2_PLACEMENT_3D('',#19118,#15726,#15727);
#13466=AXIS2_PLACEMENT_3D('',#19124,#15731,#15732);
#13467=AXIS2_PLACEMENT_3D('',#19130,#15736,#15737);
#13468=AXIS2_PLACEMENT_3D('',#19136,#15741,#15742);
#13469=AXIS2_PLACEMENT_3D('',#19140,#15745,#15746);
#13470=AXIS2_PLACEMENT_3D('',#19144,#15749,#15750);
#13471=AXIS2_PLACEMENT_3D('',#19148,#15753,#15754);
#13472=AXIS2_PLACEMENT_3D('',#19152,#15757,#15758);
#13473=AXIS2_PLACEMENT_3D('',#19154,#15760,#15761);
#13474=AXIS2_PLACEMENT_3D('',#19156,#15763,#15764);
#13475=AXIS2_PLACEMENT_3D('',#19158,#15766,#15767);
#13476=AXIS2_PLACEMENT_3D('',#19159,#15768,#15769);
#13477=AXIS2_PLACEMENT_3D('',#19176,#15778,#15779);
#13478=AXIS2_PLACEMENT_3D('',#19182,#15783,#15784);
#13479=AXIS2_PLACEMENT_3D('',#19188,#15788,#15789);
#13480=AXIS2_PLACEMENT_3D('',#19198,#15795,#15796);
#13481=AXIS2_PLACEMENT_3D('',#19206,#15801,#15802);
#13482=AXIS2_PLACEMENT_3D('',#19212,#15806,#15807);
#13483=AXIS2_PLACEMENT_3D('',#19216,#15810,#15811);
#13484=AXIS2_PLACEMENT_3D('',#19222,#15815,#15816);
#13485=AXIS2_PLACEMENT_3D('',#19228,#15820,#15821);
#13486=AXIS2_PLACEMENT_3D('',#19234,#15825,#15826);
#13487=AXIS2_PLACEMENT_3D('',#19238,#15829,#15830);
#13488=AXIS2_PLACEMENT_3D('',#19242,#15833,#15834);
#13489=AXIS2_PLACEMENT_3D('',#19246,#15837,#15838);
#13490=AXIS2_PLACEMENT_3D('',#19250,#15841,#15842);
#13491=AXIS2_PLACEMENT_3D('',#19252,#15844,#15845);
#13492=AXIS2_PLACEMENT_3D('',#19254,#15847,#15848);
#13493=AXIS2_PLACEMENT_3D('',#19256,#15850,#15851);
#13494=AXIS2_PLACEMENT_3D('',#19257,#15852,#15853);
#13495=AXIS2_PLACEMENT_3D('',#19274,#15862,#15863);
#13496=AXIS2_PLACEMENT_3D('',#19280,#15867,#15868);
#13497=AXIS2_PLACEMENT_3D('',#19286,#15872,#15873);
#13498=AXIS2_PLACEMENT_3D('',#19296,#15879,#15880);
#13499=AXIS2_PLACEMENT_3D('',#19304,#15885,#15886);
#13500=AXIS2_PLACEMENT_3D('',#19310,#15890,#15891);
#13501=AXIS2_PLACEMENT_3D('',#19314,#15894,#15895);
#13502=AXIS2_PLACEMENT_3D('',#19320,#15899,#15900);
#13503=AXIS2_PLACEMENT_3D('',#19326,#15904,#15905);
#13504=AXIS2_PLACEMENT_3D('',#19332,#15909,#15910);
#13505=AXIS2_PLACEMENT_3D('',#19336,#15913,#15914);
#13506=AXIS2_PLACEMENT_3D('',#19340,#15917,#15918);
#13507=AXIS2_PLACEMENT_3D('',#19344,#15921,#15922);
#13508=AXIS2_PLACEMENT_3D('',#19348,#15925,#15926);
#13509=AXIS2_PLACEMENT_3D('',#19350,#15928,#15929);
#13510=AXIS2_PLACEMENT_3D('',#19352,#15931,#15932);
#13511=AXIS2_PLACEMENT_3D('',#19354,#15934,#15935);
#13512=AXIS2_PLACEMENT_3D('',#19355,#15936,#15937);
#13513=AXIS2_PLACEMENT_3D('',#19372,#15946,#15947);
#13514=AXIS2_PLACEMENT_3D('',#19378,#15951,#15952);
#13515=AXIS2_PLACEMENT_3D('',#19384,#15956,#15957);
#13516=AXIS2_PLACEMENT_3D('',#19394,#15963,#15964);
#13517=AXIS2_PLACEMENT_3D('',#19402,#15969,#15970);
#13518=AXIS2_PLACEMENT_3D('',#19408,#15974,#15975);
#13519=AXIS2_PLACEMENT_3D('',#19412,#15978,#15979);
#13520=AXIS2_PLACEMENT_3D('',#19418,#15983,#15984);
#13521=AXIS2_PLACEMENT_3D('',#19424,#15988,#15989);
#13522=AXIS2_PLACEMENT_3D('',#19430,#15993,#15994);
#13523=AXIS2_PLACEMENT_3D('',#19434,#15997,#15998);
#13524=AXIS2_PLACEMENT_3D('',#19438,#16001,#16002);
#13525=AXIS2_PLACEMENT_3D('',#19442,#16005,#16006);
#13526=AXIS2_PLACEMENT_3D('',#19446,#16009,#16010);
#13527=AXIS2_PLACEMENT_3D('',#19448,#16012,#16013);
#13528=AXIS2_PLACEMENT_3D('',#19450,#16015,#16016);
#13529=AXIS2_PLACEMENT_3D('',#19452,#16018,#16019);
#13530=AXIS2_PLACEMENT_3D('',#19453,#16020,#16021);
#13531=AXIS2_PLACEMENT_3D('',#19470,#16030,#16031);
#13532=AXIS2_PLACEMENT_3D('',#19476,#16035,#16036);
#13533=AXIS2_PLACEMENT_3D('',#19482,#16040,#16041);
#13534=AXIS2_PLACEMENT_3D('',#19492,#16047,#16048);
#13535=AXIS2_PLACEMENT_3D('',#19500,#16053,#16054);
#13536=AXIS2_PLACEMENT_3D('',#19506,#16058,#16059);
#13537=AXIS2_PLACEMENT_3D('',#19510,#16062,#16063);
#13538=AXIS2_PLACEMENT_3D('',#19516,#16067,#16068);
#13539=AXIS2_PLACEMENT_3D('',#19522,#16072,#16073);
#13540=AXIS2_PLACEMENT_3D('',#19528,#16077,#16078);
#13541=AXIS2_PLACEMENT_3D('',#19532,#16081,#16082);
#13542=AXIS2_PLACEMENT_3D('',#19536,#16085,#16086);
#13543=AXIS2_PLACEMENT_3D('',#19540,#16089,#16090);
#13544=AXIS2_PLACEMENT_3D('',#19544,#16093,#16094);
#13545=AXIS2_PLACEMENT_3D('',#19546,#16096,#16097);
#13546=AXIS2_PLACEMENT_3D('',#19548,#16099,#16100);
#13547=AXIS2_PLACEMENT_3D('',#19550,#16102,#16103);
#13548=AXIS2_PLACEMENT_3D('',#19551,#16104,#16105);
#13549=AXIS2_PLACEMENT_3D('',#19568,#16114,#16115);
#13550=AXIS2_PLACEMENT_3D('',#19574,#16119,#16120);
#13551=AXIS2_PLACEMENT_3D('',#19580,#16124,#16125);
#13552=AXIS2_PLACEMENT_3D('',#19590,#16131,#16132);
#13553=AXIS2_PLACEMENT_3D('',#19598,#16137,#16138);
#13554=AXIS2_PLACEMENT_3D('',#19604,#16142,#16143);
#13555=AXIS2_PLACEMENT_3D('',#19608,#16146,#16147);
#13556=AXIS2_PLACEMENT_3D('',#19614,#16151,#16152);
#13557=AXIS2_PLACEMENT_3D('',#19620,#16156,#16157);
#13558=AXIS2_PLACEMENT_3D('',#19626,#16161,#16162);
#13559=AXIS2_PLACEMENT_3D('',#19630,#16165,#16166);
#13560=AXIS2_PLACEMENT_3D('',#19634,#16169,#16170);
#13561=AXIS2_PLACEMENT_3D('',#19638,#16173,#16174);
#13562=AXIS2_PLACEMENT_3D('',#19642,#16177,#16178);
#13563=AXIS2_PLACEMENT_3D('',#19644,#16180,#16181);
#13564=AXIS2_PLACEMENT_3D('',#19646,#16183,#16184);
#13565=AXIS2_PLACEMENT_3D('',#19648,#16186,#16187);
#13566=AXIS2_PLACEMENT_3D('',#19649,#16188,#16189);
#13567=AXIS2_PLACEMENT_3D('',#19666,#16198,#16199);
#13568=AXIS2_PLACEMENT_3D('',#19672,#16203,#16204);
#13569=AXIS2_PLACEMENT_3D('',#19678,#16208,#16209);
#13570=AXIS2_PLACEMENT_3D('',#19688,#16215,#16216);
#13571=AXIS2_PLACEMENT_3D('',#19696,#16221,#16222);
#13572=AXIS2_PLACEMENT_3D('',#19702,#16226,#16227);
#13573=AXIS2_PLACEMENT_3D('',#19706,#16230,#16231);
#13574=AXIS2_PLACEMENT_3D('',#19712,#16235,#16236);
#13575=AXIS2_PLACEMENT_3D('',#19718,#16240,#16241);
#13576=AXIS2_PLACEMENT_3D('',#19724,#16245,#16246);
#13577=AXIS2_PLACEMENT_3D('',#19728,#16249,#16250);
#13578=AXIS2_PLACEMENT_3D('',#19732,#16253,#16254);
#13579=AXIS2_PLACEMENT_3D('',#19736,#16257,#16258);
#13580=AXIS2_PLACEMENT_3D('',#19740,#16261,#16262);
#13581=AXIS2_PLACEMENT_3D('',#19742,#16264,#16265);
#13582=AXIS2_PLACEMENT_3D('',#19744,#16267,#16268);
#13583=AXIS2_PLACEMENT_3D('',#19746,#16270,#16271);
#13584=AXIS2_PLACEMENT_3D('',#19747,#16272,#16273);
#13585=AXIS2_PLACEMENT_3D('',#19764,#16282,#16283);
#13586=AXIS2_PLACEMENT_3D('',#19770,#16287,#16288);
#13587=AXIS2_PLACEMENT_3D('',#19776,#16292,#16293);
#13588=AXIS2_PLACEMENT_3D('',#19786,#16299,#16300);
#13589=AXIS2_PLACEMENT_3D('',#19794,#16305,#16306);
#13590=AXIS2_PLACEMENT_3D('',#19800,#16310,#16311);
#13591=AXIS2_PLACEMENT_3D('',#19804,#16314,#16315);
#13592=AXIS2_PLACEMENT_3D('',#19810,#16319,#16320);
#13593=AXIS2_PLACEMENT_3D('',#19816,#16324,#16325);
#13594=AXIS2_PLACEMENT_3D('',#19822,#16329,#16330);
#13595=AXIS2_PLACEMENT_3D('',#19826,#16333,#16334);
#13596=AXIS2_PLACEMENT_3D('',#19830,#16337,#16338);
#13597=AXIS2_PLACEMENT_3D('',#19834,#16341,#16342);
#13598=AXIS2_PLACEMENT_3D('',#19838,#16345,#16346);
#13599=AXIS2_PLACEMENT_3D('',#19840,#16348,#16349);
#13600=AXIS2_PLACEMENT_3D('',#19842,#16351,#16352);
#13601=AXIS2_PLACEMENT_3D('',#19844,#16354,#16355);
#13602=AXIS2_PLACEMENT_3D('',#19845,#16356,#16357);
#13603=AXIS2_PLACEMENT_3D('',#19862,#16366,#16367);
#13604=AXIS2_PLACEMENT_3D('',#19868,#16371,#16372);
#13605=AXIS2_PLACEMENT_3D('',#19874,#16376,#16377);
#13606=AXIS2_PLACEMENT_3D('',#19884,#16383,#16384);
#13607=AXIS2_PLACEMENT_3D('',#19892,#16389,#16390);
#13608=AXIS2_PLACEMENT_3D('',#19898,#16394,#16395);
#13609=AXIS2_PLACEMENT_3D('',#19902,#16398,#16399);
#13610=AXIS2_PLACEMENT_3D('',#19908,#16403,#16404);
#13611=AXIS2_PLACEMENT_3D('',#19914,#16408,#16409);
#13612=AXIS2_PLACEMENT_3D('',#19920,#16413,#16414);
#13613=AXIS2_PLACEMENT_3D('',#19924,#16417,#16418);
#13614=AXIS2_PLACEMENT_3D('',#19928,#16421,#16422);
#13615=AXIS2_PLACEMENT_3D('',#19932,#16425,#16426);
#13616=AXIS2_PLACEMENT_3D('',#19936,#16429,#16430);
#13617=AXIS2_PLACEMENT_3D('',#19938,#16432,#16433);
#13618=AXIS2_PLACEMENT_3D('',#19940,#16435,#16436);
#13619=AXIS2_PLACEMENT_3D('',#19942,#16438,#16439);
#13620=AXIS2_PLACEMENT_3D('',#19943,#16440,#16441);
#13621=AXIS2_PLACEMENT_3D('',#19960,#16450,#16451);
#13622=AXIS2_PLACEMENT_3D('',#19966,#16455,#16456);
#13623=AXIS2_PLACEMENT_3D('',#19972,#16460,#16461);
#13624=AXIS2_PLACEMENT_3D('',#19982,#16467,#16468);
#13625=AXIS2_PLACEMENT_3D('',#19990,#16473,#16474);
#13626=AXIS2_PLACEMENT_3D('',#19996,#16478,#16479);
#13627=AXIS2_PLACEMENT_3D('',#20000,#16482,#16483);
#13628=AXIS2_PLACEMENT_3D('',#20006,#16487,#16488);
#13629=AXIS2_PLACEMENT_3D('',#20012,#16492,#16493);
#13630=AXIS2_PLACEMENT_3D('',#20018,#16497,#16498);
#13631=AXIS2_PLACEMENT_3D('',#20022,#16501,#16502);
#13632=AXIS2_PLACEMENT_3D('',#20026,#16505,#16506);
#13633=AXIS2_PLACEMENT_3D('',#20030,#16509,#16510);
#13634=AXIS2_PLACEMENT_3D('',#20034,#16513,#16514);
#13635=AXIS2_PLACEMENT_3D('',#20036,#16516,#16517);
#13636=AXIS2_PLACEMENT_3D('',#20038,#16519,#16520);
#13637=AXIS2_PLACEMENT_3D('',#20040,#16522,#16523);
#13638=AXIS2_PLACEMENT_3D('',#20041,#16524,#16525);
#13639=AXIS2_PLACEMENT_3D('',#20058,#16534,#16535);
#13640=AXIS2_PLACEMENT_3D('',#20064,#16539,#16540);
#13641=AXIS2_PLACEMENT_3D('',#20070,#16544,#16545);
#13642=AXIS2_PLACEMENT_3D('',#20080,#16551,#16552);
#13643=AXIS2_PLACEMENT_3D('',#20088,#16557,#16558);
#13644=AXIS2_PLACEMENT_3D('',#20094,#16562,#16563);
#13645=AXIS2_PLACEMENT_3D('',#20098,#16566,#16567);
#13646=AXIS2_PLACEMENT_3D('',#20104,#16571,#16572);
#13647=AXIS2_PLACEMENT_3D('',#20110,#16576,#16577);
#13648=AXIS2_PLACEMENT_3D('',#20116,#16581,#16582);
#13649=AXIS2_PLACEMENT_3D('',#20120,#16585,#16586);
#13650=AXIS2_PLACEMENT_3D('',#20124,#16589,#16590);
#13651=AXIS2_PLACEMENT_3D('',#20128,#16593,#16594);
#13652=AXIS2_PLACEMENT_3D('',#20132,#16597,#16598);
#13653=AXIS2_PLACEMENT_3D('',#20134,#16600,#16601);
#13654=AXIS2_PLACEMENT_3D('',#20136,#16603,#16604);
#13655=AXIS2_PLACEMENT_3D('',#20138,#16606,#16607);
#13656=AXIS2_PLACEMENT_3D('',#20139,#16608,#16609);
#13657=AXIS2_PLACEMENT_3D('',#20156,#16618,#16619);
#13658=AXIS2_PLACEMENT_3D('',#20162,#16623,#16624);
#13659=AXIS2_PLACEMENT_3D('',#20168,#16628,#16629);
#13660=AXIS2_PLACEMENT_3D('',#20178,#16635,#16636);
#13661=AXIS2_PLACEMENT_3D('',#20186,#16641,#16642);
#13662=AXIS2_PLACEMENT_3D('',#20192,#16646,#16647);
#13663=AXIS2_PLACEMENT_3D('',#20196,#16650,#16651);
#13664=AXIS2_PLACEMENT_3D('',#20202,#16655,#16656);
#13665=AXIS2_PLACEMENT_3D('',#20208,#16660,#16661);
#13666=AXIS2_PLACEMENT_3D('',#20214,#16665,#16666);
#13667=AXIS2_PLACEMENT_3D('',#20218,#16669,#16670);
#13668=AXIS2_PLACEMENT_3D('',#20222,#16673,#16674);
#13669=AXIS2_PLACEMENT_3D('',#20226,#16677,#16678);
#13670=AXIS2_PLACEMENT_3D('',#20230,#16681,#16682);
#13671=AXIS2_PLACEMENT_3D('',#20232,#16684,#16685);
#13672=AXIS2_PLACEMENT_3D('',#20234,#16687,#16688);
#13673=AXIS2_PLACEMENT_3D('',#20236,#16690,#16691);
#13674=AXIS2_PLACEMENT_3D('',#20237,#16692,#16693);
#13675=AXIS2_PLACEMENT_3D('',#20254,#16702,#16703);
#13676=AXIS2_PLACEMENT_3D('',#20260,#16707,#16708);
#13677=AXIS2_PLACEMENT_3D('',#20266,#16712,#16713);
#13678=AXIS2_PLACEMENT_3D('',#20276,#16719,#16720);
#13679=AXIS2_PLACEMENT_3D('',#20284,#16725,#16726);
#13680=AXIS2_PLACEMENT_3D('',#20290,#16730,#16731);
#13681=AXIS2_PLACEMENT_3D('',#20294,#16734,#16735);
#13682=AXIS2_PLACEMENT_3D('',#20300,#16739,#16740);
#13683=AXIS2_PLACEMENT_3D('',#20306,#16744,#16745);
#13684=AXIS2_PLACEMENT_3D('',#20312,#16749,#16750);
#13685=AXIS2_PLACEMENT_3D('',#20316,#16753,#16754);
#13686=AXIS2_PLACEMENT_3D('',#20320,#16757,#16758);
#13687=AXIS2_PLACEMENT_3D('',#20324,#16761,#16762);
#13688=AXIS2_PLACEMENT_3D('',#20328,#16765,#16766);
#13689=AXIS2_PLACEMENT_3D('',#20330,#16768,#16769);
#13690=AXIS2_PLACEMENT_3D('',#20332,#16771,#16772);
#13691=AXIS2_PLACEMENT_3D('',#20334,#16774,#16775);
#13692=AXIS2_PLACEMENT_3D('',#20335,#16776,#16777);
#13693=AXIS2_PLACEMENT_3D('',#20352,#16786,#16787);
#13694=AXIS2_PLACEMENT_3D('',#20358,#16791,#16792);
#13695=AXIS2_PLACEMENT_3D('',#20364,#16796,#16797);
#13696=AXIS2_PLACEMENT_3D('',#20374,#16803,#16804);
#13697=AXIS2_PLACEMENT_3D('',#20382,#16809,#16810);
#13698=AXIS2_PLACEMENT_3D('',#20388,#16814,#16815);
#13699=AXIS2_PLACEMENT_3D('',#20392,#16818,#16819);
#13700=AXIS2_PLACEMENT_3D('',#20398,#16823,#16824);
#13701=AXIS2_PLACEMENT_3D('',#20404,#16828,#16829);
#13702=AXIS2_PLACEMENT_3D('',#20410,#16833,#16834);
#13703=AXIS2_PLACEMENT_3D('',#20414,#16837,#16838);
#13704=AXIS2_PLACEMENT_3D('',#20418,#16841,#16842);
#13705=AXIS2_PLACEMENT_3D('',#20422,#16845,#16846);
#13706=AXIS2_PLACEMENT_3D('',#20426,#16849,#16850);
#13707=AXIS2_PLACEMENT_3D('',#20428,#16852,#16853);
#13708=AXIS2_PLACEMENT_3D('',#20430,#16855,#16856);
#13709=AXIS2_PLACEMENT_3D('',#20432,#16858,#16859);
#13710=AXIS2_PLACEMENT_3D('',#20433,#16860,#16861);
#13711=AXIS2_PLACEMENT_3D('',#20450,#16870,#16871);
#13712=AXIS2_PLACEMENT_3D('',#20456,#16875,#16876);
#13713=AXIS2_PLACEMENT_3D('',#20462,#16880,#16881);
#13714=AXIS2_PLACEMENT_3D('',#20472,#16887,#16888);
#13715=AXIS2_PLACEMENT_3D('',#20480,#16893,#16894);
#13716=AXIS2_PLACEMENT_3D('',#20486,#16898,#16899);
#13717=AXIS2_PLACEMENT_3D('',#20490,#16902,#16903);
#13718=AXIS2_PLACEMENT_3D('',#20496,#16907,#16908);
#13719=AXIS2_PLACEMENT_3D('',#20502,#16912,#16913);
#13720=AXIS2_PLACEMENT_3D('',#20508,#16917,#16918);
#13721=AXIS2_PLACEMENT_3D('',#20512,#16921,#16922);
#13722=AXIS2_PLACEMENT_3D('',#20516,#16925,#16926);
#13723=AXIS2_PLACEMENT_3D('',#20520,#16929,#16930);
#13724=AXIS2_PLACEMENT_3D('',#20524,#16933,#16934);
#13725=AXIS2_PLACEMENT_3D('',#20526,#16936,#16937);
#13726=AXIS2_PLACEMENT_3D('',#20528,#16939,#16940);
#13727=AXIS2_PLACEMENT_3D('',#20530,#16942,#16943);
#13728=AXIS2_PLACEMENT_3D('',#20531,#16944,#16945);
#13729=AXIS2_PLACEMENT_3D('',#20548,#16954,#16955);
#13730=AXIS2_PLACEMENT_3D('',#20554,#16959,#16960);
#13731=AXIS2_PLACEMENT_3D('',#20560,#16964,#16965);
#13732=AXIS2_PLACEMENT_3D('',#20570,#16971,#16972);
#13733=AXIS2_PLACEMENT_3D('',#20578,#16977,#16978);
#13734=AXIS2_PLACEMENT_3D('',#20584,#16982,#16983);
#13735=AXIS2_PLACEMENT_3D('',#20588,#16986,#16987);
#13736=AXIS2_PLACEMENT_3D('',#20594,#16991,#16992);
#13737=AXIS2_PLACEMENT_3D('',#20600,#16996,#16997);
#13738=AXIS2_PLACEMENT_3D('',#20606,#17001,#17002);
#13739=AXIS2_PLACEMENT_3D('',#20610,#17005,#17006);
#13740=AXIS2_PLACEMENT_3D('',#20614,#17009,#17010);
#13741=AXIS2_PLACEMENT_3D('',#20618,#17013,#17014);
#13742=AXIS2_PLACEMENT_3D('',#20622,#17017,#17018);
#13743=AXIS2_PLACEMENT_3D('',#20624,#17020,#17021);
#13744=AXIS2_PLACEMENT_3D('',#20626,#17023,#17024);
#13745=AXIS2_PLACEMENT_3D('',#20628,#17026,#17027);
#13746=DIRECTION('axis',(0.,0.,1.));
#13747=DIRECTION('refdir',(1.,0.,0.));
#13748=DIRECTION('center_axis',(0.707106781186548,-0.707106781186548,0.));
#13749=DIRECTION('ref_axis',(0.,0.,-1.));
#13750=DIRECTION('',(0.,0.,-1.));
#13751=DIRECTION('',(0.577350269189626,0.577350269189626,-0.577350269189626));
#13752=DIRECTION('',(0.,0.,1.));
#13753=DIRECTION('',(-0.577350269189626,-0.577350269189626,-0.577350269189626));
#13754=DIRECTION('center_axis',(0.,-0.707106781186548,-0.707106781186548));
#13755=DIRECTION('ref_axis',(-1.,0.,0.));
#13756=DIRECTION('',(1.,0.,0.));
#13757=DIRECTION('',(-1.,0.,0.));
#13758=DIRECTION('',(-0.577350269189626,0.577350269189626,-0.577350269189626));
#13759=DIRECTION('center_axis',(-0.707106781186548,-0.707106781186548,0.));
#13760=DIRECTION('ref_axis',(0.,0.,1.));
#13761=DIRECTION('',(0.,0.,-1.));
#13762=DIRECTION('',(0.,0.,1.));
#13763=DIRECTION('',(-0.577350269189626,0.577350269189626,0.577350269189626));
#13764=DIRECTION('center_axis',(0.,-0.707106781186548,0.707106781186548));
#13765=DIRECTION('ref_axis',(1.,0.,0.));
#13766=DIRECTION('',(-1.,0.,0.));
#13767=DIRECTION('',(1.,0.,0.));
#13768=DIRECTION('center_axis',(0.,0.,1.));
#13769=DIRECTION('ref_axis',(1.,0.,0.));
#13770=DIRECTION('',(0.,1.,0.));
#13771=DIRECTION('',(1.,0.,0.));
#13772=DIRECTION('',(0.,1.,0.));
#13773=DIRECTION('center_axis',(1.,0.,0.));
#13774=DIRECTION('ref_axis',(0.,0.,-1.));
#13775=DIRECTION('',(0.,1.,0.));
#13776=DIRECTION('center_axis',(-1.,0.,0.));
#13777=DIRECTION('ref_axis',(0.,-2.7755575615629E-15,1.));
#13778=DIRECTION('',(0.,0.,-1.));
#13779=DIRECTION('',(0.,-1.,3.04739212899307E-15));
#13780=DIRECTION('',(0.,0.,-1.));
#13781=DIRECTION('center_axis',(-1.,0.,0.));
#13782=DIRECTION('ref_axis',(0.,-1.8503717077086E-15,1.));
#13783=DIRECTION('center_axis',(0.,1.,0.));
#13784=DIRECTION('ref_axis',(1.,0.,0.));
#13785=DIRECTION('center_axis',(-0.707106781186543,-2.15483163934552E-15,
-0.707106781186552));
#13786=DIRECTION('ref_axis',(-0.707106781186552,0.,0.707106781186543));
#13787=DIRECTION('',(0.,-1.,3.04739212899307E-15));
#13788=DIRECTION('',(-0.577350269189626,-0.577350269189627,0.577350269189624));
#13789=DIRECTION('',(0.,1.,-3.04739212899307E-15));
#13790=DIRECTION('',(-0.577350269189628,0.577350269189628,0.577350269189621));
#13791=DIRECTION('center_axis',(0.,-0.707106781186546,-0.707106781186549));
#13792=DIRECTION('ref_axis',(-1.,0.,0.));
#13793=DIRECTION('',(1.,0.,0.));
#13794=DIRECTION('',(0.577350269189626,-0.577350269189627,0.577350269189624));
#13795=DIRECTION('',(-1.,0.,0.));
#13796=DIRECTION('center_axis',(0.707106781186549,-2.15483163934551E-15,
-0.707106781186546));
#13797=DIRECTION('ref_axis',(-0.707106781186546,0.,-0.707106781186549));
#13798=DIRECTION('',(0.,1.,-3.04739212899307E-15));
#13799=DIRECTION('',(0.577350269189626,0.577350269189627,0.577350269189624));
#13800=DIRECTION('center_axis',(0.,0.707106781186546,-0.707106781186549));
#13801=DIRECTION('ref_axis',(-1.,0.,0.));
#13802=DIRECTION('',(1.,0.,0.));
#13803=DIRECTION('',(-1.,0.,0.));
#13804=DIRECTION('center_axis',(0.,1.,0.));
#13805=DIRECTION('ref_axis',(1.,0.,0.));
#13806=DIRECTION('',(0.,0.,-1.));
#13807=DIRECTION('',(1.,0.,0.));
#13808=DIRECTION('center_axis',(-1.,0.,0.));
#13809=DIRECTION('ref_axis',(0.,0.,1.));
#13810=DIRECTION('center_axis',(-1.,0.,0.));
#13811=DIRECTION('ref_axis',(0.,-1.8503717077086E-15,1.));
#13812=DIRECTION('',(0.,0.,-1.));
#13813=DIRECTION('center_axis',(-1.,0.,0.));
#13814=DIRECTION('ref_axis',(0.,-2.7755575615629E-15,1.));
#13815=DIRECTION('',(0.,1.,0.));
#13816=DIRECTION('center_axis',(0.,-3.04739212899307E-15,-1.));
#13817=DIRECTION('ref_axis',(1.,0.,0.));
#13818=DIRECTION('center_axis',(0.,-1.,0.));
#13819=DIRECTION('ref_axis',(-1.,0.,0.));
#13820=DIRECTION('',(-1.,0.,0.));
#13821=DIRECTION('center_axis',(-1.,0.,0.));
#13822=DIRECTION('ref_axis',(0.,-1.38777878078145E-15,1.));
#13823=DIRECTION('center_axis',(-1.,0.,0.));
#13824=DIRECTION('ref_axis',(0.,-1.38777878078145E-15,1.));
#13825=DIRECTION('',(-1.,0.,0.));
#13826=DIRECTION('center_axis',(0.,0.,-1.));
#13827=DIRECTION('ref_axis',(-1.,0.,0.));
#13828=DIRECTION('center_axis',(0.,0.,-1.));
#13829=DIRECTION('ref_axis',(0.,-1.,0.));
#13830=DIRECTION('',(0.,-1.,0.));
#13831=DIRECTION('',(-1.,0.,0.));
#13832=DIRECTION('',(0.,1.,0.));
#13833=DIRECTION('',(-1.,0.,0.));
#13834=DIRECTION('',(0.,-1.,0.));
#13835=DIRECTION('',(-1.,0.,0.));
#13836=DIRECTION('',(0.,1.,0.));
#13837=DIRECTION('',(1.,0.,0.));
#13838=DIRECTION('center_axis',(0.,1.,0.));
#13839=DIRECTION('ref_axis',(0.,0.,-1.));
#13840=DIRECTION('',(0.,0.,-1.));
#13841=DIRECTION('',(1.,0.,0.));
#13842=DIRECTION('',(0.,0.,1.));
#13843=DIRECTION('center_axis',(0.,-1.,0.));
#13844=DIRECTION('ref_axis',(0.,0.,1.));
#13845=DIRECTION('',(0.,0.,1.));
#13846=DIRECTION('',(0.,0.,-1.));
#13847=DIRECTION('',(-1.,0.,0.));
#13848=DIRECTION('center_axis',(-1.,0.,0.));
#13849=DIRECTION('ref_axis',(0.,1.,0.));
#13850=DIRECTION('',(0.,-1.,0.));
#13851=DIRECTION('',(0.,0.,1.));
#13852=DIRECTION('',(0.,1.,0.));
#13853=DIRECTION('',(0.,0.,-1.));
#13854=DIRECTION('',(0.,-1.,0.));
#13855=DIRECTION('center_axis',(0.,0.,1.));
#13856=DIRECTION('ref_axis',(1.,0.,0.));
#13857=DIRECTION('',(0.,1.,0.));
#13858=DIRECTION('',(0.707106781186547,-0.707106781186547,0.));
#13859=DIRECTION('',(-1.,0.,0.));
#13860=DIRECTION('',(0.707106781186547,0.707106781186547,0.));
#13861=DIRECTION('center_axis',(-1.,0.,0.));
#13862=DIRECTION('ref_axis',(0.,1.,0.));
#13863=DIRECTION('',(0.,0.,-1.));
#13864=DIRECTION('',(0.,1.,0.));
#13865=DIRECTION('',(0.,0.,-1.));
#13866=DIRECTION('center_axis',(0.,-1.,0.));
#13867=DIRECTION('ref_axis',(-1.,0.,0.));
#13868=DIRECTION('',(0.,0.,-1.));
#13869=DIRECTION('',(-1.,0.,0.));
#13870=DIRECTION('center_axis',(-0.707106781186548,-0.707106781186548,0.));
#13871=DIRECTION('ref_axis',(0.,0.,1.));
#13872=DIRECTION('',(0.707106781186547,-0.707106781186547,0.));
#13873=DIRECTION('',(0.,0.,1.));
#13874=DIRECTION('',(-0.707106781186547,0.707106781186547,0.));
#13875=DIRECTION('center_axis',(0.,0.,1.));
#13876=DIRECTION('ref_axis',(1.,0.,0.));
#13877=DIRECTION('',(1.,0.,0.));
#13878=DIRECTION('',(-0.707106781186547,-0.707106781186547,0.));
#13879=DIRECTION('',(0.,1.,0.));
#13880=DIRECTION('center_axis',(0.707106781186548,-0.707106781186548,0.));
#13881=DIRECTION('ref_axis',(0.,0.,-1.));
#13882=DIRECTION('',(0.707106781186547,0.707106781186547,0.));
#13883=DIRECTION('',(0.,0.,1.));
#13884=DIRECTION('',(0.,0.,-1.));
#13885=DIRECTION('center_axis',(1.,0.,0.));
#13886=DIRECTION('ref_axis',(0.,-1.,0.));
#13887=DIRECTION('',(0.,-1.,0.));
#13888=DIRECTION('',(0.,0.,-1.));
#13889=DIRECTION('center_axis',(0.707106781186548,0.707106781186548,0.));
#13890=DIRECTION('ref_axis',(0.,0.,-1.));
#13891=DIRECTION('',(-0.707106781186547,0.707106781186547,0.));
#13892=DIRECTION('',(0.,0.,1.));
#13893=DIRECTION('center_axis',(-0.707106781186548,0.707106781186548,0.));
#13894=DIRECTION('ref_axis',(0.,0.,1.));
#13895=DIRECTION('',(-0.707106781186547,-0.707106781186547,0.));
#13896=DIRECTION('',(0.,0.,-1.));
#13897=DIRECTION('center_axis',(1.,0.,0.));
#13898=DIRECTION('ref_axis',(0.,-1.,0.));
#13899=DIRECTION('',(0.,0.,-1.));
#13900=DIRECTION('',(0.,-1.,0.));
#13901=DIRECTION('center_axis',(0.,1.,0.));
#13902=DIRECTION('ref_axis',(1.,0.,0.));
#13903=DIRECTION('',(1.,0.,0.));
#13904=DIRECTION('center_axis',(0.,1.,0.));
#13905=DIRECTION('ref_axis',(1.,0.,0.));
#13906=DIRECTION('',(1.,0.,0.));
#13907=DIRECTION('center_axis',(0.,-1.,0.));
#13908=DIRECTION('ref_axis',(-1.,0.,0.));
#13909=DIRECTION('',(-1.,0.,0.));
#13910=DIRECTION('center_axis',(0.,0.,-1.));
#13911=DIRECTION('ref_axis',(-1.,0.,0.));
#13912=DIRECTION('center_axis',(0.707106781186548,-0.707106781186548,0.));
#13913=DIRECTION('ref_axis',(0.,0.,-1.));
#13914=DIRECTION('',(0.,0.,-1.));
#13915=DIRECTION('',(0.577350269189626,0.577350269189626,-0.577350269189626));
#13916=DIRECTION('',(0.,0.,1.));
#13917=DIRECTION('',(-0.577350269189626,-0.577350269189626,-0.577350269189626));
#13918=DIRECTION('center_axis',(0.,-0.707106781186548,-0.707106781186548));
#13919=DIRECTION('ref_axis',(-1.,0.,0.));
#13920=DIRECTION('',(1.,0.,0.));
#13921=DIRECTION('',(-1.,0.,0.));
#13922=DIRECTION('',(-0.577350269189626,0.577350269189626,-0.577350269189626));
#13923=DIRECTION('center_axis',(-0.707106781186548,-0.707106781186548,0.));
#13924=DIRECTION('ref_axis',(0.,0.,1.));
#13925=DIRECTION('',(0.,0.,-1.));
#13926=DIRECTION('',(0.,0.,1.));
#13927=DIRECTION('',(-0.577350269189626,0.577350269189626,0.577350269189626));
#13928=DIRECTION('center_axis',(0.,-0.707106781186548,0.707106781186548));
#13929=DIRECTION('ref_axis',(1.,0.,0.));
#13930=DIRECTION('',(-1.,0.,0.));
#13931=DIRECTION('',(1.,0.,0.));
#13932=DIRECTION('center_axis',(0.,0.,1.));
#13933=DIRECTION('ref_axis',(1.,0.,0.));
#13934=DIRECTION('',(0.,1.,0.));
#13935=DIRECTION('',(1.,0.,0.));
#13936=DIRECTION('',(0.,1.,0.));
#13937=DIRECTION('center_axis',(1.,0.,0.));
#13938=DIRECTION('ref_axis',(0.,0.,-1.));
#13939=DIRECTION('',(0.,1.,0.));
#13940=DIRECTION('center_axis',(-1.,0.,0.));
#13941=DIRECTION('ref_axis',(0.,-2.7755575615629E-15,1.));
#13942=DIRECTION('',(0.,0.,-1.));
#13943=DIRECTION('',(0.,-1.,3.04739212899307E-15));
#13944=DIRECTION('',(0.,0.,-1.));
#13945=DIRECTION('center_axis',(-1.,0.,0.));
#13946=DIRECTION('ref_axis',(0.,-1.8503717077086E-15,1.));
#13947=DIRECTION('center_axis',(0.,1.,0.));
#13948=DIRECTION('ref_axis',(1.,0.,0.));
#13949=DIRECTION('center_axis',(-0.707106781186543,-2.15483163934552E-15,
-0.707106781186552));
#13950=DIRECTION('ref_axis',(-0.707106781186552,0.,0.707106781186543));
#13951=DIRECTION('',(0.,-1.,3.04739212899307E-15));
#13952=DIRECTION('',(-0.577350269189626,-0.577350269189627,0.577350269189624));
#13953=DIRECTION('',(0.,1.,-3.04739212899307E-15));
#13954=DIRECTION('',(-0.577350269189628,0.577350269189628,0.577350269189621));
#13955=DIRECTION('center_axis',(0.,-0.707106781186546,-0.707106781186549));
#13956=DIRECTION('ref_axis',(-1.,0.,0.));
#13957=DIRECTION('',(1.,0.,0.));
#13958=DIRECTION('',(0.577350269189626,-0.577350269189627,0.577350269189624));
#13959=DIRECTION('',(-1.,0.,0.));
#13960=DIRECTION('center_axis',(0.707106781186549,-2.15483163934551E-15,
-0.707106781186546));
#13961=DIRECTION('ref_axis',(-0.707106781186546,0.,-0.707106781186549));
#13962=DIRECTION('',(0.,1.,-3.04739212899307E-15));
#13963=DIRECTION('',(0.577350269189626,0.577350269189627,0.577350269189624));
#13964=DIRECTION('center_axis',(0.,0.707106781186546,-0.707106781186549));
#13965=DIRECTION('ref_axis',(-1.,0.,0.));
#13966=DIRECTION('',(1.,0.,0.));
#13967=DIRECTION('',(-1.,0.,0.));
#13968=DIRECTION('center_axis',(0.,1.,0.));
#13969=DIRECTION('ref_axis',(1.,0.,0.));
#13970=DIRECTION('',(0.,0.,-1.));
#13971=DIRECTION('',(1.,0.,0.));
#13972=DIRECTION('center_axis',(-1.,0.,0.));
#13973=DIRECTION('ref_axis',(0.,0.,1.));
#13974=DIRECTION('center_axis',(-1.,0.,0.));
#13975=DIRECTION('ref_axis',(0.,-1.8503717077086E-15,1.));
#13976=DIRECTION('',(0.,0.,-1.));
#13977=DIRECTION('center_axis',(-1.,0.,0.));
#13978=DIRECTION('ref_axis',(0.,-2.7755575615629E-15,1.));
#13979=DIRECTION('',(0.,1.,0.));
#13980=DIRECTION('center_axis',(0.,-3.04739212899307E-15,-1.));
#13981=DIRECTION('ref_axis',(1.,0.,0.));
#13982=DIRECTION('center_axis',(0.,-1.,0.));
#13983=DIRECTION('ref_axis',(-1.,0.,0.));
#13984=DIRECTION('',(-1.,0.,0.));
#13985=DIRECTION('center_axis',(-1.,0.,0.));
#13986=DIRECTION('ref_axis',(0.,-1.38777878078145E-15,1.));
#13987=DIRECTION('center_axis',(-1.,0.,0.));
#13988=DIRECTION('ref_axis',(0.,-1.38777878078145E-15,1.));
#13989=DIRECTION('',(-1.,0.,0.));
#13990=DIRECTION('center_axis',(0.,0.,-1.));
#13991=DIRECTION('ref_axis',(-1.,0.,0.));
#13992=DIRECTION('center_axis',(0.707106781186548,-0.707106781186548,0.));
#13993=DIRECTION('ref_axis',(0.,0.,-1.));
#13994=DIRECTION('',(0.,0.,-1.));
#13995=DIRECTION('',(0.577350269189626,0.577350269189626,-0.577350269189626));
#13996=DIRECTION('',(0.,0.,1.));
#13997=DIRECTION('',(-0.577350269189626,-0.577350269189626,-0.577350269189626));
#13998=DIRECTION('center_axis',(0.,-0.707106781186548,-0.707106781186548));
#13999=DIRECTION('ref_axis',(-1.,0.,0.));
#14000=DIRECTION('',(1.,0.,0.));
#14001=DIRECTION('',(-1.,0.,0.));
#14002=DIRECTION('',(-0.577350269189626,0.577350269189626,-0.577350269189626));
#14003=DIRECTION('center_axis',(-0.707106781186548,-0.707106781186548,0.));
#14004=DIRECTION('ref_axis',(0.,0.,1.));
#14005=DIRECTION('',(0.,0.,-1.));
#14006=DIRECTION('',(0.,0.,1.));
#14007=DIRECTION('',(-0.577350269189626,0.577350269189626,0.577350269189626));
#14008=DIRECTION('center_axis',(0.,-0.707106781186548,0.707106781186548));
#14009=DIRECTION('ref_axis',(1.,0.,0.));
#14010=DIRECTION('',(-1.,0.,0.));
#14011=DIRECTION('',(1.,0.,0.));
#14012=DIRECTION('center_axis',(0.,0.,1.));
#14013=DIRECTION('ref_axis',(1.,0.,0.));
#14014=DIRECTION('',(0.,1.,0.));
#14015=DIRECTION('',(1.,0.,0.));
#14016=DIRECTION('',(0.,1.,0.));
#14017=DIRECTION('center_axis',(1.,0.,0.));
#14018=DIRECTION('ref_axis',(0.,0.,-1.));
#14019=DIRECTION('',(0.,1.,0.));
#14020=DIRECTION('center_axis',(-1.,0.,0.));
#14021=DIRECTION('ref_axis',(0.,-2.7755575615629E-15,1.));
#14022=DIRECTION('',(0.,0.,-1.));
#14023=DIRECTION('',(0.,-1.,3.04739212899307E-15));
#14024=DIRECTION('',(0.,0.,-1.));
#14025=DIRECTION('center_axis',(-1.,0.,0.));
#14026=DIRECTION('ref_axis',(0.,-1.8503717077086E-15,1.));
#14027=DIRECTION('center_axis',(0.,1.,0.));
#14028=DIRECTION('ref_axis',(1.,0.,0.));
#14029=DIRECTION('center_axis',(-0.707106781186543,-2.15483163934552E-15,
-0.707106781186552));
#14030=DIRECTION('ref_axis',(-0.707106781186552,0.,0.707106781186543));
#14031=DIRECTION('',(0.,-1.,3.04739212899307E-15));
#14032=DIRECTION('',(-0.577350269189626,-0.577350269189627,0.577350269189624));
#14033=DIRECTION('',(0.,1.,-3.04739212899307E-15));
#14034=DIRECTION('',(-0.577350269189628,0.577350269189628,0.577350269189621));
#14035=DIRECTION('center_axis',(0.,-0.707106781186546,-0.707106781186549));
#14036=DIRECTION('ref_axis',(-1.,0.,0.));
#14037=DIRECTION('',(1.,0.,0.));
#14038=DIRECTION('',(0.577350269189626,-0.577350269189627,0.577350269189624));
#14039=DIRECTION('',(-1.,0.,0.));
#14040=DIRECTION('center_axis',(0.707106781186549,-2.15483163934551E-15,
-0.707106781186546));
#14041=DIRECTION('ref_axis',(-0.707106781186546,0.,-0.707106781186549));
#14042=DIRECTION('',(0.,1.,-3.04739212899307E-15));
#14043=DIRECTION('',(0.577350269189626,0.577350269189627,0.577350269189624));
#14044=DIRECTION('center_axis',(0.,0.707106781186546,-0.707106781186549));
#14045=DIRECTION('ref_axis',(-1.,0.,0.));
#14046=DIRECTION('',(1.,0.,0.));
#14047=DIRECTION('',(-1.,0.,0.));
#14048=DIRECTION('center_axis',(0.,1.,0.));
#14049=DIRECTION('ref_axis',(1.,0.,0.));
#14050=DIRECTION('',(0.,0.,-1.));
#14051=DIRECTION('',(1.,0.,0.));
#14052=DIRECTION('center_axis',(-1.,0.,0.));
#14053=DIRECTION('ref_axis',(0.,0.,1.));
#14054=DIRECTION('center_axis',(-1.,0.,0.));
#14055=DIRECTION('ref_axis',(0.,-1.8503717077086E-15,1.));
#14056=DIRECTION('',(0.,0.,-1.));
#14057=DIRECTION('center_axis',(-1.,0.,0.));
#14058=DIRECTION('ref_axis',(0.,-2.7755575615629E-15,1.));
#14059=DIRECTION('',(0.,1.,0.));
#14060=DIRECTION('center_axis',(0.,-3.04739212899307E-15,-1.));
#14061=DIRECTION('ref_axis',(1.,0.,0.));
#14062=DIRECTION('center_axis',(0.,-1.,0.));
#14063=DIRECTION('ref_axis',(-1.,0.,0.));
#14064=DIRECTION('',(-1.,0.,0.));
#14065=DIRECTION('center_axis',(-1.,0.,0.));
#14066=DIRECTION('ref_axis',(0.,-1.38777878078145E-15,1.));
#14067=DIRECTION('center_axis',(-1.,0.,0.));
#14068=DIRECTION('ref_axis',(0.,-1.38777878078145E-15,1.));
#14069=DIRECTION('',(-1.,0.,0.));
#14070=DIRECTION('center_axis',(0.,0.,-1.));
#14071=DIRECTION('ref_axis',(-1.,0.,0.));
#14072=DIRECTION('center_axis',(0.707106781186548,-0.707106781186548,0.));
#14073=DIRECTION('ref_axis',(0.,0.,-1.));
#14074=DIRECTION('',(0.,0.,-1.));
#14075=DIRECTION('',(0.577350269189626,0.577350269189626,-0.577350269189626));
#14076=DIRECTION('',(0.,0.,1.));
#14077=DIRECTION('',(-0.577350269189626,-0.577350269189626,-0.577350269189626));
#14078=DIRECTION('center_axis',(0.,-0.707106781186548,-0.707106781186548));
#14079=DIRECTION('ref_axis',(-1.,0.,0.));
#14080=DIRECTION('',(1.,0.,0.));
#14081=DIRECTION('',(-1.,0.,0.));
#14082=DIRECTION('',(-0.577350269189626,0.577350269189626,-0.577350269189626));
#14083=DIRECTION('center_axis',(-0.707106781186548,-0.707106781186548,0.));
#14084=DIRECTION('ref_axis',(0.,0.,1.));
#14085=DIRECTION('',(0.,0.,-1.));
#14086=DIRECTION('',(0.,0.,1.));
#14087=DIRECTION('',(-0.577350269189626,0.577350269189626,0.577350269189626));
#14088=DIRECTION('center_axis',(0.,-0.707106781186548,0.707106781186548));
#14089=DIRECTION('ref_axis',(1.,0.,0.));
#14090=DIRECTION('',(-1.,0.,0.));
#14091=DIRECTION('',(1.,0.,0.));
#14092=DIRECTION('center_axis',(0.,0.,1.));
#14093=DIRECTION('ref_axis',(1.,0.,0.));
#14094=DIRECTION('',(0.,1.,0.));
#14095=DIRECTION('',(1.,0.,0.));
#14096=DIRECTION('',(0.,1.,0.));
#14097=DIRECTION('center_axis',(1.,0.,0.));
#14098=DIRECTION('ref_axis',(0.,0.,-1.));
#14099=DIRECTION('',(0.,1.,0.));
#14100=DIRECTION('center_axis',(-1.,0.,0.));
#14101=DIRECTION('ref_axis',(0.,-2.7755575615629E-15,1.));
#14102=DIRECTION('',(0.,0.,-1.));
#14103=DIRECTION('',(0.,-1.,3.04739212899307E-15));
#14104=DIRECTION('',(0.,0.,-1.));
#14105=DIRECTION('center_axis',(-1.,0.,0.));
#14106=DIRECTION('ref_axis',(0.,-1.8503717077086E-15,1.));
#14107=DIRECTION('center_axis',(0.,1.,0.));
#14108=DIRECTION('ref_axis',(1.,0.,0.));
#14109=DIRECTION('center_axis',(-0.707106781186543,-2.15483163934552E-15,
-0.707106781186552));
#14110=DIRECTION('ref_axis',(-0.707106781186552,0.,0.707106781186543));
#14111=DIRECTION('',(0.,-1.,3.04739212899307E-15));
#14112=DIRECTION('',(-0.577350269189626,-0.577350269189627,0.577350269189624));
#14113=DIRECTION('',(0.,1.,-3.04739212899307E-15));
#14114=DIRECTION('',(-0.577350269189628,0.577350269189628,0.577350269189621));
#14115=DIRECTION('center_axis',(0.,-0.707106781186546,-0.707106781186549));
#14116=DIRECTION('ref_axis',(-1.,0.,0.));
#14117=DIRECTION('',(1.,0.,0.));
#14118=DIRECTION('',(0.577350269189626,-0.577350269189627,0.577350269189624));
#14119=DIRECTION('',(-1.,0.,0.));
#14120=DIRECTION('center_axis',(0.707106781186549,-2.15483163934551E-15,
-0.707106781186546));
#14121=DIRECTION('ref_axis',(-0.707106781186546,0.,-0.707106781186549));
#14122=DIRECTION('',(0.,1.,-3.04739212899307E-15));
#14123=DIRECTION('',(0.577350269189626,0.577350269189627,0.577350269189624));
#14124=DIRECTION('center_axis',(0.,0.707106781186546,-0.707106781186549));
#14125=DIRECTION('ref_axis',(-1.,0.,0.));
#14126=DIRECTION('',(1.,0.,0.));
#14127=DIRECTION('',(-1.,0.,0.));
#14128=DIRECTION('center_axis',(0.,1.,0.));
#14129=DIRECTION('ref_axis',(1.,0.,0.));
#14130=DIRECTION('',(0.,0.,-1.));
#14131=DIRECTION('',(1.,0.,0.));
#14132=DIRECTION('center_axis',(-1.,0.,0.));
#14133=DIRECTION('ref_axis',(0.,0.,1.));
#14134=DIRECTION('center_axis',(-1.,0.,0.));
#14135=DIRECTION('ref_axis',(0.,-1.8503717077086E-15,1.));
#14136=DIRECTION('',(0.,0.,-1.));
#14137=DIRECTION('center_axis',(-1.,0.,0.));
#14138=DIRECTION('ref_axis',(0.,-2.7755575615629E-15,1.));
#14139=DIRECTION('',(0.,1.,0.));
#14140=DIRECTION('center_axis',(0.,-3.04739212899307E-15,-1.));
#14141=DIRECTION('ref_axis',(1.,0.,0.));
#14142=DIRECTION('center_axis',(0.,-1.,0.));
#14143=DIRECTION('ref_axis',(-1.,0.,0.));
#14144=DIRECTION('',(-1.,0.,0.));
#14145=DIRECTION('center_axis',(-1.,0.,0.));
#14146=DIRECTION('ref_axis',(0.,-1.38777878078145E-15,1.));
#14147=DIRECTION('center_axis',(-1.,0.,0.));
#14148=DIRECTION('ref_axis',(0.,-1.38777878078145E-15,1.));
#14149=DIRECTION('',(-1.,0.,0.));
#14150=DIRECTION('center_axis',(0.,0.,-1.));
#14151=DIRECTION('ref_axis',(-1.,0.,0.));
#14152=DIRECTION('center_axis',(0.707106781186548,-0.707106781186548,0.));
#14153=DIRECTION('ref_axis',(0.,0.,-1.));
#14154=DIRECTION('',(0.,0.,-1.));
#14155=DIRECTION('',(0.577350269189626,0.577350269189626,-0.577350269189626));
#14156=DIRECTION('',(0.,0.,1.));
#14157=DIRECTION('',(-0.577350269189626,-0.577350269189626,-0.577350269189626));
#14158=DIRECTION('center_axis',(0.,-0.707106781186548,-0.707106781186548));
#14159=DIRECTION('ref_axis',(-1.,0.,0.));
#14160=DIRECTION('',(1.,0.,0.));
#14161=DIRECTION('',(-1.,0.,0.));
#14162=DIRECTION('',(-0.577350269189626,0.577350269189626,-0.577350269189626));
#14163=DIRECTION('center_axis',(-0.707106781186548,-0.707106781186548,0.));
#14164=DIRECTION('ref_axis',(0.,0.,1.));
#14165=DIRECTION('',(0.,0.,-1.));
#14166=DIRECTION('',(0.,0.,1.));
#14167=DIRECTION('',(-0.577350269189626,0.577350269189626,0.577350269189626));
#14168=DIRECTION('center_axis',(0.,-0.707106781186548,0.707106781186548));
#14169=DIRECTION('ref_axis',(1.,0.,0.));
#14170=DIRECTION('',(-1.,0.,0.));
#14171=DIRECTION('',(1.,0.,0.));
#14172=DIRECTION('center_axis',(0.,0.,1.));
#14173=DIRECTION('ref_axis',(1.,0.,0.));
#14174=DIRECTION('',(0.,1.,0.));
#14175=DIRECTION('',(1.,0.,0.));
#14176=DIRECTION('',(0.,1.,0.));
#14177=DIRECTION('center_axis',(1.,0.,0.));
#14178=DIRECTION('ref_axis',(0.,0.,-1.));
#14179=DIRECTION('',(0.,1.,0.));
#14180=DIRECTION('center_axis',(-1.,0.,0.));
#14181=DIRECTION('ref_axis',(0.,-2.7755575615629E-15,1.));
#14182=DIRECTION('',(0.,0.,-1.));
#14183=DIRECTION('',(0.,-1.,3.04739212899307E-15));
#14184=DIRECTION('',(0.,0.,-1.));
#14185=DIRECTION('center_axis',(-1.,0.,0.));
#14186=DIRECTION('ref_axis',(0.,-1.8503717077086E-15,1.));
#14187=DIRECTION('center_axis',(0.,1.,0.));
#14188=DIRECTION('ref_axis',(1.,0.,0.));
#14189=DIRECTION('center_axis',(-0.707106781186543,-2.15483163934552E-15,
-0.707106781186552));
#14190=DIRECTION('ref_axis',(-0.707106781186552,0.,0.707106781186543));
#14191=DIRECTION('',(0.,-1.,3.04739212899307E-15));
#14192=DIRECTION('',(-0.577350269189626,-0.577350269189627,0.577350269189624));
#14193=DIRECTION('',(0.,1.,-3.04739212899307E-15));
#14194=DIRECTION('',(-0.577350269189628,0.577350269189628,0.577350269189621));
#14195=DIRECTION('center_axis',(0.,-0.707106781186546,-0.707106781186549));
#14196=DIRECTION('ref_axis',(-1.,0.,0.));
#14197=DIRECTION('',(1.,0.,0.));
#14198=DIRECTION('',(0.577350269189626,-0.577350269189627,0.577350269189624));
#14199=DIRECTION('',(-1.,0.,0.));
#14200=DIRECTION('center_axis',(0.707106781186549,-2.15483163934551E-15,
-0.707106781186546));
#14201=DIRECTION('ref_axis',(-0.707106781186546,0.,-0.707106781186549));
#14202=DIRECTION('',(0.,1.,-3.04739212899307E-15));
#14203=DIRECTION('',(0.577350269189626,0.577350269189627,0.577350269189624));
#14204=DIRECTION('center_axis',(0.,0.707106781186546,-0.707106781186549));
#14205=DIRECTION('ref_axis',(-1.,0.,0.));
#14206=DIRECTION('',(1.,0.,0.));
#14207=DIRECTION('',(-1.,0.,0.));
#14208=DIRECTION('center_axis',(0.,1.,0.));
#14209=DIRECTION('ref_axis',(1.,0.,0.));
#14210=DIRECTION('',(0.,0.,-1.));
#14211=DIRECTION('',(1.,0.,0.));
#14212=DIRECTION('center_axis',(-1.,0.,0.));
#14213=DIRECTION('ref_axis',(0.,0.,1.));
#14214=DIRECTION('center_axis',(-1.,0.,0.));
#14215=DIRECTION('ref_axis',(0.,-1.8503717077086E-15,1.));
#14216=DIRECTION('',(0.,0.,-1.));
#14217=DIRECTION('center_axis',(-1.,0.,0.));
#14218=DIRECTION('ref_axis',(0.,-2.7755575615629E-15,1.));
#14219=DIRECTION('',(0.,1.,0.));
#14220=DIRECTION('center_axis',(0.,-3.04739212899307E-15,-1.));
#14221=DIRECTION('ref_axis',(1.,0.,0.));
#14222=DIRECTION('center_axis',(0.,-1.,0.));
#14223=DIRECTION('ref_axis',(-1.,0.,0.));
#14224=DIRECTION('',(-1.,0.,0.));
#14225=DIRECTION('center_axis',(-1.,0.,0.));
#14226=DIRECTION('ref_axis',(0.,-1.38777878078145E-15,1.));
#14227=DIRECTION('center_axis',(-1.,0.,0.));
#14228=DIRECTION('ref_axis',(0.,-1.38777878078145E-15,1.));
#14229=DIRECTION('',(-1.,0.,0.));
#14230=DIRECTION('center_axis',(0.,0.,-1.));
#14231=DIRECTION('ref_axis',(-1.,0.,0.));
#14232=DIRECTION('center_axis',(0.707106781186548,-0.707106781186548,0.));
#14233=DIRECTION('ref_axis',(0.,0.,-1.));
#14234=DIRECTION('',(0.,0.,-1.));
#14235=DIRECTION('',(0.577350269189626,0.577350269189626,-0.577350269189626));
#14236=DIRECTION('',(0.,0.,1.));
#14237=DIRECTION('',(-0.577350269189626,-0.577350269189626,-0.577350269189626));
#14238=DIRECTION('center_axis',(0.,-0.707106781186548,-0.707106781186548));
#14239=DIRECTION('ref_axis',(-1.,0.,0.));
#14240=DIRECTION('',(1.,0.,0.));
#14241=DIRECTION('',(-1.,0.,0.));
#14242=DIRECTION('',(-0.577350269189626,0.577350269189626,-0.577350269189626));
#14243=DIRECTION('center_axis',(-0.707106781186548,-0.707106781186548,0.));
#14244=DIRECTION('ref_axis',(0.,0.,1.));
#14245=DIRECTION('',(0.,0.,-1.));
#14246=DIRECTION('',(0.,0.,1.));
#14247=DIRECTION('',(-0.577350269189626,0.577350269189626,0.577350269189626));
#14248=DIRECTION('center_axis',(0.,-0.707106781186548,0.707106781186548));
#14249=DIRECTION('ref_axis',(1.,0.,0.));
#14250=DIRECTION('',(-1.,0.,0.));
#14251=DIRECTION('',(1.,0.,0.));
#14252=DIRECTION('center_axis',(0.,0.,1.));
#14253=DIRECTION('ref_axis',(1.,0.,0.));
#14254=DIRECTION('',(0.,1.,0.));
#14255=DIRECTION('',(1.,0.,0.));
#14256=DIRECTION('',(0.,1.,0.));
#14257=DIRECTION('center_axis',(1.,0.,0.));
#14258=DIRECTION('ref_axis',(0.,0.,-1.));
#14259=DIRECTION('',(0.,1.,0.));
#14260=DIRECTION('center_axis',(-1.,0.,0.));
#14261=DIRECTION('ref_axis',(0.,-2.7755575615629E-15,1.));
#14262=DIRECTION('',(0.,0.,-1.));
#14263=DIRECTION('',(0.,-1.,3.04739212899307E-15));
#14264=DIRECTION('',(0.,0.,-1.));
#14265=DIRECTION('center_axis',(-1.,0.,0.));
#14266=DIRECTION('ref_axis',(0.,-1.8503717077086E-15,1.));
#14267=DIRECTION('center_axis',(0.,1.,0.));
#14268=DIRECTION('ref_axis',(1.,0.,0.));
#14269=DIRECTION('center_axis',(-0.707106781186543,-2.15483163934552E-15,
-0.707106781186552));
#14270=DIRECTION('ref_axis',(-0.707106781186552,0.,0.707106781186543));
#14271=DIRECTION('',(0.,-1.,3.04739212899307E-15));
#14272=DIRECTION('',(-0.577350269189626,-0.577350269189627,0.577350269189624));
#14273=DIRECTION('',(0.,1.,-3.04739212899307E-15));
#14274=DIRECTION('',(-0.577350269189628,0.577350269189628,0.577350269189621));
#14275=DIRECTION('center_axis',(0.,-0.707106781186546,-0.707106781186549));
#14276=DIRECTION('ref_axis',(-1.,0.,0.));
#14277=DIRECTION('',(1.,0.,0.));
#14278=DIRECTION('',(0.577350269189626,-0.577350269189627,0.577350269189624));
#14279=DIRECTION('',(-1.,0.,0.));
#14280=DIRECTION('center_axis',(0.707106781186549,-2.15483163934551E-15,
-0.707106781186546));
#14281=DIRECTION('ref_axis',(-0.707106781186546,0.,-0.707106781186549));
#14282=DIRECTION('',(0.,1.,-3.04739212899307E-15));
#14283=DIRECTION('',(0.577350269189626,0.577350269189627,0.577350269189624));
#14284=DIRECTION('center_axis',(0.,0.707106781186546,-0.707106781186549));
#14285=DIRECTION('ref_axis',(-1.,0.,0.));
#14286=DIRECTION('',(1.,0.,0.));
#14287=DIRECTION('',(-1.,0.,0.));
#14288=DIRECTION('center_axis',(0.,1.,0.));
#14289=DIRECTION('ref_axis',(1.,0.,0.));
#14290=DIRECTION('',(0.,0.,-1.));
#14291=DIRECTION('',(1.,0.,0.));
#14292=DIRECTION('center_axis',(-1.,0.,0.));
#14293=DIRECTION('ref_axis',(0.,0.,1.));
#14294=DIRECTION('center_axis',(-1.,0.,0.));
#14295=DIRECTION('ref_axis',(0.,-1.8503717077086E-15,1.));
#14296=DIRECTION('',(0.,0.,-1.));
#14297=DIRECTION('center_axis',(-1.,0.,0.));
#14298=DIRECTION('ref_axis',(0.,-2.7755575615629E-15,1.));
#14299=DIRECTION('',(0.,1.,0.));
#14300=DIRECTION('center_axis',(0.,-3.04739212899307E-15,-1.));
#14301=DIRECTION('ref_axis',(1.,0.,0.));
#14302=DIRECTION('center_axis',(0.,-1.,0.));
#14303=DIRECTION('ref_axis',(-1.,0.,0.));
#14304=DIRECTION('',(-1.,0.,0.));
#14305=DIRECTION('center_axis',(-1.,0.,0.));
#14306=DIRECTION('ref_axis',(0.,-1.38777878078145E-15,1.));
#14307=DIRECTION('center_axis',(-1.,0.,0.));
#14308=DIRECTION('ref_axis',(0.,-1.38777878078145E-15,1.));
#14309=DIRECTION('',(-1.,0.,0.));
#14310=DIRECTION('center_axis',(0.,0.,-1.));
#14311=DIRECTION('ref_axis',(-1.,0.,0.));
#14312=DIRECTION('center_axis',(0.707106781186548,-0.707106781186548,0.));
#14313=DIRECTION('ref_axis',(0.,0.,-1.));
#14314=DIRECTION('',(0.,0.,-1.));
#14315=DIRECTION('',(0.577350269189626,0.577350269189626,-0.577350269189626));
#14316=DIRECTION('',(0.,0.,1.));
#14317=DIRECTION('',(-0.577350269189626,-0.577350269189626,-0.577350269189626));
#14318=DIRECTION('center_axis',(0.,-0.707106781186548,-0.707106781186548));
#14319=DIRECTION('ref_axis',(-1.,0.,0.));
#14320=DIRECTION('',(1.,0.,0.));
#14321=DIRECTION('',(-1.,0.,0.));
#14322=DIRECTION('',(-0.577350269189626,0.577350269189626,-0.577350269189626));
#14323=DIRECTION('center_axis',(-0.707106781186548,-0.707106781186548,0.));
#14324=DIRECTION('ref_axis',(0.,0.,1.));
#14325=DIRECTION('',(0.,0.,-1.));
#14326=DIRECTION('',(0.,0.,1.));
#14327=DIRECTION('',(-0.577350269189626,0.577350269189626,0.577350269189626));
#14328=DIRECTION('center_axis',(0.,-0.707106781186548,0.707106781186548));
#14329=DIRECTION('ref_axis',(1.,0.,0.));
#14330=DIRECTION('',(-1.,0.,0.));
#14331=DIRECTION('',(1.,0.,0.));
#14332=DIRECTION('center_axis',(0.,0.,1.));
#14333=DIRECTION('ref_axis',(1.,0.,0.));
#14334=DIRECTION('',(0.,1.,0.));
#14335=DIRECTION('',(1.,0.,0.));
#14336=DIRECTION('',(0.,1.,0.));
#14337=DIRECTION('center_axis',(1.,0.,0.));
#14338=DIRECTION('ref_axis',(0.,0.,-1.));
#14339=DIRECTION('',(0.,1.,0.));
#14340=DIRECTION('center_axis',(-1.,0.,0.));
#14341=DIRECTION('ref_axis',(0.,-2.7755575615629E-15,1.));
#14342=DIRECTION('',(0.,0.,-1.));
#14343=DIRECTION('',(0.,-1.,3.04739212899307E-15));
#14344=DIRECTION('',(0.,0.,-1.));
#14345=DIRECTION('center_axis',(-1.,0.,0.));
#14346=DIRECTION('ref_axis',(0.,-1.8503717077086E-15,1.));
#14347=DIRECTION('center_axis',(0.,1.,0.));
#14348=DIRECTION('ref_axis',(1.,0.,0.));
#14349=DIRECTION('center_axis',(-0.707106781186543,-2.15483163934552E-15,
-0.707106781186552));
#14350=DIRECTION('ref_axis',(-0.707106781186552,0.,0.707106781186543));
#14351=DIRECTION('',(0.,-1.,3.04739212899307E-15));
#14352=DIRECTION('',(-0.577350269189626,-0.577350269189627,0.577350269189624));
#14353=DIRECTION('',(0.,1.,-3.04739212899307E-15));
#14354=DIRECTION('',(-0.577350269189628,0.577350269189628,0.577350269189621));
#14355=DIRECTION('center_axis',(0.,-0.707106781186546,-0.707106781186549));
#14356=DIRECTION('ref_axis',(-1.,0.,0.));
#14357=DIRECTION('',(1.,0.,0.));
#14358=DIRECTION('',(0.577350269189626,-0.577350269189627,0.577350269189624));
#14359=DIRECTION('',(-1.,0.,0.));
#14360=DIRECTION('center_axis',(0.707106781186549,-2.15483163934551E-15,
-0.707106781186546));
#14361=DIRECTION('ref_axis',(-0.707106781186546,0.,-0.707106781186549));
#14362=DIRECTION('',(0.,1.,-3.04739212899307E-15));
#14363=DIRECTION('',(0.577350269189626,0.577350269189627,0.577350269189624));
#14364=DIRECTION('center_axis',(0.,0.707106781186546,-0.707106781186549));
#14365=DIRECTION('ref_axis',(-1.,0.,0.));
#14366=DIRECTION('',(1.,0.,0.));
#14367=DIRECTION('',(-1.,0.,0.));
#14368=DIRECTION('center_axis',(0.,1.,0.));
#14369=DIRECTION('ref_axis',(1.,0.,0.));
#14370=DIRECTION('',(0.,0.,-1.));
#14371=DIRECTION('',(1.,0.,0.));
#14372=DIRECTION('center_axis',(-1.,0.,0.));
#14373=DIRECTION('ref_axis',(0.,0.,1.));
#14374=DIRECTION('center_axis',(-1.,0.,0.));
#14375=DIRECTION('ref_axis',(0.,-1.8503717077086E-15,1.));
#14376=DIRECTION('',(0.,0.,-1.));
#14377=DIRECTION('center_axis',(-1.,0.,0.));
#14378=DIRECTION('ref_axis',(0.,-2.7755575615629E-15,1.));
#14379=DIRECTION('',(0.,1.,0.));
#14380=DIRECTION('center_axis',(0.,-3.04739212899307E-15,-1.));
#14381=DIRECTION('ref_axis',(1.,0.,0.));
#14382=DIRECTION('center_axis',(0.,-1.,0.));
#14383=DIRECTION('ref_axis',(-1.,0.,0.));
#14384=DIRECTION('',(-1.,0.,0.));
#14385=DIRECTION('center_axis',(-1.,0.,0.));
#14386=DIRECTION('ref_axis',(0.,-1.38777878078145E-15,1.));
#14387=DIRECTION('center_axis',(-1.,0.,0.));
#14388=DIRECTION('ref_axis',(0.,-1.38777878078145E-15,1.));
#14389=DIRECTION('',(-1.,0.,0.));
#14390=DIRECTION('center_axis',(0.,0.,-1.));
#14391=DIRECTION('ref_axis',(-1.,0.,0.));
#14392=DIRECTION('center_axis',(0.707106781186548,-0.707106781186548,0.));
#14393=DIRECTION('ref_axis',(0.,0.,-1.));
#14394=DIRECTION('',(0.,0.,-1.));
#14395=DIRECTION('',(0.577350269189626,0.577350269189626,-0.577350269189626));
#14396=DIRECTION('',(0.,0.,1.));
#14397=DIRECTION('',(-0.577350269189626,-0.577350269189626,-0.577350269189626));
#14398=DIRECTION('center_axis',(0.,-0.707106781186548,-0.707106781186548));
#14399=DIRECTION('ref_axis',(-1.,0.,0.));
#14400=DIRECTION('',(1.,0.,0.));
#14401=DIRECTION('',(-1.,0.,0.));
#14402=DIRECTION('',(-0.577350269189626,0.577350269189626,-0.577350269189626));
#14403=DIRECTION('center_axis',(-0.707106781186548,-0.707106781186548,0.));
#14404=DIRECTION('ref_axis',(0.,0.,1.));
#14405=DIRECTION('',(0.,0.,-1.));
#14406=DIRECTION('',(0.,0.,1.));
#14407=DIRECTION('',(-0.577350269189626,0.577350269189626,0.577350269189626));
#14408=DIRECTION('center_axis',(0.,-0.707106781186548,0.707106781186548));
#14409=DIRECTION('ref_axis',(1.,0.,0.));
#14410=DIRECTION('',(-1.,0.,0.));
#14411=DIRECTION('',(1.,0.,0.));
#14412=DIRECTION('center_axis',(0.,0.,1.));
#14413=DIRECTION('ref_axis',(1.,0.,0.));
#14414=DIRECTION('',(0.,1.,0.));
#14415=DIRECTION('',(1.,0.,0.));
#14416=DIRECTION('',(0.,1.,0.));
#14417=DIRECTION('center_axis',(1.,0.,0.));
#14418=DIRECTION('ref_axis',(0.,0.,-1.));
#14419=DIRECTION('',(0.,1.,0.));
#14420=DIRECTION('center_axis',(-1.,0.,0.));
#14421=DIRECTION('ref_axis',(0.,-2.7755575615629E-15,1.));
#14422=DIRECTION('',(0.,0.,-1.));
#14423=DIRECTION('',(0.,-1.,3.04739212899307E-15));
#14424=DIRECTION('',(0.,0.,-1.));
#14425=DIRECTION('center_axis',(-1.,0.,0.));
#14426=DIRECTION('ref_axis',(0.,-1.8503717077086E-15,1.));
#14427=DIRECTION('center_axis',(0.,1.,0.));
#14428=DIRECTION('ref_axis',(1.,0.,0.));
#14429=DIRECTION('center_axis',(-0.707106781186543,-2.15483163934552E-15,
-0.707106781186552));
#14430=DIRECTION('ref_axis',(-0.707106781186552,0.,0.707106781186543));
#14431=DIRECTION('',(0.,-1.,3.04739212899307E-15));
#14432=DIRECTION('',(-0.577350269189626,-0.577350269189627,0.577350269189624));
#14433=DIRECTION('',(0.,1.,-3.04739212899307E-15));
#14434=DIRECTION('',(-0.577350269189628,0.577350269189628,0.577350269189621));
#14435=DIRECTION('center_axis',(0.,-0.707106781186546,-0.707106781186549));
#14436=DIRECTION('ref_axis',(-1.,0.,0.));
#14437=DIRECTION('',(1.,0.,0.));
#14438=DIRECTION('',(0.577350269189626,-0.577350269189627,0.577350269189624));
#14439=DIRECTION('',(-1.,0.,0.));
#14440=DIRECTION('center_axis',(0.707106781186549,-2.15483163934551E-15,
-0.707106781186546));
#14441=DIRECTION('ref_axis',(-0.707106781186546,0.,-0.707106781186549));
#14442=DIRECTION('',(0.,1.,-3.04739212899307E-15));
#14443=DIRECTION('',(0.577350269189626,0.577350269189627,0.577350269189624));
#14444=DIRECTION('center_axis',(0.,0.707106781186546,-0.707106781186549));
#14445=DIRECTION('ref_axis',(-1.,0.,0.));
#14446=DIRECTION('',(1.,0.,0.));
#14447=DIRECTION('',(-1.,0.,0.));
#14448=DIRECTION('center_axis',(0.,1.,0.));
#14449=DIRECTION('ref_axis',(1.,0.,0.));
#14450=DIRECTION('',(0.,0.,-1.));
#14451=DIRECTION('',(1.,0.,0.));
#14452=DIRECTION('center_axis',(-1.,0.,0.));
#14453=DIRECTION('ref_axis',(0.,0.,1.));
#14454=DIRECTION('center_axis',(-1.,0.,0.));
#14455=DIRECTION('ref_axis',(0.,-1.8503717077086E-15,1.));
#14456=DIRECTION('',(0.,0.,-1.));
#14457=DIRECTION('center_axis',(-1.,0.,0.));
#14458=DIRECTION('ref_axis',(0.,-2.7755575615629E-15,1.));
#14459=DIRECTION('',(0.,1.,0.));
#14460=DIRECTION('center_axis',(0.,-3.04739212899307E-15,-1.));
#14461=DIRECTION('ref_axis',(1.,0.,0.));
#14462=DIRECTION('center_axis',(0.,-1.,0.));
#14463=DIRECTION('ref_axis',(-1.,0.,0.));
#14464=DIRECTION('',(-1.,0.,0.));
#14465=DIRECTION('center_axis',(-1.,0.,0.));
#14466=DIRECTION('ref_axis',(0.,-1.38777878078145E-15,1.));
#14467=DIRECTION('center_axis',(-1.,0.,0.));
#14468=DIRECTION('ref_axis',(0.,-1.38777878078145E-15,1.));
#14469=DIRECTION('',(-1.,0.,0.));
#14470=DIRECTION('center_axis',(0.,0.,-1.));
#14471=DIRECTION('ref_axis',(-1.,0.,0.));
#14472=DIRECTION('center_axis',(0.707106781186548,-0.707106781186548,0.));
#14473=DIRECTION('ref_axis',(0.,0.,-1.));
#14474=DIRECTION('',(0.,0.,-1.));
#14475=DIRECTION('',(0.577350269189626,0.577350269189626,-0.577350269189626));
#14476=DIRECTION('',(0.,0.,1.));
#14477=DIRECTION('',(-0.577350269189626,-0.577350269189626,-0.577350269189626));
#14478=DIRECTION('center_axis',(0.,-0.707106781186548,-0.707106781186548));
#14479=DIRECTION('ref_axis',(-1.,0.,0.));
#14480=DIRECTION('',(1.,0.,0.));
#14481=DIRECTION('',(-1.,0.,0.));
#14482=DIRECTION('',(-0.577350269189626,0.577350269189626,-0.577350269189626));
#14483=DIRECTION('center_axis',(-0.707106781186548,-0.707106781186548,0.));
#14484=DIRECTION('ref_axis',(0.,0.,1.));
#14485=DIRECTION('',(0.,0.,-1.));
#14486=DIRECTION('',(0.,0.,1.));
#14487=DIRECTION('',(-0.577350269189626,0.577350269189626,0.577350269189626));
#14488=DIRECTION('center_axis',(0.,-0.707106781186548,0.707106781186548));
#14489=DIRECTION('ref_axis',(1.,0.,0.));
#14490=DIRECTION('',(-1.,0.,0.));
#14491=DIRECTION('',(1.,0.,0.));
#14492=DIRECTION('center_axis',(0.,0.,1.));
#14493=DIRECTION('ref_axis',(1.,0.,0.));
#14494=DIRECTION('',(0.,1.,0.));
#14495=DIRECTION('',(1.,0.,0.));
#14496=DIRECTION('',(0.,1.,0.));
#14497=DIRECTION('center_axis',(1.,0.,0.));
#14498=DIRECTION('ref_axis',(0.,0.,-1.));
#14499=DIRECTION('',(0.,1.,0.));
#14500=DIRECTION('center_axis',(-1.,0.,0.));
#14501=DIRECTION('ref_axis',(0.,-2.7755575615629E-15,1.));
#14502=DIRECTION('',(0.,0.,-1.));
#14503=DIRECTION('',(0.,-1.,3.04739212899307E-15));
#14504=DIRECTION('',(0.,0.,-1.));
#14505=DIRECTION('center_axis',(-1.,0.,0.));
#14506=DIRECTION('ref_axis',(0.,-1.8503717077086E-15,1.));
#14507=DIRECTION('center_axis',(0.,1.,0.));
#14508=DIRECTION('ref_axis',(1.,0.,0.));
#14509=DIRECTION('center_axis',(-0.707106781186543,-2.15483163934552E-15,
-0.707106781186552));
#14510=DIRECTION('ref_axis',(-0.707106781186552,0.,0.707106781186543));
#14511=DIRECTION('',(0.,-1.,3.04739212899307E-15));
#14512=DIRECTION('',(-0.577350269189626,-0.577350269189627,0.577350269189624));
#14513=DIRECTION('',(0.,1.,-3.04739212899307E-15));
#14514=DIRECTION('',(-0.577350269189628,0.577350269189628,0.577350269189621));
#14515=DIRECTION('center_axis',(0.,-0.707106781186546,-0.707106781186549));
#14516=DIRECTION('ref_axis',(-1.,0.,0.));
#14517=DIRECTION('',(1.,0.,0.));
#14518=DIRECTION('',(0.577350269189626,-0.577350269189627,0.577350269189624));
#14519=DIRECTION('',(-1.,0.,0.));
#14520=DIRECTION('center_axis',(0.707106781186549,-2.15483163934551E-15,
-0.707106781186546));
#14521=DIRECTION('ref_axis',(-0.707106781186546,0.,-0.707106781186549));
#14522=DIRECTION('',(0.,1.,-3.04739212899307E-15));
#14523=DIRECTION('',(0.577350269189626,0.577350269189627,0.577350269189624));
#14524=DIRECTION('center_axis',(0.,0.707106781186546,-0.707106781186549));
#14525=DIRECTION('ref_axis',(-1.,0.,0.));
#14526=DIRECTION('',(1.,0.,0.));
#14527=DIRECTION('',(-1.,0.,0.));
#14528=DIRECTION('center_axis',(0.,1.,0.));
#14529=DIRECTION('ref_axis',(1.,0.,0.));
#14530=DIRECTION('',(0.,0.,-1.));
#14531=DIRECTION('',(1.,0.,0.));
#14532=DIRECTION('center_axis',(-1.,0.,0.));
#14533=DIRECTION('ref_axis',(0.,0.,1.));
#14534=DIRECTION('center_axis',(-1.,0.,0.));
#14535=DIRECTION('ref_axis',(0.,-1.8503717077086E-15,1.));
#14536=DIRECTION('',(0.,0.,-1.));
#14537=DIRECTION('center_axis',(-1.,0.,0.));
#14538=DIRECTION('ref_axis',(0.,-2.7755575615629E-15,1.));
#14539=DIRECTION('',(0.,1.,0.));
#14540=DIRECTION('center_axis',(0.,-3.04739212899307E-15,-1.));
#14541=DIRECTION('ref_axis',(1.,0.,0.));
#14542=DIRECTION('center_axis',(0.,-1.,0.));
#14543=DIRECTION('ref_axis',(-1.,0.,0.));
#14544=DIRECTION('',(-1.,0.,0.));
#14545=DIRECTION('center_axis',(-1.,0.,0.));
#14546=DIRECTION('ref_axis',(0.,-1.38777878078145E-15,1.));
#14547=DIRECTION('center_axis',(-1.,0.,0.));
#14548=DIRECTION('ref_axis',(0.,-1.38777878078145E-15,1.));
#14549=DIRECTION('',(-1.,0.,0.));
#14550=DIRECTION('center_axis',(0.,0.,-1.));
#14551=DIRECTION('ref_axis',(-1.,0.,0.));
#14552=DIRECTION('center_axis',(0.707106781186548,-0.707106781186548,0.));
#14553=DIRECTION('ref_axis',(0.,0.,-1.));
#14554=DIRECTION('',(0.,0.,-1.));
#14555=DIRECTION('',(0.577350269189626,0.577350269189626,-0.577350269189626));
#14556=DIRECTION('',(0.,0.,1.));
#14557=DIRECTION('',(-0.577350269189626,-0.577350269189626,-0.577350269189626));
#14558=DIRECTION('center_axis',(0.,-0.707106781186548,-0.707106781186548));
#14559=DIRECTION('ref_axis',(-1.,0.,0.));
#14560=DIRECTION('',(1.,0.,0.));
#14561=DIRECTION('',(-1.,0.,0.));
#14562=DIRECTION('',(-0.577350269189626,0.577350269189626,-0.577350269189626));
#14563=DIRECTION('center_axis',(-0.707106781186548,-0.707106781186548,0.));
#14564=DIRECTION('ref_axis',(0.,0.,1.));
#14565=DIRECTION('',(0.,0.,-1.));
#14566=DIRECTION('',(0.,0.,1.));
#14567=DIRECTION('',(-0.577350269189626,0.577350269189626,0.577350269189626));
#14568=DIRECTION('center_axis',(0.,-0.707106781186548,0.707106781186548));
#14569=DIRECTION('ref_axis',(1.,0.,0.));
#14570=DIRECTION('',(-1.,0.,0.));
#14571=DIRECTION('',(1.,0.,0.));
#14572=DIRECTION('center_axis',(0.,0.,1.));
#14573=DIRECTION('ref_axis',(1.,0.,0.));
#14574=DIRECTION('',(0.,1.,0.));
#14575=DIRECTION('',(1.,0.,0.));
#14576=DIRECTION('',(0.,1.,0.));
#14577=DIRECTION('center_axis',(1.,0.,0.));
#14578=DIRECTION('ref_axis',(0.,0.,-1.));
#14579=DIRECTION('',(0.,1.,0.));
#14580=DIRECTION('center_axis',(-1.,0.,0.));
#14581=DIRECTION('ref_axis',(0.,-2.7755575615629E-15,1.));
#14582=DIRECTION('',(0.,0.,-1.));
#14583=DIRECTION('',(0.,-1.,3.04739212899307E-15));
#14584=DIRECTION('',(0.,0.,-1.));
#14585=DIRECTION('center_axis',(-1.,0.,0.));
#14586=DIRECTION('ref_axis',(0.,-1.8503717077086E-15,1.));
#14587=DIRECTION('center_axis',(0.,1.,0.));
#14588=DIRECTION('ref_axis',(1.,0.,0.));
#14589=DIRECTION('center_axis',(-0.707106781186543,-2.15483163934552E-15,
-0.707106781186552));
#14590=DIRECTION('ref_axis',(-0.707106781186552,0.,0.707106781186543));
#14591=DIRECTION('',(0.,-1.,3.04739212899307E-15));
#14592=DIRECTION('',(-0.577350269189626,-0.577350269189627,0.577350269189624));
#14593=DIRECTION('',(0.,1.,-3.04739212899307E-15));
#14594=DIRECTION('',(-0.577350269189628,0.577350269189628,0.577350269189621));
#14595=DIRECTION('center_axis',(0.,-0.707106781186546,-0.707106781186549));
#14596=DIRECTION('ref_axis',(-1.,0.,0.));
#14597=DIRECTION('',(1.,0.,0.));
#14598=DIRECTION('',(0.577350269189626,-0.577350269189627,0.577350269189624));
#14599=DIRECTION('',(-1.,0.,0.));
#14600=DIRECTION('center_axis',(0.707106781186549,-2.15483163934551E-15,
-0.707106781186546));
#14601=DIRECTION('ref_axis',(-0.707106781186546,0.,-0.707106781186549));
#14602=DIRECTION('',(0.,1.,-3.04739212899307E-15));
#14603=DIRECTION('',(0.577350269189626,0.577350269189627,0.577350269189624));
#14604=DIRECTION('center_axis',(0.,0.707106781186546,-0.707106781186549));
#14605=DIRECTION('ref_axis',(-1.,0.,0.));
#14606=DIRECTION('',(1.,0.,0.));
#14607=DIRECTION('',(-1.,0.,0.));
#14608=DIRECTION('center_axis',(0.,1.,0.));
#14609=DIRECTION('ref_axis',(1.,0.,0.));
#14610=DIRECTION('',(0.,0.,-1.));
#14611=DIRECTION('',(1.,0.,0.));
#14612=DIRECTION('center_axis',(-1.,0.,0.));
#14613=DIRECTION('ref_axis',(0.,0.,1.));
#14614=DIRECTION('center_axis',(-1.,0.,0.));
#14615=DIRECTION('ref_axis',(0.,-1.8503717077086E-15,1.));
#14616=DIRECTION('',(0.,0.,-1.));
#14617=DIRECTION('center_axis',(-1.,0.,0.));
#14618=DIRECTION('ref_axis',(0.,-2.7755575615629E-15,1.));
#14619=DIRECTION('',(0.,1.,0.));
#14620=DIRECTION('center_axis',(0.,-3.04739212899307E-15,-1.));
#14621=DIRECTION('ref_axis',(1.,0.,0.));
#14622=DIRECTION('center_axis',(0.,-1.,0.));
#14623=DIRECTION('ref_axis',(-1.,0.,0.));
#14624=DIRECTION('',(-1.,0.,0.));
#14625=DIRECTION('center_axis',(-1.,0.,0.));
#14626=DIRECTION('ref_axis',(0.,-1.38777878078145E-15,1.));
#14627=DIRECTION('center_axis',(-1.,0.,0.));
#14628=DIRECTION('ref_axis',(0.,-1.38777878078145E-15,1.));
#14629=DIRECTION('',(-1.,0.,0.));
#14630=DIRECTION('center_axis',(0.,0.,-1.));
#14631=DIRECTION('ref_axis',(-1.,0.,0.));
#14632=DIRECTION('center_axis',(0.707106781186548,-0.707106781186548,0.));
#14633=DIRECTION('ref_axis',(0.,0.,-1.));
#14634=DIRECTION('',(0.,0.,-1.));
#14635=DIRECTION('',(0.577350269189626,0.577350269189626,-0.577350269189626));
#14636=DIRECTION('',(0.,0.,1.));
#14637=DIRECTION('',(-0.577350269189626,-0.577350269189626,-0.577350269189626));
#14638=DIRECTION('center_axis',(0.,-0.707106781186548,-0.707106781186548));
#14639=DIRECTION('ref_axis',(-1.,0.,0.));
#14640=DIRECTION('',(1.,0.,0.));
#14641=DIRECTION('',(-1.,0.,0.));
#14642=DIRECTION('',(-0.577350269189626,0.577350269189626,-0.577350269189626));
#14643=DIRECTION('center_axis',(-0.707106781186548,-0.707106781186548,0.));
#14644=DIRECTION('ref_axis',(0.,0.,1.));
#14645=DIRECTION('',(0.,0.,-1.));
#14646=DIRECTION('',(0.,0.,1.));
#14647=DIRECTION('',(-0.577350269189626,0.577350269189626,0.577350269189626));
#14648=DIRECTION('center_axis',(0.,-0.707106781186548,0.707106781186548));
#14649=DIRECTION('ref_axis',(1.,0.,0.));
#14650=DIRECTION('',(-1.,0.,0.));
#14651=DIRECTION('',(1.,0.,0.));
#14652=DIRECTION('center_axis',(0.,0.,1.));
#14653=DIRECTION('ref_axis',(1.,0.,0.));
#14654=DIRECTION('',(0.,1.,0.));
#14655=DIRECTION('',(1.,0.,0.));
#14656=DIRECTION('',(0.,1.,0.));
#14657=DIRECTION('center_axis',(1.,0.,0.));
#14658=DIRECTION('ref_axis',(0.,0.,-1.));
#14659=DIRECTION('',(0.,1.,0.));
#14660=DIRECTION('center_axis',(-1.,0.,0.));
#14661=DIRECTION('ref_axis',(0.,-2.7755575615629E-15,1.));
#14662=DIRECTION('',(0.,0.,-1.));
#14663=DIRECTION('',(0.,-1.,3.04739212899307E-15));
#14664=DIRECTION('',(0.,0.,-1.));
#14665=DIRECTION('center_axis',(-1.,0.,0.));
#14666=DIRECTION('ref_axis',(0.,-1.8503717077086E-15,1.));
#14667=DIRECTION('center_axis',(0.,1.,0.));
#14668=DIRECTION('ref_axis',(1.,0.,0.));
#14669=DIRECTION('center_axis',(-0.707106781186543,-2.15483163934552E-15,
-0.707106781186552));
#14670=DIRECTION('ref_axis',(-0.707106781186552,0.,0.707106781186543));
#14671=DIRECTION('',(0.,-1.,3.04739212899307E-15));
#14672=DIRECTION('',(-0.577350269189626,-0.577350269189627,0.577350269189624));
#14673=DIRECTION('',(0.,1.,-3.04739212899307E-15));
#14674=DIRECTION('',(-0.577350269189628,0.577350269189628,0.577350269189621));
#14675=DIRECTION('center_axis',(0.,-0.707106781186546,-0.707106781186549));
#14676=DIRECTION('ref_axis',(-1.,0.,0.));
#14677=DIRECTION('',(1.,0.,0.));
#14678=DIRECTION('',(0.577350269189626,-0.577350269189627,0.577350269189624));
#14679=DIRECTION('',(-1.,0.,0.));
#14680=DIRECTION('center_axis',(0.707106781186549,-2.15483163934551E-15,
-0.707106781186546));
#14681=DIRECTION('ref_axis',(-0.707106781186546,0.,-0.707106781186549));
#14682=DIRECTION('',(0.,1.,-3.04739212899307E-15));
#14683=DIRECTION('',(0.577350269189626,0.577350269189627,0.577350269189624));
#14684=DIRECTION('center_axis',(0.,0.707106781186546,-0.707106781186549));
#14685=DIRECTION('ref_axis',(-1.,0.,0.));
#14686=DIRECTION('',(1.,0.,0.));
#14687=DIRECTION('',(-1.,0.,0.));
#14688=DIRECTION('center_axis',(0.,1.,0.));
#14689=DIRECTION('ref_axis',(1.,0.,0.));
#14690=DIRECTION('',(0.,0.,-1.));
#14691=DIRECTION('',(1.,0.,0.));
#14692=DIRECTION('center_axis',(-1.,0.,0.));
#14693=DIRECTION('ref_axis',(0.,0.,1.));
#14694=DIRECTION('center_axis',(-1.,0.,0.));
#14695=DIRECTION('ref_axis',(0.,-1.8503717077086E-15,1.));
#14696=DIRECTION('',(0.,0.,-1.));
#14697=DIRECTION('center_axis',(-1.,0.,0.));
#14698=DIRECTION('ref_axis',(0.,-2.7755575615629E-15,1.));
#14699=DIRECTION('',(0.,1.,0.));
#14700=DIRECTION('center_axis',(0.,-3.04739212899307E-15,-1.));
#14701=DIRECTION('ref_axis',(1.,0.,0.));
#14702=DIRECTION('center_axis',(0.,-1.,0.));
#14703=DIRECTION('ref_axis',(-1.,0.,0.));
#14704=DIRECTION('',(-1.,0.,0.));
#14705=DIRECTION('center_axis',(-1.,0.,0.));
#14706=DIRECTION('ref_axis',(0.,-1.38777878078145E-15,1.));
#14707=DIRECTION('center_axis',(-1.,0.,0.));
#14708=DIRECTION('ref_axis',(0.,-1.38777878078145E-15,1.));
#14709=DIRECTION('',(-1.,0.,0.));
#14710=DIRECTION('center_axis',(0.,0.,-1.));
#14711=DIRECTION('ref_axis',(-1.,0.,0.));
#14712=DIRECTION('center_axis',(0.707106781186548,-0.707106781186548,0.));
#14713=DIRECTION('ref_axis',(0.,0.,-1.));
#14714=DIRECTION('',(0.,0.,-1.));
#14715=DIRECTION('',(0.577350269189626,0.577350269189626,-0.577350269189626));
#14716=DIRECTION('',(0.,0.,1.));
#14717=DIRECTION('',(-0.577350269189626,-0.577350269189626,-0.577350269189626));
#14718=DIRECTION('center_axis',(0.,-0.707106781186548,-0.707106781186548));
#14719=DIRECTION('ref_axis',(-1.,0.,0.));
#14720=DIRECTION('',(1.,0.,0.));
#14721=DIRECTION('',(-1.,0.,0.));
#14722=DIRECTION('',(-0.577350269189626,0.577350269189626,-0.577350269189626));
#14723=DIRECTION('center_axis',(-0.707106781186548,-0.707106781186548,0.));
#14724=DIRECTION('ref_axis',(0.,0.,1.));
#14725=DIRECTION('',(0.,0.,-1.));
#14726=DIRECTION('',(0.,0.,1.));
#14727=DIRECTION('',(-0.577350269189626,0.577350269189626,0.577350269189626));
#14728=DIRECTION('center_axis',(0.,-0.707106781186548,0.707106781186548));
#14729=DIRECTION('ref_axis',(1.,0.,0.));
#14730=DIRECTION('',(-1.,0.,0.));
#14731=DIRECTION('',(1.,0.,0.));
#14732=DIRECTION('center_axis',(0.,0.,1.));
#14733=DIRECTION('ref_axis',(1.,0.,0.));
#14734=DIRECTION('',(0.,1.,0.));
#14735=DIRECTION('',(1.,0.,0.));
#14736=DIRECTION('',(0.,1.,0.));
#14737=DIRECTION('center_axis',(1.,0.,0.));
#14738=DIRECTION('ref_axis',(0.,0.,-1.));
#14739=DIRECTION('',(0.,1.,0.));
#14740=DIRECTION('center_axis',(-1.,0.,0.));
#14741=DIRECTION('ref_axis',(0.,-2.7755575615629E-15,1.));
#14742=DIRECTION('',(0.,0.,-1.));
#14743=DIRECTION('',(0.,-1.,3.04739212899307E-15));
#14744=DIRECTION('',(0.,0.,-1.));
#14745=DIRECTION('center_axis',(-1.,0.,0.));
#14746=DIRECTION('ref_axis',(0.,-1.8503717077086E-15,1.));
#14747=DIRECTION('center_axis',(0.,1.,0.));
#14748=DIRECTION('ref_axis',(1.,0.,0.));
#14749=DIRECTION('center_axis',(-0.707106781186543,-2.15483163934552E-15,
-0.707106781186552));
#14750=DIRECTION('ref_axis',(-0.707106781186552,0.,0.707106781186543));
#14751=DIRECTION('',(0.,-1.,3.04739212899307E-15));
#14752=DIRECTION('',(-0.577350269189626,-0.577350269189627,0.577350269189624));
#14753=DIRECTION('',(0.,1.,-3.04739212899307E-15));
#14754=DIRECTION('',(-0.577350269189628,0.577350269189628,0.577350269189621));
#14755=DIRECTION('center_axis',(0.,-0.707106781186546,-0.707106781186549));
#14756=DIRECTION('ref_axis',(-1.,0.,0.));
#14757=DIRECTION('',(1.,0.,0.));
#14758=DIRECTION('',(0.577350269189626,-0.577350269189627,0.577350269189624));
#14759=DIRECTION('',(-1.,0.,0.));
#14760=DIRECTION('center_axis',(0.707106781186549,-2.15483163934551E-15,
-0.707106781186546));
#14761=DIRECTION('ref_axis',(-0.707106781186546,0.,-0.707106781186549));
#14762=DIRECTION('',(0.,1.,-3.04739212899307E-15));
#14763=DIRECTION('',(0.577350269189626,0.577350269189627,0.577350269189624));
#14764=DIRECTION('center_axis',(0.,0.707106781186546,-0.707106781186549));
#14765=DIRECTION('ref_axis',(-1.,0.,0.));
#14766=DIRECTION('',(1.,0.,0.));
#14767=DIRECTION('',(-1.,0.,0.));
#14768=DIRECTION('center_axis',(0.,1.,0.));
#14769=DIRECTION('ref_axis',(1.,0.,0.));
#14770=DIRECTION('',(0.,0.,-1.));
#14771=DIRECTION('',(1.,0.,0.));
#14772=DIRECTION('center_axis',(-1.,0.,0.));
#14773=DIRECTION('ref_axis',(0.,0.,1.));
#14774=DIRECTION('center_axis',(-1.,0.,0.));
#14775=DIRECTION('ref_axis',(0.,-1.8503717077086E-15,1.));
#14776=DIRECTION('',(0.,0.,-1.));
#14777=DIRECTION('center_axis',(-1.,0.,0.));
#14778=DIRECTION('ref_axis',(0.,-2.7755575615629E-15,1.));
#14779=DIRECTION('',(0.,1.,0.));
#14780=DIRECTION('center_axis',(0.,-3.04739212899307E-15,-1.));
#14781=DIRECTION('ref_axis',(1.,0.,0.));
#14782=DIRECTION('center_axis',(0.,-1.,0.));
#14783=DIRECTION('ref_axis',(-1.,0.,0.));
#14784=DIRECTION('',(-1.,0.,0.));
#14785=DIRECTION('center_axis',(-1.,0.,0.));
#14786=DIRECTION('ref_axis',(0.,-1.38777878078145E-15,1.));
#14787=DIRECTION('center_axis',(-1.,0.,0.));
#14788=DIRECTION('ref_axis',(0.,-1.38777878078145E-15,1.));
#14789=DIRECTION('',(-1.,0.,0.));
#14790=DIRECTION('center_axis',(0.,0.,-1.));
#14791=DIRECTION('ref_axis',(-1.,0.,0.));
#14792=DIRECTION('center_axis',(0.707106781186548,-0.707106781186548,0.));
#14793=DIRECTION('ref_axis',(0.,0.,-1.));
#14794=DIRECTION('',(0.,0.,-1.));
#14795=DIRECTION('',(0.577350269189626,0.577350269189626,-0.577350269189626));
#14796=DIRECTION('',(0.,0.,1.));
#14797=DIRECTION('',(-0.577350269189626,-0.577350269189626,-0.577350269189626));
#14798=DIRECTION('center_axis',(0.,-0.707106781186548,-0.707106781186548));
#14799=DIRECTION('ref_axis',(-1.,0.,0.));
#14800=DIRECTION('',(1.,0.,0.));
#14801=DIRECTION('',(-1.,0.,0.));
#14802=DIRECTION('',(-0.577350269189626,0.577350269189626,-0.577350269189626));
#14803=DIRECTION('center_axis',(-0.707106781186548,-0.707106781186548,0.));
#14804=DIRECTION('ref_axis',(0.,0.,1.));
#14805=DIRECTION('',(0.,0.,-1.));
#14806=DIRECTION('',(0.,0.,1.));
#14807=DIRECTION('',(-0.577350269189626,0.577350269189626,0.577350269189626));
#14808=DIRECTION('center_axis',(0.,-0.707106781186548,0.707106781186548));
#14809=DIRECTION('ref_axis',(1.,0.,0.));
#14810=DIRECTION('',(-1.,0.,0.));
#14811=DIRECTION('',(1.,0.,0.));
#14812=DIRECTION('center_axis',(0.,0.,1.));
#14813=DIRECTION('ref_axis',(1.,0.,0.));
#14814=DIRECTION('',(0.,1.,0.));
#14815=DIRECTION('',(1.,0.,0.));
#14816=DIRECTION('',(0.,1.,0.));
#14817=DIRECTION('center_axis',(1.,0.,0.));
#14818=DIRECTION('ref_axis',(0.,0.,-1.));
#14819=DIRECTION('',(0.,1.,0.));
#14820=DIRECTION('center_axis',(-1.,0.,0.));
#14821=DIRECTION('ref_axis',(0.,-2.7755575615629E-15,1.));
#14822=DIRECTION('',(0.,0.,-1.));
#14823=DIRECTION('',(0.,-1.,3.04739212899307E-15));
#14824=DIRECTION('',(0.,0.,-1.));
#14825=DIRECTION('center_axis',(-1.,0.,0.));
#14826=DIRECTION('ref_axis',(0.,-1.8503717077086E-15,1.));
#14827=DIRECTION('center_axis',(0.,1.,0.));
#14828=DIRECTION('ref_axis',(1.,0.,0.));
#14829=DIRECTION('center_axis',(-0.707106781186543,-2.15483163934552E-15,
-0.707106781186552));
#14830=DIRECTION('ref_axis',(-0.707106781186552,0.,0.707106781186543));
#14831=DIRECTION('',(0.,-1.,3.04739212899307E-15));
#14832=DIRECTION('',(-0.577350269189626,-0.577350269189627,0.577350269189624));
#14833=DIRECTION('',(0.,1.,-3.04739212899307E-15));
#14834=DIRECTION('',(-0.577350269189628,0.577350269189628,0.577350269189621));
#14835=DIRECTION('center_axis',(0.,-0.707106781186546,-0.707106781186549));
#14836=DIRECTION('ref_axis',(-1.,0.,0.));
#14837=DIRECTION('',(1.,0.,0.));
#14838=DIRECTION('',(0.577350269189626,-0.577350269189627,0.577350269189624));
#14839=DIRECTION('',(-1.,0.,0.));
#14840=DIRECTION('center_axis',(0.707106781186549,-2.15483163934551E-15,
-0.707106781186546));
#14841=DIRECTION('ref_axis',(-0.707106781186546,0.,-0.707106781186549));
#14842=DIRECTION('',(0.,1.,-3.04739212899307E-15));
#14843=DIRECTION('',(0.577350269189626,0.577350269189627,0.577350269189624));
#14844=DIRECTION('center_axis',(0.,0.707106781186546,-0.707106781186549));
#14845=DIRECTION('ref_axis',(-1.,0.,0.));
#14846=DIRECTION('',(1.,0.,0.));
#14847=DIRECTION('',(-1.,0.,0.));
#14848=DIRECTION('center_axis',(0.,1.,0.));
#14849=DIRECTION('ref_axis',(1.,0.,0.));
#14850=DIRECTION('',(0.,0.,-1.));
#14851=DIRECTION('',(1.,0.,0.));
#14852=DIRECTION('center_axis',(-1.,0.,0.));
#14853=DIRECTION('ref_axis',(0.,0.,1.));
#14854=DIRECTION('center_axis',(-1.,0.,0.));
#14855=DIRECTION('ref_axis',(0.,-1.8503717077086E-15,1.));
#14856=DIRECTION('',(0.,0.,-1.));
#14857=DIRECTION('center_axis',(-1.,0.,0.));
#14858=DIRECTION('ref_axis',(0.,-2.7755575615629E-15,1.));
#14859=DIRECTION('',(0.,1.,0.));
#14860=DIRECTION('center_axis',(0.,-3.04739212899307E-15,-1.));
#14861=DIRECTION('ref_axis',(1.,0.,0.));
#14862=DIRECTION('center_axis',(0.,-1.,0.));
#14863=DIRECTION('ref_axis',(-1.,0.,0.));
#14864=DIRECTION('',(-1.,0.,0.));
#14865=DIRECTION('center_axis',(-1.,0.,0.));
#14866=DIRECTION('ref_axis',(0.,-1.38777878078145E-15,1.));
#14867=DIRECTION('center_axis',(-1.,0.,0.));
#14868=DIRECTION('ref_axis',(0.,-1.38777878078145E-15,1.));
#14869=DIRECTION('',(-1.,0.,0.));
#14870=DIRECTION('center_axis',(0.,0.,-1.));
#14871=DIRECTION('ref_axis',(-1.,0.,0.));
#14872=DIRECTION('center_axis',(0.707106781186548,-0.707106781186548,0.));
#14873=DIRECTION('ref_axis',(0.,0.,-1.));
#14874=DIRECTION('',(0.,0.,-1.));
#14875=DIRECTION('',(0.577350269189626,0.577350269189626,-0.577350269189626));
#14876=DIRECTION('',(0.,0.,1.));
#14877=DIRECTION('',(-0.577350269189626,-0.577350269189626,-0.577350269189626));
#14878=DIRECTION('center_axis',(0.,-0.707106781186548,-0.707106781186548));
#14879=DIRECTION('ref_axis',(-1.,0.,0.));
#14880=DIRECTION('',(1.,0.,0.));
#14881=DIRECTION('',(-1.,0.,0.));
#14882=DIRECTION('',(-0.577350269189626,0.577350269189626,-0.577350269189626));
#14883=DIRECTION('center_axis',(-0.707106781186548,-0.707106781186548,0.));
#14884=DIRECTION('ref_axis',(0.,0.,1.));
#14885=DIRECTION('',(0.,0.,-1.));
#14886=DIRECTION('',(0.,0.,1.));
#14887=DIRECTION('',(-0.577350269189626,0.577350269189626,0.577350269189626));
#14888=DIRECTION('center_axis',(0.,-0.707106781186548,0.707106781186548));
#14889=DIRECTION('ref_axis',(1.,0.,0.));
#14890=DIRECTION('',(-1.,0.,0.));
#14891=DIRECTION('',(1.,0.,0.));
#14892=DIRECTION('center_axis',(0.,0.,1.));
#14893=DIRECTION('ref_axis',(1.,0.,0.));
#14894=DIRECTION('',(0.,1.,0.));
#14895=DIRECTION('',(1.,0.,0.));
#14896=DIRECTION('',(0.,1.,0.));
#14897=DIRECTION('center_axis',(1.,0.,0.));
#14898=DIRECTION('ref_axis',(0.,0.,-1.));
#14899=DIRECTION('',(0.,1.,0.));
#14900=DIRECTION('center_axis',(-1.,0.,0.));
#14901=DIRECTION('ref_axis',(0.,-2.7755575615629E-15,1.));
#14902=DIRECTION('',(0.,0.,-1.));
#14903=DIRECTION('',(0.,-1.,3.04739212899307E-15));
#14904=DIRECTION('',(0.,0.,-1.));
#14905=DIRECTION('center_axis',(-1.,0.,0.));
#14906=DIRECTION('ref_axis',(0.,-1.8503717077086E-15,1.));
#14907=DIRECTION('center_axis',(0.,1.,0.));
#14908=DIRECTION('ref_axis',(1.,0.,0.));
#14909=DIRECTION('center_axis',(-0.707106781186543,-2.15483163934552E-15,
-0.707106781186552));
#14910=DIRECTION('ref_axis',(-0.707106781186552,0.,0.707106781186543));
#14911=DIRECTION('',(0.,-1.,3.04739212899307E-15));
#14912=DIRECTION('',(-0.577350269189626,-0.577350269189627,0.577350269189624));
#14913=DIRECTION('',(0.,1.,-3.04739212899307E-15));
#14914=DIRECTION('',(-0.577350269189628,0.577350269189628,0.577350269189621));
#14915=DIRECTION('center_axis',(0.,-0.707106781186546,-0.707106781186549));
#14916=DIRECTION('ref_axis',(-1.,0.,0.));
#14917=DIRECTION('',(1.,0.,0.));
#14918=DIRECTION('',(0.577350269189626,-0.577350269189627,0.577350269189624));
#14919=DIRECTION('',(-1.,0.,0.));
#14920=DIRECTION('center_axis',(0.707106781186549,-2.15483163934551E-15,
-0.707106781186546));
#14921=DIRECTION('ref_axis',(-0.707106781186546,0.,-0.707106781186549));
#14922=DIRECTION('',(0.,1.,-3.04739212899307E-15));
#14923=DIRECTION('',(0.577350269189626,0.577350269189627,0.577350269189624));
#14924=DIRECTION('center_axis',(0.,0.707106781186546,-0.707106781186549));
#14925=DIRECTION('ref_axis',(-1.,0.,0.));
#14926=DIRECTION('',(1.,0.,0.));
#14927=DIRECTION('',(-1.,0.,0.));
#14928=DIRECTION('center_axis',(0.,1.,0.));
#14929=DIRECTION('ref_axis',(1.,0.,0.));
#14930=DIRECTION('',(0.,0.,-1.));
#14931=DIRECTION('',(1.,0.,0.));
#14932=DIRECTION('center_axis',(-1.,0.,0.));
#14933=DIRECTION('ref_axis',(0.,0.,1.));
#14934=DIRECTION('center_axis',(-1.,0.,0.));
#14935=DIRECTION('ref_axis',(0.,-1.8503717077086E-15,1.));
#14936=DIRECTION('',(0.,0.,-1.));
#14937=DIRECTION('center_axis',(-1.,0.,0.));
#14938=DIRECTION('ref_axis',(0.,-2.7755575615629E-15,1.));
#14939=DIRECTION('',(0.,1.,0.));
#14940=DIRECTION('center_axis',(0.,-3.04739212899307E-15,-1.));
#14941=DIRECTION('ref_axis',(1.,0.,0.));
#14942=DIRECTION('center_axis',(0.,-1.,0.));
#14943=DIRECTION('ref_axis',(-1.,0.,0.));
#14944=DIRECTION('',(-1.,0.,0.));
#14945=DIRECTION('center_axis',(-1.,0.,0.));
#14946=DIRECTION('ref_axis',(0.,-1.38777878078145E-15,1.));
#14947=DIRECTION('center_axis',(-1.,0.,0.));
#14948=DIRECTION('ref_axis',(0.,-1.38777878078145E-15,1.));
#14949=DIRECTION('',(-1.,0.,0.));
#14950=DIRECTION('center_axis',(0.,0.,-1.));
#14951=DIRECTION('ref_axis',(-1.,0.,0.));
#14952=DIRECTION('center_axis',(0.707106781186548,-0.707106781186548,0.));
#14953=DIRECTION('ref_axis',(0.,0.,-1.));
#14954=DIRECTION('',(0.,0.,-1.));
#14955=DIRECTION('',(0.577350269189626,0.577350269189626,-0.577350269189626));
#14956=DIRECTION('',(0.,0.,1.));
#14957=DIRECTION('',(-0.577350269189626,-0.577350269189626,-0.577350269189626));
#14958=DIRECTION('center_axis',(0.,-0.707106781186548,-0.707106781186548));
#14959=DIRECTION('ref_axis',(-1.,0.,0.));
#14960=DIRECTION('',(1.,0.,0.));
#14961=DIRECTION('',(-1.,0.,0.));
#14962=DIRECTION('',(-0.577350269189626,0.577350269189626,-0.577350269189626));
#14963=DIRECTION('center_axis',(-0.707106781186548,-0.707106781186548,0.));
#14964=DIRECTION('ref_axis',(0.,0.,1.));
#14965=DIRECTION('',(0.,0.,-1.));
#14966=DIRECTION('',(0.,0.,1.));
#14967=DIRECTION('',(-0.577350269189626,0.577350269189626,0.577350269189626));
#14968=DIRECTION('center_axis',(0.,-0.707106781186548,0.707106781186548));
#14969=DIRECTION('ref_axis',(1.,0.,0.));
#14970=DIRECTION('',(-1.,0.,0.));
#14971=DIRECTION('',(1.,0.,0.));
#14972=DIRECTION('center_axis',(0.,0.,1.));
#14973=DIRECTION('ref_axis',(1.,0.,0.));
#14974=DIRECTION('',(0.,1.,0.));
#14975=DIRECTION('',(1.,0.,0.));
#14976=DIRECTION('',(0.,1.,0.));
#14977=DIRECTION('center_axis',(1.,0.,0.));
#14978=DIRECTION('ref_axis',(0.,0.,-1.));
#14979=DIRECTION('',(0.,1.,0.));
#14980=DIRECTION('center_axis',(-1.,0.,0.));
#14981=DIRECTION('ref_axis',(0.,-2.7755575615629E-15,1.));
#14982=DIRECTION('',(0.,0.,-1.));
#14983=DIRECTION('',(0.,-1.,3.04739212899307E-15));
#14984=DIRECTION('',(0.,0.,-1.));
#14985=DIRECTION('center_axis',(-1.,0.,0.));
#14986=DIRECTION('ref_axis',(0.,-1.8503717077086E-15,1.));
#14987=DIRECTION('center_axis',(0.,1.,0.));
#14988=DIRECTION('ref_axis',(1.,0.,0.));
#14989=DIRECTION('center_axis',(-0.707106781186543,-2.15483163934552E-15,
-0.707106781186552));
#14990=DIRECTION('ref_axis',(-0.707106781186552,0.,0.707106781186543));
#14991=DIRECTION('',(0.,-1.,3.04739212899307E-15));
#14992=DIRECTION('',(-0.577350269189626,-0.577350269189627,0.577350269189624));
#14993=DIRECTION('',(0.,1.,-3.04739212899307E-15));
#14994=DIRECTION('',(-0.577350269189628,0.577350269189628,0.577350269189621));
#14995=DIRECTION('center_axis',(0.,-0.707106781186546,-0.707106781186549));
#14996=DIRECTION('ref_axis',(-1.,0.,0.));
#14997=DIRECTION('',(1.,0.,0.));
#14998=DIRECTION('',(0.577350269189626,-0.577350269189627,0.577350269189624));
#14999=DIRECTION('',(-1.,0.,0.));
#15000=DIRECTION('center_axis',(0.707106781186549,-2.15483163934551E-15,
-0.707106781186546));
#15001=DIRECTION('ref_axis',(-0.707106781186546,0.,-0.707106781186549));
#15002=DIRECTION('',(0.,1.,-3.04739212899307E-15));
#15003=DIRECTION('',(0.577350269189626,0.577350269189627,0.577350269189624));
#15004=DIRECTION('center_axis',(0.,0.707106781186546,-0.707106781186549));
#15005=DIRECTION('ref_axis',(-1.,0.,0.));
#15006=DIRECTION('',(1.,0.,0.));
#15007=DIRECTION('',(-1.,0.,0.));
#15008=DIRECTION('center_axis',(0.,1.,0.));
#15009=DIRECTION('ref_axis',(1.,0.,0.));
#15010=DIRECTION('',(0.,0.,-1.));
#15011=DIRECTION('',(1.,0.,0.));
#15012=DIRECTION('center_axis',(-1.,0.,0.));
#15013=DIRECTION('ref_axis',(0.,0.,1.));
#15014=DIRECTION('center_axis',(-1.,0.,0.));
#15015=DIRECTION('ref_axis',(0.,-1.8503717077086E-15,1.));
#15016=DIRECTION('',(0.,0.,-1.));
#15017=DIRECTION('center_axis',(-1.,0.,0.));
#15018=DIRECTION('ref_axis',(0.,-2.7755575615629E-15,1.));
#15019=DIRECTION('',(0.,1.,0.));
#15020=DIRECTION('center_axis',(0.,-3.04739212899307E-15,-1.));
#15021=DIRECTION('ref_axis',(1.,0.,0.));
#15022=DIRECTION('center_axis',(0.,-1.,0.));
#15023=DIRECTION('ref_axis',(-1.,0.,0.));
#15024=DIRECTION('',(-1.,0.,0.));
#15025=DIRECTION('center_axis',(-1.,0.,0.));
#15026=DIRECTION('ref_axis',(0.,-1.38777878078145E-15,1.));
#15027=DIRECTION('center_axis',(-1.,0.,0.));
#15028=DIRECTION('ref_axis',(0.,-1.38777878078145E-15,1.));
#15029=DIRECTION('',(-1.,0.,0.));
#15030=DIRECTION('center_axis',(0.,0.,-1.));
#15031=DIRECTION('ref_axis',(-1.,0.,0.));
#15032=DIRECTION('center_axis',(0.707106781186548,-0.707106781186548,0.));
#15033=DIRECTION('ref_axis',(0.,0.,-1.));
#15034=DIRECTION('',(0.,0.,-1.));
#15035=DIRECTION('',(0.577350269189626,0.577350269189626,-0.577350269189626));
#15036=DIRECTION('',(0.,0.,1.));
#15037=DIRECTION('',(-0.577350269189626,-0.577350269189626,-0.577350269189626));
#15038=DIRECTION('center_axis',(0.,-0.707106781186548,-0.707106781186548));
#15039=DIRECTION('ref_axis',(-1.,0.,0.));
#15040=DIRECTION('',(1.,0.,0.));
#15041=DIRECTION('',(-1.,0.,0.));
#15042=DIRECTION('',(-0.577350269189626,0.577350269189626,-0.577350269189626));
#15043=DIRECTION('center_axis',(-0.707106781186548,-0.707106781186548,0.));
#15044=DIRECTION('ref_axis',(0.,0.,1.));
#15045=DIRECTION('',(0.,0.,-1.));
#15046=DIRECTION('',(0.,0.,1.));
#15047=DIRECTION('',(-0.577350269189626,0.577350269189626,0.577350269189626));
#15048=DIRECTION('center_axis',(0.,-0.707106781186548,0.707106781186548));
#15049=DIRECTION('ref_axis',(1.,0.,0.));
#15050=DIRECTION('',(-1.,0.,0.));
#15051=DIRECTION('',(1.,0.,0.));
#15052=DIRECTION('center_axis',(0.,0.,1.));
#15053=DIRECTION('ref_axis',(1.,0.,0.));
#15054=DIRECTION('',(0.,1.,0.));
#15055=DIRECTION('',(1.,0.,0.));
#15056=DIRECTION('',(0.,1.,0.));
#15057=DIRECTION('center_axis',(1.,0.,0.));
#15058=DIRECTION('ref_axis',(0.,0.,-1.));
#15059=DIRECTION('',(0.,1.,0.));
#15060=DIRECTION('center_axis',(-1.,0.,0.));
#15061=DIRECTION('ref_axis',(0.,-2.7755575615629E-15,1.));
#15062=DIRECTION('',(0.,0.,-1.));
#15063=DIRECTION('',(0.,-1.,3.04739212899307E-15));
#15064=DIRECTION('',(0.,0.,-1.));
#15065=DIRECTION('center_axis',(-1.,0.,0.));
#15066=DIRECTION('ref_axis',(0.,-1.8503717077086E-15,1.));
#15067=DIRECTION('center_axis',(0.,1.,0.));
#15068=DIRECTION('ref_axis',(1.,0.,0.));
#15069=DIRECTION('center_axis',(-0.707106781186543,-2.15483163934552E-15,
-0.707106781186552));
#15070=DIRECTION('ref_axis',(-0.707106781186552,0.,0.707106781186543));
#15071=DIRECTION('',(0.,-1.,3.04739212899307E-15));
#15072=DIRECTION('',(-0.577350269189626,-0.577350269189627,0.577350269189624));
#15073=DIRECTION('',(0.,1.,-3.04739212899307E-15));
#15074=DIRECTION('',(-0.577350269189628,0.577350269189628,0.577350269189621));
#15075=DIRECTION('center_axis',(0.,-0.707106781186546,-0.707106781186549));
#15076=DIRECTION('ref_axis',(-1.,0.,0.));
#15077=DIRECTION('',(1.,0.,0.));
#15078=DIRECTION('',(0.577350269189626,-0.577350269189627,0.577350269189624));
#15079=DIRECTION('',(-1.,0.,0.));
#15080=DIRECTION('center_axis',(0.707106781186549,-2.15483163934551E-15,
-0.707106781186546));
#15081=DIRECTION('ref_axis',(-0.707106781186546,0.,-0.707106781186549));
#15082=DIRECTION('',(0.,1.,-3.04739212899307E-15));
#15083=DIRECTION('',(0.577350269189626,0.577350269189627,0.577350269189624));
#15084=DIRECTION('center_axis',(0.,0.707106781186546,-0.707106781186549));
#15085=DIRECTION('ref_axis',(-1.,0.,0.));
#15086=DIRECTION('',(1.,0.,0.));
#15087=DIRECTION('',(-1.,0.,0.));
#15088=DIRECTION('center_axis',(0.,1.,0.));
#15089=DIRECTION('ref_axis',(1.,0.,0.));
#15090=DIRECTION('',(0.,0.,-1.));
#15091=DIRECTION('',(1.,0.,0.));
#15092=DIRECTION('center_axis',(-1.,0.,0.));
#15093=DIRECTION('ref_axis',(0.,0.,1.));
#15094=DIRECTION('center_axis',(-1.,0.,0.));
#15095=DIRECTION('ref_axis',(0.,-1.8503717077086E-15,1.));
#15096=DIRECTION('',(0.,0.,-1.));
#15097=DIRECTION('center_axis',(-1.,0.,0.));
#15098=DIRECTION('ref_axis',(0.,-2.7755575615629E-15,1.));
#15099=DIRECTION('',(0.,1.,0.));
#15100=DIRECTION('center_axis',(0.,-3.04739212899307E-15,-1.));
#15101=DIRECTION('ref_axis',(1.,0.,0.));
#15102=DIRECTION('center_axis',(0.,-1.,0.));
#15103=DIRECTION('ref_axis',(-1.,0.,0.));
#15104=DIRECTION('',(-1.,0.,0.));
#15105=DIRECTION('center_axis',(-1.,0.,0.));
#15106=DIRECTION('ref_axis',(0.,-1.38777878078145E-15,1.));
#15107=DIRECTION('center_axis',(-1.,0.,0.));
#15108=DIRECTION('ref_axis',(0.,-1.38777878078145E-15,1.));
#15109=DIRECTION('',(-1.,0.,0.));
#15110=DIRECTION('center_axis',(0.,0.,-1.));
#15111=DIRECTION('ref_axis',(-1.,0.,0.));
#15112=DIRECTION('center_axis',(0.707106781186548,-0.707106781186548,0.));
#15113=DIRECTION('ref_axis',(0.,0.,-1.));
#15114=DIRECTION('',(0.,0.,-1.));
#15115=DIRECTION('',(0.577350269189626,0.577350269189626,-0.577350269189626));
#15116=DIRECTION('',(0.,0.,1.));
#15117=DIRECTION('',(-0.577350269189626,-0.577350269189626,-0.577350269189626));
#15118=DIRECTION('center_axis',(0.,-0.707106781186548,-0.707106781186548));
#15119=DIRECTION('ref_axis',(-1.,0.,0.));
#15120=DIRECTION('',(1.,0.,0.));
#15121=DIRECTION('',(-1.,0.,0.));
#15122=DIRECTION('',(-0.577350269189626,0.577350269189626,-0.577350269189626));
#15123=DIRECTION('center_axis',(-0.707106781186548,-0.707106781186548,0.));
#15124=DIRECTION('ref_axis',(0.,0.,1.));
#15125=DIRECTION('',(0.,0.,-1.));
#15126=DIRECTION('',(0.,0.,1.));
#15127=DIRECTION('',(-0.577350269189626,0.577350269189626,0.577350269189626));
#15128=DIRECTION('center_axis',(0.,-0.707106781186548,0.707106781186548));
#15129=DIRECTION('ref_axis',(1.,0.,0.));
#15130=DIRECTION('',(-1.,0.,0.));
#15131=DIRECTION('',(1.,0.,0.));
#15132=DIRECTION('center_axis',(0.,0.,1.));
#15133=DIRECTION('ref_axis',(1.,0.,0.));
#15134=DIRECTION('',(0.,1.,0.));
#15135=DIRECTION('',(1.,0.,0.));
#15136=DIRECTION('',(0.,1.,0.));
#15137=DIRECTION('center_axis',(1.,0.,0.));
#15138=DIRECTION('ref_axis',(0.,0.,-1.));
#15139=DIRECTION('',(0.,1.,0.));
#15140=DIRECTION('center_axis',(-1.,0.,0.));
#15141=DIRECTION('ref_axis',(0.,-2.7755575615629E-15,1.));
#15142=DIRECTION('',(0.,0.,-1.));
#15143=DIRECTION('',(0.,-1.,3.04739212899307E-15));
#15144=DIRECTION('',(0.,0.,-1.));
#15145=DIRECTION('center_axis',(-1.,0.,0.));
#15146=DIRECTION('ref_axis',(0.,-1.8503717077086E-15,1.));
#15147=DIRECTION('center_axis',(0.,1.,0.));
#15148=DIRECTION('ref_axis',(1.,0.,0.));
#15149=DIRECTION('center_axis',(-0.707106781186543,-2.15483163934552E-15,
-0.707106781186552));
#15150=DIRECTION('ref_axis',(-0.707106781186552,0.,0.707106781186543));
#15151=DIRECTION('',(0.,-1.,3.04739212899307E-15));
#15152=DIRECTION('',(-0.577350269189626,-0.577350269189627,0.577350269189624));
#15153=DIRECTION('',(0.,1.,-3.04739212899307E-15));
#15154=DIRECTION('',(-0.577350269189628,0.577350269189628,0.577350269189621));
#15155=DIRECTION('center_axis',(0.,-0.707106781186546,-0.707106781186549));
#15156=DIRECTION('ref_axis',(-1.,0.,0.));
#15157=DIRECTION('',(1.,0.,0.));
#15158=DIRECTION('',(0.577350269189626,-0.577350269189627,0.577350269189624));
#15159=DIRECTION('',(-1.,0.,0.));
#15160=DIRECTION('center_axis',(0.707106781186549,-2.15483163934551E-15,
-0.707106781186546));
#15161=DIRECTION('ref_axis',(-0.707106781186546,0.,-0.707106781186549));
#15162=DIRECTION('',(0.,1.,-3.04739212899307E-15));
#15163=DIRECTION('',(0.577350269189626,0.577350269189627,0.577350269189624));
#15164=DIRECTION('center_axis',(0.,0.707106781186546,-0.707106781186549));
#15165=DIRECTION('ref_axis',(-1.,0.,0.));
#15166=DIRECTION('',(1.,0.,0.));
#15167=DIRECTION('',(-1.,0.,0.));
#15168=DIRECTION('center_axis',(0.,1.,0.));
#15169=DIRECTION('ref_axis',(1.,0.,0.));
#15170=DIRECTION('',(0.,0.,-1.));
#15171=DIRECTION('',(1.,0.,0.));
#15172=DIRECTION('center_axis',(-1.,0.,0.));
#15173=DIRECTION('ref_axis',(0.,0.,1.));
#15174=DIRECTION('center_axis',(-1.,0.,0.));
#15175=DIRECTION('ref_axis',(0.,-1.8503717077086E-15,1.));
#15176=DIRECTION('',(0.,0.,-1.));
#15177=DIRECTION('center_axis',(-1.,0.,0.));
#15178=DIRECTION('ref_axis',(0.,-2.7755575615629E-15,1.));
#15179=DIRECTION('',(0.,1.,0.));
#15180=DIRECTION('center_axis',(0.,-3.04739212899307E-15,-1.));
#15181=DIRECTION('ref_axis',(1.,0.,0.));
#15182=DIRECTION('center_axis',(0.,-1.,0.));
#15183=DIRECTION('ref_axis',(-1.,0.,0.));
#15184=DIRECTION('',(-1.,0.,0.));
#15185=DIRECTION('center_axis',(-1.,0.,0.));
#15186=DIRECTION('ref_axis',(0.,-1.38777878078145E-15,1.));
#15187=DIRECTION('center_axis',(-1.,0.,0.));
#15188=DIRECTION('ref_axis',(0.,-1.38777878078145E-15,1.));
#15189=DIRECTION('',(-1.,0.,0.));
#15190=DIRECTION('center_axis',(0.,0.,-1.));
#15191=DIRECTION('ref_axis',(-1.,0.,0.));
#15192=DIRECTION('center_axis',(0.707106781186548,-0.707106781186548,0.));
#15193=DIRECTION('ref_axis',(0.,0.,-1.));
#15194=DIRECTION('',(0.,0.,-1.));
#15195=DIRECTION('',(0.577350269189626,0.577350269189626,-0.577350269189626));
#15196=DIRECTION('',(0.,0.,1.));
#15197=DIRECTION('',(-0.577350269189626,-0.577350269189626,-0.577350269189626));
#15198=DIRECTION('center_axis',(0.,-0.707106781186548,-0.707106781186548));
#15199=DIRECTION('ref_axis',(-1.,0.,0.));
#15200=DIRECTION('',(1.,0.,0.));
#15201=DIRECTION('',(-1.,0.,0.));
#15202=DIRECTION('',(-0.577350269189626,0.577350269189626,-0.577350269189626));
#15203=DIRECTION('center_axis',(-0.707106781186548,-0.707106781186548,0.));
#15204=DIRECTION('ref_axis',(0.,0.,1.));
#15205=DIRECTION('',(0.,0.,-1.));
#15206=DIRECTION('',(0.,0.,1.));
#15207=DIRECTION('',(-0.577350269189626,0.577350269189626,0.577350269189626));
#15208=DIRECTION('center_axis',(0.,-0.707106781186548,0.707106781186548));
#15209=DIRECTION('ref_axis',(1.,0.,0.));
#15210=DIRECTION('',(-1.,0.,0.));
#15211=DIRECTION('',(1.,0.,0.));
#15212=DIRECTION('center_axis',(0.,0.,1.));
#15213=DIRECTION('ref_axis',(1.,0.,0.));
#15214=DIRECTION('',(0.,1.,0.));
#15215=DIRECTION('',(1.,0.,0.));
#15216=DIRECTION('',(0.,1.,0.));
#15217=DIRECTION('center_axis',(1.,0.,0.));
#15218=DIRECTION('ref_axis',(0.,0.,-1.));
#15219=DIRECTION('',(0.,1.,0.));
#15220=DIRECTION('center_axis',(-1.,0.,0.));
#15221=DIRECTION('ref_axis',(0.,-2.7755575615629E-15,1.));
#15222=DIRECTION('',(0.,0.,-1.));
#15223=DIRECTION('',(0.,-1.,3.04739212899307E-15));
#15224=DIRECTION('',(0.,0.,-1.));
#15225=DIRECTION('center_axis',(-1.,0.,0.));
#15226=DIRECTION('ref_axis',(0.,-1.8503717077086E-15,1.));
#15227=DIRECTION('center_axis',(0.,1.,0.));
#15228=DIRECTION('ref_axis',(1.,0.,0.));
#15229=DIRECTION('center_axis',(-0.707106781186543,-2.15483163934552E-15,
-0.707106781186552));
#15230=DIRECTION('ref_axis',(-0.707106781186552,0.,0.707106781186543));
#15231=DIRECTION('',(0.,-1.,3.04739212899307E-15));
#15232=DIRECTION('',(-0.577350269189626,-0.577350269189627,0.577350269189624));
#15233=DIRECTION('',(0.,1.,-3.04739212899307E-15));
#15234=DIRECTION('',(-0.577350269189628,0.577350269189628,0.577350269189621));
#15235=DIRECTION('center_axis',(0.,-0.707106781186546,-0.707106781186549));
#15236=DIRECTION('ref_axis',(-1.,0.,0.));
#15237=DIRECTION('',(1.,0.,0.));
#15238=DIRECTION('',(0.577350269189626,-0.577350269189627,0.577350269189624));
#15239=DIRECTION('',(-1.,0.,0.));
#15240=DIRECTION('center_axis',(0.707106781186549,-2.15483163934551E-15,
-0.707106781186546));
#15241=DIRECTION('ref_axis',(-0.707106781186546,0.,-0.707106781186549));
#15242=DIRECTION('',(0.,1.,-3.04739212899307E-15));
#15243=DIRECTION('',(0.577350269189626,0.577350269189627,0.577350269189624));
#15244=DIRECTION('center_axis',(0.,0.707106781186546,-0.707106781186549));
#15245=DIRECTION('ref_axis',(-1.,0.,0.));
#15246=DIRECTION('',(1.,0.,0.));
#15247=DIRECTION('',(-1.,0.,0.));
#15248=DIRECTION('center_axis',(0.,1.,0.));
#15249=DIRECTION('ref_axis',(1.,0.,0.));
#15250=DIRECTION('',(0.,0.,-1.));
#15251=DIRECTION('',(1.,0.,0.));
#15252=DIRECTION('center_axis',(-1.,0.,0.));
#15253=DIRECTION('ref_axis',(0.,0.,1.));
#15254=DIRECTION('center_axis',(-1.,0.,0.));
#15255=DIRECTION('ref_axis',(0.,-1.8503717077086E-15,1.));
#15256=DIRECTION('',(0.,0.,-1.));
#15257=DIRECTION('center_axis',(-1.,0.,0.));
#15258=DIRECTION('ref_axis',(0.,-2.7755575615629E-15,1.));
#15259=DIRECTION('',(0.,1.,0.));
#15260=DIRECTION('center_axis',(0.,-3.04739212899307E-15,-1.));
#15261=DIRECTION('ref_axis',(1.,0.,0.));
#15262=DIRECTION('center_axis',(0.,-1.,0.));
#15263=DIRECTION('ref_axis',(-1.,0.,0.));
#15264=DIRECTION('',(-1.,0.,0.));
#15265=DIRECTION('center_axis',(-1.,0.,0.));
#15266=DIRECTION('ref_axis',(0.,-1.38777878078145E-15,1.));
#15267=DIRECTION('center_axis',(-1.,0.,0.));
#15268=DIRECTION('ref_axis',(0.,-1.38777878078145E-15,1.));
#15269=DIRECTION('',(-1.,0.,0.));
#15270=DIRECTION('center_axis',(0.,0.,-1.));
#15271=DIRECTION('ref_axis',(-1.,0.,0.));
#15272=DIRECTION('center_axis',(0.707106781186548,-0.707106781186548,0.));
#15273=DIRECTION('ref_axis',(0.,0.,-1.));
#15274=DIRECTION('',(0.,0.,-1.));
#15275=DIRECTION('',(0.577350269189626,0.577350269189626,-0.577350269189626));
#15276=DIRECTION('',(0.,0.,1.));
#15277=DIRECTION('',(-0.577350269189626,-0.577350269189626,-0.577350269189626));
#15278=DIRECTION('center_axis',(0.,-0.707106781186548,-0.707106781186548));
#15279=DIRECTION('ref_axis',(-1.,0.,0.));
#15280=DIRECTION('',(1.,0.,0.));
#15281=DIRECTION('',(-1.,0.,0.));
#15282=DIRECTION('',(-0.577350269189626,0.577350269189626,-0.577350269189626));
#15283=DIRECTION('center_axis',(-0.707106781186548,-0.707106781186548,0.));
#15284=DIRECTION('ref_axis',(0.,0.,1.));
#15285=DIRECTION('',(0.,0.,-1.));
#15286=DIRECTION('',(0.,0.,1.));
#15287=DIRECTION('',(-0.577350269189626,0.577350269189626,0.577350269189626));
#15288=DIRECTION('center_axis',(0.,-0.707106781186548,0.707106781186548));
#15289=DIRECTION('ref_axis',(1.,0.,0.));
#15290=DIRECTION('',(-1.,0.,0.));
#15291=DIRECTION('',(1.,0.,0.));
#15292=DIRECTION('center_axis',(0.,0.,1.));
#15293=DIRECTION('ref_axis',(1.,0.,0.));
#15294=DIRECTION('',(0.,1.,0.));
#15295=DIRECTION('',(1.,0.,0.));
#15296=DIRECTION('',(0.,1.,0.));
#15297=DIRECTION('center_axis',(1.,0.,0.));
#15298=DIRECTION('ref_axis',(0.,0.,-1.));
#15299=DIRECTION('',(0.,1.,0.));
#15300=DIRECTION('center_axis',(-1.,0.,0.));
#15301=DIRECTION('ref_axis',(0.,-2.7755575615629E-15,1.));
#15302=DIRECTION('',(0.,0.,-1.));
#15303=DIRECTION('',(0.,-1.,3.04739212899307E-15));
#15304=DIRECTION('',(0.,0.,-1.));
#15305=DIRECTION('center_axis',(-1.,0.,0.));
#15306=DIRECTION('ref_axis',(0.,-1.8503717077086E-15,1.));
#15307=DIRECTION('center_axis',(0.,1.,0.));
#15308=DIRECTION('ref_axis',(1.,0.,0.));
#15309=DIRECTION('center_axis',(-0.707106781186543,-2.15483163934552E-15,
-0.707106781186552));
#15310=DIRECTION('ref_axis',(-0.707106781186552,0.,0.707106781186543));
#15311=DIRECTION('',(0.,-1.,3.04739212899307E-15));
#15312=DIRECTION('',(-0.577350269189626,-0.577350269189627,0.577350269189624));
#15313=DIRECTION('',(0.,1.,-3.04739212899307E-15));
#15314=DIRECTION('',(-0.577350269189628,0.577350269189628,0.577350269189621));
#15315=DIRECTION('center_axis',(0.,-0.707106781186546,-0.707106781186549));
#15316=DIRECTION('ref_axis',(-1.,0.,0.));
#15317=DIRECTION('',(1.,0.,0.));
#15318=DIRECTION('',(0.577350269189626,-0.577350269189627,0.577350269189624));
#15319=DIRECTION('',(-1.,0.,0.));
#15320=DIRECTION('center_axis',(0.707106781186549,-2.15483163934551E-15,
-0.707106781186546));
#15321=DIRECTION('ref_axis',(-0.707106781186546,0.,-0.707106781186549));
#15322=DIRECTION('',(0.,1.,-3.04739212899307E-15));
#15323=DIRECTION('',(0.577350269189626,0.577350269189627,0.577350269189624));
#15324=DIRECTION('center_axis',(0.,0.707106781186546,-0.707106781186549));
#15325=DIRECTION('ref_axis',(-1.,0.,0.));
#15326=DIRECTION('',(1.,0.,0.));
#15327=DIRECTION('',(-1.,0.,0.));
#15328=DIRECTION('center_axis',(0.,1.,0.));
#15329=DIRECTION('ref_axis',(1.,0.,0.));
#15330=DIRECTION('',(0.,0.,-1.));
#15331=DIRECTION('',(1.,0.,0.));
#15332=DIRECTION('center_axis',(-1.,0.,0.));
#15333=DIRECTION('ref_axis',(0.,0.,1.));
#15334=DIRECTION('center_axis',(-1.,0.,0.));
#15335=DIRECTION('ref_axis',(0.,-1.8503717077086E-15,1.));
#15336=DIRECTION('',(0.,0.,-1.));
#15337=DIRECTION('center_axis',(-1.,0.,0.));
#15338=DIRECTION('ref_axis',(0.,-2.7755575615629E-15,1.));
#15339=DIRECTION('',(0.,1.,0.));
#15340=DIRECTION('center_axis',(0.,-3.04739212899307E-15,-1.));
#15341=DIRECTION('ref_axis',(1.,0.,0.));
#15342=DIRECTION('center_axis',(0.,-1.,0.));
#15343=DIRECTION('ref_axis',(-1.,0.,0.));
#15344=DIRECTION('',(-1.,0.,0.));
#15345=DIRECTION('center_axis',(-1.,0.,0.));
#15346=DIRECTION('ref_axis',(0.,-1.38777878078145E-15,1.));
#15347=DIRECTION('center_axis',(-1.,0.,0.));
#15348=DIRECTION('ref_axis',(0.,-1.38777878078145E-15,1.));
#15349=DIRECTION('',(-1.,0.,0.));
#15350=DIRECTION('center_axis',(0.,0.,-1.));
#15351=DIRECTION('ref_axis',(-1.,0.,0.));
#15352=DIRECTION('center_axis',(0.707106781186548,-0.707106781186548,0.));
#15353=DIRECTION('ref_axis',(0.,0.,-1.));
#15354=DIRECTION('',(0.,0.,-1.));
#15355=DIRECTION('',(0.577350269189626,0.577350269189626,-0.577350269189626));
#15356=DIRECTION('',(0.,0.,1.));
#15357=DIRECTION('',(-0.577350269189626,-0.577350269189626,-0.577350269189626));
#15358=DIRECTION('center_axis',(0.,-0.707106781186548,-0.707106781186548));
#15359=DIRECTION('ref_axis',(-1.,0.,0.));
#15360=DIRECTION('',(1.,0.,0.));
#15361=DIRECTION('',(-1.,0.,0.));
#15362=DIRECTION('',(-0.577350269189626,0.577350269189626,-0.577350269189626));
#15363=DIRECTION('center_axis',(-0.707106781186548,-0.707106781186548,0.));
#15364=DIRECTION('ref_axis',(0.,0.,1.));
#15365=DIRECTION('',(0.,0.,-1.));
#15366=DIRECTION('',(0.,0.,1.));
#15367=DIRECTION('',(-0.577350269189626,0.577350269189626,0.577350269189626));
#15368=DIRECTION('center_axis',(0.,-0.707106781186548,0.707106781186548));
#15369=DIRECTION('ref_axis',(1.,0.,0.));
#15370=DIRECTION('',(-1.,0.,0.));
#15371=DIRECTION('',(1.,0.,0.));
#15372=DIRECTION('center_axis',(0.,0.,1.));
#15373=DIRECTION('ref_axis',(1.,0.,0.));
#15374=DIRECTION('',(0.,1.,0.));
#15375=DIRECTION('',(1.,0.,0.));
#15376=DIRECTION('',(0.,1.,0.));
#15377=DIRECTION('center_axis',(1.,0.,0.));
#15378=DIRECTION('ref_axis',(0.,0.,-1.));
#15379=DIRECTION('',(0.,1.,0.));
#15380=DIRECTION('center_axis',(-1.,0.,0.));
#15381=DIRECTION('ref_axis',(0.,-2.7755575615629E-15,1.));
#15382=DIRECTION('',(0.,0.,-1.));
#15383=DIRECTION('',(0.,-1.,3.04739212899307E-15));
#15384=DIRECTION('',(0.,0.,-1.));
#15385=DIRECTION('center_axis',(-1.,0.,0.));
#15386=DIRECTION('ref_axis',(0.,-1.8503717077086E-15,1.));
#15387=DIRECTION('center_axis',(0.,1.,0.));
#15388=DIRECTION('ref_axis',(1.,0.,0.));
#15389=DIRECTION('center_axis',(-0.707106781186543,-2.15483163934552E-15,
-0.707106781186552));
#15390=DIRECTION('ref_axis',(-0.707106781186552,0.,0.707106781186543));
#15391=DIRECTION('',(0.,-1.,3.04739212899307E-15));
#15392=DIRECTION('',(-0.577350269189626,-0.577350269189627,0.577350269189624));
#15393=DIRECTION('',(0.,1.,-3.04739212899307E-15));
#15394=DIRECTION('',(-0.577350269189628,0.577350269189628,0.577350269189621));
#15395=DIRECTION('center_axis',(0.,-0.707106781186546,-0.707106781186549));
#15396=DIRECTION('ref_axis',(-1.,0.,0.));
#15397=DIRECTION('',(1.,0.,0.));
#15398=DIRECTION('',(0.577350269189626,-0.577350269189627,0.577350269189624));
#15399=DIRECTION('',(-1.,0.,0.));
#15400=DIRECTION('center_axis',(0.707106781186549,-2.15483163934551E-15,
-0.707106781186546));
#15401=DIRECTION('ref_axis',(-0.707106781186546,0.,-0.707106781186549));
#15402=DIRECTION('',(0.,1.,-3.04739212899307E-15));
#15403=DIRECTION('',(0.577350269189626,0.577350269189627,0.577350269189624));
#15404=DIRECTION('center_axis',(0.,0.707106781186546,-0.707106781186549));
#15405=DIRECTION('ref_axis',(-1.,0.,0.));
#15406=DIRECTION('',(1.,0.,0.));
#15407=DIRECTION('',(-1.,0.,0.));
#15408=DIRECTION('center_axis',(0.,1.,0.));
#15409=DIRECTION('ref_axis',(1.,0.,0.));
#15410=DIRECTION('',(0.,0.,-1.));
#15411=DIRECTION('',(1.,0.,0.));
#15412=DIRECTION('center_axis',(-1.,0.,0.));
#15413=DIRECTION('ref_axis',(0.,0.,1.));
#15414=DIRECTION('center_axis',(-1.,0.,0.));
#15415=DIRECTION('ref_axis',(0.,-1.8503717077086E-15,1.));
#15416=DIRECTION('',(0.,0.,-1.));
#15417=DIRECTION('center_axis',(-1.,0.,0.));
#15418=DIRECTION('ref_axis',(0.,-2.7755575615629E-15,1.));
#15419=DIRECTION('',(0.,1.,0.));
#15420=DIRECTION('center_axis',(0.,-3.04739212899307E-15,-1.));
#15421=DIRECTION('ref_axis',(1.,0.,0.));
#15422=DIRECTION('center_axis',(0.,-1.,0.));
#15423=DIRECTION('ref_axis',(-1.,0.,0.));
#15424=DIRECTION('',(-1.,0.,0.));
#15425=DIRECTION('center_axis',(-1.,0.,0.));
#15426=DIRECTION('ref_axis',(0.,-1.38777878078145E-15,1.));
#15427=DIRECTION('center_axis',(-1.,0.,0.));
#15428=DIRECTION('ref_axis',(0.,-1.38777878078145E-15,1.));
#15429=DIRECTION('',(-1.,0.,0.));
#15430=DIRECTION('center_axis',(0.,0.,-1.));
#15431=DIRECTION('ref_axis',(-1.,0.,0.));
#15432=DIRECTION('center_axis',(0.,0.,-1.));
#15433=DIRECTION('ref_axis',(0.,-1.,0.));
#15434=DIRECTION('',(0.,-1.,0.));
#15435=DIRECTION('',(-1.,0.,0.));
#15436=DIRECTION('',(0.,1.,0.));
#15437=DIRECTION('',(-1.,0.,0.));
#15438=DIRECTION('',(0.,-1.,0.));
#15439=DIRECTION('',(-1.,0.,0.));
#15440=DIRECTION('',(0.,1.,0.));
#15441=DIRECTION('',(1.,0.,0.));
#15442=DIRECTION('center_axis',(0.,1.,0.));
#15443=DIRECTION('ref_axis',(0.,0.,-1.));
#15444=DIRECTION('',(0.,0.,-1.));
#15445=DIRECTION('',(1.,0.,0.));
#15446=DIRECTION('',(0.,0.,1.));
#15447=DIRECTION('center_axis',(0.,-1.,0.));
#15448=DIRECTION('ref_axis',(0.,0.,1.));
#15449=DIRECTION('',(0.,0.,1.));
#15450=DIRECTION('',(0.,0.,-1.));
#15451=DIRECTION('',(-1.,0.,0.));
#15452=DIRECTION('center_axis',(-1.,0.,0.));
#15453=DIRECTION('ref_axis',(0.,1.,0.));
#15454=DIRECTION('',(0.,-1.,0.));
#15455=DIRECTION('',(0.,0.,1.));
#15456=DIRECTION('',(0.,1.,0.));
#15457=DIRECTION('',(0.,0.,-1.));
#15458=DIRECTION('',(0.,-1.,0.));
#15459=DIRECTION('center_axis',(0.,0.,1.));
#15460=DIRECTION('ref_axis',(1.,0.,0.));
#15461=DIRECTION('',(0.,1.,0.));
#15462=DIRECTION('',(0.707106781186547,-0.707106781186547,0.));
#15463=DIRECTION('',(-1.,0.,0.));
#15464=DIRECTION('',(0.707106781186547,0.707106781186547,0.));
#15465=DIRECTION('center_axis',(-1.,0.,0.));
#15466=DIRECTION('ref_axis',(0.,1.,0.));
#15467=DIRECTION('',(0.,0.,-1.));
#15468=DIRECTION('',(0.,1.,0.));
#15469=DIRECTION('',(0.,0.,-1.));
#15470=DIRECTION('center_axis',(0.,-1.,0.));
#15471=DIRECTION('ref_axis',(-1.,0.,0.));
#15472=DIRECTION('',(0.,0.,-1.));
#15473=DIRECTION('',(-1.,0.,0.));
#15474=DIRECTION('center_axis',(-0.707106781186548,-0.707106781186548,0.));
#15475=DIRECTION('ref_axis',(0.,0.,1.));
#15476=DIRECTION('',(0.707106781186547,-0.707106781186547,0.));
#15477=DIRECTION('',(0.,0.,1.));
#15478=DIRECTION('',(-0.707106781186547,0.707106781186547,0.));
#15479=DIRECTION('center_axis',(0.,0.,1.));
#15480=DIRECTION('ref_axis',(1.,0.,0.));
#15481=DIRECTION('',(1.,0.,0.));
#15482=DIRECTION('',(-0.707106781186547,-0.707106781186547,0.));
#15483=DIRECTION('',(0.,1.,0.));
#15484=DIRECTION('center_axis',(0.707106781186548,-0.707106781186548,0.));
#15485=DIRECTION('ref_axis',(0.,0.,-1.));
#15486=DIRECTION('',(0.707106781186547,0.707106781186547,0.));
#15487=DIRECTION('',(0.,0.,1.));
#15488=DIRECTION('',(0.,0.,-1.));
#15489=DIRECTION('center_axis',(1.,0.,0.));
#15490=DIRECTION('ref_axis',(0.,-1.,0.));
#15491=DIRECTION('',(0.,-1.,0.));
#15492=DIRECTION('',(0.,0.,-1.));
#15493=DIRECTION('center_axis',(0.707106781186548,0.707106781186548,0.));
#15494=DIRECTION('ref_axis',(0.,0.,-1.));
#15495=DIRECTION('',(-0.707106781186547,0.707106781186547,0.));
#15496=DIRECTION('',(0.,0.,1.));
#15497=DIRECTION('center_axis',(-0.707106781186548,0.707106781186548,0.));
#15498=DIRECTION('ref_axis',(0.,0.,1.));
#15499=DIRECTION('',(-0.707106781186547,-0.707106781186547,0.));
#15500=DIRECTION('',(0.,0.,-1.));
#15501=DIRECTION('center_axis',(1.,0.,0.));
#15502=DIRECTION('ref_axis',(0.,-1.,0.));
#15503=DIRECTION('',(0.,0.,-1.));
#15504=DIRECTION('',(0.,-1.,0.));
#15505=DIRECTION('center_axis',(0.,1.,0.));
#15506=DIRECTION('ref_axis',(1.,0.,0.));
#15507=DIRECTION('',(1.,0.,0.));
#15508=DIRECTION('center_axis',(0.,1.,0.));
#15509=DIRECTION('ref_axis',(1.,0.,0.));
#15510=DIRECTION('',(1.,0.,0.));
#15511=DIRECTION('center_axis',(0.,-1.,0.));
#15512=DIRECTION('ref_axis',(-1.,0.,0.));
#15513=DIRECTION('',(-1.,0.,0.));
#15514=DIRECTION('center_axis',(0.,0.,-1.));
#15515=DIRECTION('ref_axis',(-1.,0.,0.));
#15516=DIRECTION('center_axis',(0.,0.,-1.));
#15517=DIRECTION('ref_axis',(0.,-1.,0.));
#15518=DIRECTION('',(0.,-1.,0.));
#15519=DIRECTION('',(-1.,0.,0.));
#15520=DIRECTION('',(0.,1.,0.));
#15521=DIRECTION('',(-1.,0.,0.));
#15522=DIRECTION('',(0.,-1.,0.));
#15523=DIRECTION('',(-1.,0.,0.));
#15524=DIRECTION('',(0.,1.,0.));
#15525=DIRECTION('',(1.,0.,0.));
#15526=DIRECTION('center_axis',(0.,1.,0.));
#15527=DIRECTION('ref_axis',(0.,0.,-1.));
#15528=DIRECTION('',(0.,0.,-1.));
#15529=DIRECTION('',(1.,0.,0.));
#15530=DIRECTION('',(0.,0.,1.));
#15531=DIRECTION('center_axis',(0.,-1.,0.));
#15532=DIRECTION('ref_axis',(0.,0.,1.));
#15533=DIRECTION('',(0.,0.,1.));
#15534=DIRECTION('',(0.,0.,-1.));
#15535=DIRECTION('',(-1.,0.,0.));
#15536=DIRECTION('center_axis',(-1.,0.,0.));
#15537=DIRECTION('ref_axis',(0.,1.,0.));
#15538=DIRECTION('',(0.,-1.,0.));
#15539=DIRECTION('',(0.,0.,1.));
#15540=DIRECTION('',(0.,1.,0.));
#15541=DIRECTION('',(0.,0.,-1.));
#15542=DIRECTION('',(0.,-1.,0.));
#15543=DIRECTION('center_axis',(0.,0.,1.));
#15544=DIRECTION('ref_axis',(1.,0.,0.));
#15545=DIRECTION('',(0.,1.,0.));
#15546=DIRECTION('',(0.707106781186547,-0.707106781186547,0.));
#15547=DIRECTION('',(-1.,0.,0.));
#15548=DIRECTION('',(0.707106781186547,0.707106781186547,0.));
#15549=DIRECTION('center_axis',(-1.,0.,0.));
#15550=DIRECTION('ref_axis',(0.,1.,0.));
#15551=DIRECTION('',(0.,0.,-1.));
#15552=DIRECTION('',(0.,1.,0.));
#15553=DIRECTION('',(0.,0.,-1.));
#15554=DIRECTION('center_axis',(0.,-1.,0.));
#15555=DIRECTION('ref_axis',(-1.,0.,0.));
#15556=DIRECTION('',(0.,0.,-1.));
#15557=DIRECTION('',(-1.,0.,0.));
#15558=DIRECTION('center_axis',(-0.707106781186548,-0.707106781186548,0.));
#15559=DIRECTION('ref_axis',(0.,0.,1.));
#15560=DIRECTION('',(0.707106781186547,-0.707106781186547,0.));
#15561=DIRECTION('',(0.,0.,1.));
#15562=DIRECTION('',(-0.707106781186547,0.707106781186547,0.));
#15563=DIRECTION('center_axis',(0.,0.,1.));
#15564=DIRECTION('ref_axis',(1.,0.,0.));
#15565=DIRECTION('',(1.,0.,0.));
#15566=DIRECTION('',(-0.707106781186547,-0.707106781186547,0.));
#15567=DIRECTION('',(0.,1.,0.));
#15568=DIRECTION('center_axis',(0.707106781186548,-0.707106781186548,0.));
#15569=DIRECTION('ref_axis',(0.,0.,-1.));
#15570=DIRECTION('',(0.707106781186547,0.707106781186547,0.));
#15571=DIRECTION('',(0.,0.,1.));
#15572=DIRECTION('',(0.,0.,-1.));
#15573=DIRECTION('center_axis',(1.,0.,0.));
#15574=DIRECTION('ref_axis',(0.,-1.,0.));
#15575=DIRECTION('',(0.,-1.,0.));
#15576=DIRECTION('',(0.,0.,-1.));
#15577=DIRECTION('center_axis',(0.707106781186548,0.707106781186548,0.));
#15578=DIRECTION('ref_axis',(0.,0.,-1.));
#15579=DIRECTION('',(-0.707106781186547,0.707106781186547,0.));
#15580=DIRECTION('',(0.,0.,1.));
#15581=DIRECTION('center_axis',(-0.707106781186548,0.707106781186548,0.));
#15582=DIRECTION('ref_axis',(0.,0.,1.));
#15583=DIRECTION('',(-0.707106781186547,-0.707106781186547,0.));
#15584=DIRECTION('',(0.,0.,-1.));
#15585=DIRECTION('center_axis',(1.,0.,0.));
#15586=DIRECTION('ref_axis',(0.,-1.,0.));
#15587=DIRECTION('',(0.,0.,-1.));
#15588=DIRECTION('',(0.,-1.,0.));
#15589=DIRECTION('center_axis',(0.,1.,0.));
#15590=DIRECTION('ref_axis',(1.,0.,0.));
#15591=DIRECTION('',(1.,0.,0.));
#15592=DIRECTION('center_axis',(0.,1.,0.));
#15593=DIRECTION('ref_axis',(1.,0.,0.));
#15594=DIRECTION('',(1.,0.,0.));
#15595=DIRECTION('center_axis',(0.,-1.,0.));
#15596=DIRECTION('ref_axis',(-1.,0.,0.));
#15597=DIRECTION('',(-1.,0.,0.));
#15598=DIRECTION('center_axis',(0.,0.,-1.));
#15599=DIRECTION('ref_axis',(-1.,0.,0.));
#15600=DIRECTION('center_axis',(0.,0.,-1.));
#15601=DIRECTION('ref_axis',(0.,-1.,0.));
#15602=DIRECTION('',(0.,-1.,0.));
#15603=DIRECTION('',(-1.,0.,0.));
#15604=DIRECTION('',(0.,1.,0.));
#15605=DIRECTION('',(-1.,0.,0.));
#15606=DIRECTION('',(0.,-1.,0.));
#15607=DIRECTION('',(-1.,0.,0.));
#15608=DIRECTION('',(0.,1.,0.));
#15609=DIRECTION('',(1.,0.,0.));
#15610=DIRECTION('center_axis',(0.,1.,0.));
#15611=DIRECTION('ref_axis',(0.,0.,-1.));
#15612=DIRECTION('',(0.,0.,-1.));
#15613=DIRECTION('',(1.,0.,0.));
#15614=DIRECTION('',(0.,0.,1.));
#15615=DIRECTION('center_axis',(0.,-1.,0.));
#15616=DIRECTION('ref_axis',(0.,0.,1.));
#15617=DIRECTION('',(0.,0.,1.));
#15618=DIRECTION('',(0.,0.,-1.));
#15619=DIRECTION('',(-1.,0.,0.));
#15620=DIRECTION('center_axis',(-1.,0.,0.));
#15621=DIRECTION('ref_axis',(0.,1.,0.));
#15622=DIRECTION('',(0.,-1.,0.));
#15623=DIRECTION('',(0.,0.,1.));
#15624=DIRECTION('',(0.,1.,0.));
#15625=DIRECTION('',(0.,0.,-1.));
#15626=DIRECTION('',(0.,-1.,0.));
#15627=DIRECTION('center_axis',(0.,0.,1.));
#15628=DIRECTION('ref_axis',(1.,0.,0.));
#15629=DIRECTION('',(0.,1.,0.));
#15630=DIRECTION('',(0.707106781186547,-0.707106781186547,0.));
#15631=DIRECTION('',(-1.,0.,0.));
#15632=DIRECTION('',(0.707106781186547,0.707106781186547,0.));
#15633=DIRECTION('center_axis',(-1.,0.,0.));
#15634=DIRECTION('ref_axis',(0.,1.,0.));
#15635=DIRECTION('',(0.,0.,-1.));
#15636=DIRECTION('',(0.,1.,0.));
#15637=DIRECTION('',(0.,0.,-1.));
#15638=DIRECTION('center_axis',(0.,-1.,0.));
#15639=DIRECTION('ref_axis',(-1.,0.,0.));
#15640=DIRECTION('',(0.,0.,-1.));
#15641=DIRECTION('',(-1.,0.,0.));
#15642=DIRECTION('center_axis',(-0.707106781186548,-0.707106781186548,0.));
#15643=DIRECTION('ref_axis',(0.,0.,1.));
#15644=DIRECTION('',(0.707106781186547,-0.707106781186547,0.));
#15645=DIRECTION('',(0.,0.,1.));
#15646=DIRECTION('',(-0.707106781186547,0.707106781186547,0.));
#15647=DIRECTION('center_axis',(0.,0.,1.));
#15648=DIRECTION('ref_axis',(1.,0.,0.));
#15649=DIRECTION('',(1.,0.,0.));
#15650=DIRECTION('',(-0.707106781186547,-0.707106781186547,0.));
#15651=DIRECTION('',(0.,1.,0.));
#15652=DIRECTION('center_axis',(0.707106781186548,-0.707106781186548,0.));
#15653=DIRECTION('ref_axis',(0.,0.,-1.));
#15654=DIRECTION('',(0.707106781186547,0.707106781186547,0.));
#15655=DIRECTION('',(0.,0.,1.));
#15656=DIRECTION('',(0.,0.,-1.));
#15657=DIRECTION('center_axis',(1.,0.,0.));
#15658=DIRECTION('ref_axis',(0.,-1.,0.));
#15659=DIRECTION('',(0.,-1.,0.));
#15660=DIRECTION('',(0.,0.,-1.));
#15661=DIRECTION('center_axis',(0.707106781186548,0.707106781186548,0.));
#15662=DIRECTION('ref_axis',(0.,0.,-1.));
#15663=DIRECTION('',(-0.707106781186547,0.707106781186547,0.));
#15664=DIRECTION('',(0.,0.,1.));
#15665=DIRECTION('center_axis',(-0.707106781186548,0.707106781186548,0.));
#15666=DIRECTION('ref_axis',(0.,0.,1.));
#15667=DIRECTION('',(-0.707106781186547,-0.707106781186547,0.));
#15668=DIRECTION('',(0.,0.,-1.));
#15669=DIRECTION('center_axis',(1.,0.,0.));
#15670=DIRECTION('ref_axis',(0.,-1.,0.));
#15671=DIRECTION('',(0.,0.,-1.));
#15672=DIRECTION('',(0.,-1.,0.));
#15673=DIRECTION('center_axis',(0.,1.,0.));
#15674=DIRECTION('ref_axis',(1.,0.,0.));
#15675=DIRECTION('',(1.,0.,0.));
#15676=DIRECTION('center_axis',(0.,1.,0.));
#15677=DIRECTION('ref_axis',(1.,0.,0.));
#15678=DIRECTION('',(1.,0.,0.));
#15679=DIRECTION('center_axis',(0.,-1.,0.));
#15680=DIRECTION('ref_axis',(-1.,0.,0.));
#15681=DIRECTION('',(-1.,0.,0.));
#15682=DIRECTION('center_axis',(0.,0.,-1.));
#15683=DIRECTION('ref_axis',(-1.,0.,0.));
#15684=DIRECTION('center_axis',(0.,0.,-1.));
#15685=DIRECTION('ref_axis',(0.,-1.,0.));
#15686=DIRECTION('',(0.,-1.,0.));
#15687=DIRECTION('',(-1.,0.,0.));
#15688=DIRECTION('',(0.,1.,0.));
#15689=DIRECTION('',(-1.,0.,0.));
#15690=DIRECTION('',(0.,-1.,0.));
#15691=DIRECTION('',(-1.,0.,0.));
#15692=DIRECTION('',(0.,1.,0.));
#15693=DIRECTION('',(1.,0.,0.));
#15694=DIRECTION('center_axis',(0.,1.,0.));
#15695=DIRECTION('ref_axis',(0.,0.,-1.));
#15696=DIRECTION('',(0.,0.,-1.));
#15697=DIRECTION('',(1.,0.,0.));
#15698=DIRECTION('',(0.,0.,1.));
#15699=DIRECTION('center_axis',(0.,-1.,0.));
#15700=DIRECTION('ref_axis',(0.,0.,1.));
#15701=DIRECTION('',(0.,0.,1.));
#15702=DIRECTION('',(0.,0.,-1.));
#15703=DIRECTION('',(-1.,0.,0.));
#15704=DIRECTION('center_axis',(-1.,0.,0.));
#15705=DIRECTION('ref_axis',(0.,1.,0.));
#15706=DIRECTION('',(0.,-1.,0.));
#15707=DIRECTION('',(0.,0.,1.));
#15708=DIRECTION('',(0.,1.,0.));
#15709=DIRECTION('',(0.,0.,-1.));
#15710=DIRECTION('',(0.,-1.,0.));
#15711=DIRECTION('center_axis',(0.,0.,1.));
#15712=DIRECTION('ref_axis',(1.,0.,0.));
#15713=DIRECTION('',(0.,1.,0.));
#15714=DIRECTION('',(0.707106781186547,-0.707106781186547,0.));
#15715=DIRECTION('',(-1.,0.,0.));
#15716=DIRECTION('',(0.707106781186547,0.707106781186547,0.));
#15717=DIRECTION('center_axis',(-1.,0.,0.));
#15718=DIRECTION('ref_axis',(0.,1.,0.));
#15719=DIRECTION('',(0.,0.,-1.));
#15720=DIRECTION('',(0.,1.,0.));
#15721=DIRECTION('',(0.,0.,-1.));
#15722=DIRECTION('center_axis',(0.,-1.,0.));
#15723=DIRECTION('ref_axis',(-1.,0.,0.));
#15724=DIRECTION('',(0.,0.,-1.));
#15725=DIRECTION('',(-1.,0.,0.));
#15726=DIRECTION('center_axis',(-0.707106781186548,-0.707106781186548,0.));
#15727=DIRECTION('ref_axis',(0.,0.,1.));
#15728=DIRECTION('',(0.707106781186547,-0.707106781186547,0.));
#15729=DIRECTION('',(0.,0.,1.));
#15730=DIRECTION('',(-0.707106781186547,0.707106781186547,0.));
#15731=DIRECTION('center_axis',(0.,0.,1.));
#15732=DIRECTION('ref_axis',(1.,0.,0.));
#15733=DIRECTION('',(1.,0.,0.));
#15734=DIRECTION('',(-0.707106781186547,-0.707106781186547,0.));
#15735=DIRECTION('',(0.,1.,0.));
#15736=DIRECTION('center_axis',(0.707106781186548,-0.707106781186548,0.));
#15737=DIRECTION('ref_axis',(0.,0.,-1.));
#15738=DIRECTION('',(0.707106781186547,0.707106781186547,0.));
#15739=DIRECTION('',(0.,0.,1.));
#15740=DIRECTION('',(0.,0.,-1.));
#15741=DIRECTION('center_axis',(1.,0.,0.));
#15742=DIRECTION('ref_axis',(0.,-1.,0.));
#15743=DIRECTION('',(0.,-1.,0.));
#15744=DIRECTION('',(0.,0.,-1.));
#15745=DIRECTION('center_axis',(0.707106781186548,0.707106781186548,0.));
#15746=DIRECTION('ref_axis',(0.,0.,-1.));
#15747=DIRECTION('',(-0.707106781186547,0.707106781186547,0.));
#15748=DIRECTION('',(0.,0.,1.));
#15749=DIRECTION('center_axis',(-0.707106781186548,0.707106781186548,0.));
#15750=DIRECTION('ref_axis',(0.,0.,1.));
#15751=DIRECTION('',(-0.707106781186547,-0.707106781186547,0.));
#15752=DIRECTION('',(0.,0.,-1.));
#15753=DIRECTION('center_axis',(1.,0.,0.));
#15754=DIRECTION('ref_axis',(0.,-1.,0.));
#15755=DIRECTION('',(0.,0.,-1.));
#15756=DIRECTION('',(0.,-1.,0.));
#15757=DIRECTION('center_axis',(0.,1.,0.));
#15758=DIRECTION('ref_axis',(1.,0.,0.));
#15759=DIRECTION('',(1.,0.,0.));
#15760=DIRECTION('center_axis',(0.,1.,0.));
#15761=DIRECTION('ref_axis',(1.,0.,0.));
#15762=DIRECTION('',(1.,0.,0.));
#15763=DIRECTION('center_axis',(0.,-1.,0.));
#15764=DIRECTION('ref_axis',(-1.,0.,0.));
#15765=DIRECTION('',(-1.,0.,0.));
#15766=DIRECTION('center_axis',(0.,0.,-1.));
#15767=DIRECTION('ref_axis',(-1.,0.,0.));
#15768=DIRECTION('center_axis',(0.,0.,-1.));
#15769=DIRECTION('ref_axis',(0.,-1.,0.));
#15770=DIRECTION('',(0.,-1.,0.));
#15771=DIRECTION('',(-1.,0.,0.));
#15772=DIRECTION('',(0.,1.,0.));
#15773=DIRECTION('',(-1.,0.,0.));
#15774=DIRECTION('',(0.,-1.,0.));
#15775=DIRECTION('',(-1.,0.,0.));
#15776=DIRECTION('',(0.,1.,0.));
#15777=DIRECTION('',(1.,0.,0.));
#15778=DIRECTION('center_axis',(0.,1.,0.));
#15779=DIRECTION('ref_axis',(0.,0.,-1.));
#15780=DIRECTION('',(0.,0.,-1.));
#15781=DIRECTION('',(1.,0.,0.));
#15782=DIRECTION('',(0.,0.,1.));
#15783=DIRECTION('center_axis',(0.,-1.,0.));
#15784=DIRECTION('ref_axis',(0.,0.,1.));
#15785=DIRECTION('',(0.,0.,1.));
#15786=DIRECTION('',(0.,0.,-1.));
#15787=DIRECTION('',(-1.,0.,0.));
#15788=DIRECTION('center_axis',(-1.,0.,0.));
#15789=DIRECTION('ref_axis',(0.,1.,0.));
#15790=DIRECTION('',(0.,-1.,0.));
#15791=DIRECTION('',(0.,0.,1.));
#15792=DIRECTION('',(0.,1.,0.));
#15793=DIRECTION('',(0.,0.,-1.));
#15794=DIRECTION('',(0.,-1.,0.));
#15795=DIRECTION('center_axis',(0.,0.,1.));
#15796=DIRECTION('ref_axis',(1.,0.,0.));
#15797=DIRECTION('',(0.,1.,0.));
#15798=DIRECTION('',(0.707106781186547,-0.707106781186547,0.));
#15799=DIRECTION('',(-1.,0.,0.));
#15800=DIRECTION('',(0.707106781186547,0.707106781186547,0.));
#15801=DIRECTION('center_axis',(-1.,0.,0.));
#15802=DIRECTION('ref_axis',(0.,1.,0.));
#15803=DIRECTION('',(0.,0.,-1.));
#15804=DIRECTION('',(0.,1.,0.));
#15805=DIRECTION('',(0.,0.,-1.));
#15806=DIRECTION('center_axis',(0.,-1.,0.));
#15807=DIRECTION('ref_axis',(-1.,0.,0.));
#15808=DIRECTION('',(0.,0.,-1.));
#15809=DIRECTION('',(-1.,0.,0.));
#15810=DIRECTION('center_axis',(-0.707106781186548,-0.707106781186548,0.));
#15811=DIRECTION('ref_axis',(0.,0.,1.));
#15812=DIRECTION('',(0.707106781186547,-0.707106781186547,0.));
#15813=DIRECTION('',(0.,0.,1.));
#15814=DIRECTION('',(-0.707106781186547,0.707106781186547,0.));
#15815=DIRECTION('center_axis',(0.,0.,1.));
#15816=DIRECTION('ref_axis',(1.,0.,0.));
#15817=DIRECTION('',(1.,0.,0.));
#15818=DIRECTION('',(-0.707106781186547,-0.707106781186547,0.));
#15819=DIRECTION('',(0.,1.,0.));
#15820=DIRECTION('center_axis',(0.707106781186548,-0.707106781186548,0.));
#15821=DIRECTION('ref_axis',(0.,0.,-1.));
#15822=DIRECTION('',(0.707106781186547,0.707106781186547,0.));
#15823=DIRECTION('',(0.,0.,1.));
#15824=DIRECTION('',(0.,0.,-1.));
#15825=DIRECTION('center_axis',(1.,0.,0.));
#15826=DIRECTION('ref_axis',(0.,-1.,0.));
#15827=DIRECTION('',(0.,-1.,0.));
#15828=DIRECTION('',(0.,0.,-1.));
#15829=DIRECTION('center_axis',(0.707106781186548,0.707106781186548,0.));
#15830=DIRECTION('ref_axis',(0.,0.,-1.));
#15831=DIRECTION('',(-0.707106781186547,0.707106781186547,0.));
#15832=DIRECTION('',(0.,0.,1.));
#15833=DIRECTION('center_axis',(-0.707106781186548,0.707106781186548,0.));
#15834=DIRECTION('ref_axis',(0.,0.,1.));
#15835=DIRECTION('',(-0.707106781186547,-0.707106781186547,0.));
#15836=DIRECTION('',(0.,0.,-1.));
#15837=DIRECTION('center_axis',(1.,0.,0.));
#15838=DIRECTION('ref_axis',(0.,-1.,0.));
#15839=DIRECTION('',(0.,0.,-1.));
#15840=DIRECTION('',(0.,-1.,0.));
#15841=DIRECTION('center_axis',(0.,1.,0.));
#15842=DIRECTION('ref_axis',(1.,0.,0.));
#15843=DIRECTION('',(1.,0.,0.));
#15844=DIRECTION('center_axis',(0.,1.,0.));
#15845=DIRECTION('ref_axis',(1.,0.,0.));
#15846=DIRECTION('',(1.,0.,0.));
#15847=DIRECTION('center_axis',(0.,-1.,0.));
#15848=DIRECTION('ref_axis',(-1.,0.,0.));
#15849=DIRECTION('',(-1.,0.,0.));
#15850=DIRECTION('center_axis',(0.,0.,-1.));
#15851=DIRECTION('ref_axis',(-1.,0.,0.));
#15852=DIRECTION('center_axis',(0.,0.,-1.));
#15853=DIRECTION('ref_axis',(0.,-1.,0.));
#15854=DIRECTION('',(0.,-1.,0.));
#15855=DIRECTION('',(-1.,0.,0.));
#15856=DIRECTION('',(0.,1.,0.));
#15857=DIRECTION('',(-1.,0.,0.));
#15858=DIRECTION('',(0.,-1.,0.));
#15859=DIRECTION('',(-1.,0.,0.));
#15860=DIRECTION('',(0.,1.,0.));
#15861=DIRECTION('',(1.,0.,0.));
#15862=DIRECTION('center_axis',(0.,1.,0.));
#15863=DIRECTION('ref_axis',(0.,0.,-1.));
#15864=DIRECTION('',(0.,0.,-1.));
#15865=DIRECTION('',(1.,0.,0.));
#15866=DIRECTION('',(0.,0.,1.));
#15867=DIRECTION('center_axis',(0.,-1.,0.));
#15868=DIRECTION('ref_axis',(0.,0.,1.));
#15869=DIRECTION('',(0.,0.,1.));
#15870=DIRECTION('',(0.,0.,-1.));
#15871=DIRECTION('',(-1.,0.,0.));
#15872=DIRECTION('center_axis',(-1.,0.,0.));
#15873=DIRECTION('ref_axis',(0.,1.,0.));
#15874=DIRECTION('',(0.,-1.,0.));
#15875=DIRECTION('',(0.,0.,1.));
#15876=DIRECTION('',(0.,1.,0.));
#15877=DIRECTION('',(0.,0.,-1.));
#15878=DIRECTION('',(0.,-1.,0.));
#15879=DIRECTION('center_axis',(0.,0.,1.));
#15880=DIRECTION('ref_axis',(1.,0.,0.));
#15881=DIRECTION('',(0.,1.,0.));
#15882=DIRECTION('',(0.707106781186547,-0.707106781186547,0.));
#15883=DIRECTION('',(-1.,0.,0.));
#15884=DIRECTION('',(0.707106781186547,0.707106781186547,0.));
#15885=DIRECTION('center_axis',(-1.,0.,0.));
#15886=DIRECTION('ref_axis',(0.,1.,0.));
#15887=DIRECTION('',(0.,0.,-1.));
#15888=DIRECTION('',(0.,1.,0.));
#15889=DIRECTION('',(0.,0.,-1.));
#15890=DIRECTION('center_axis',(0.,-1.,0.));
#15891=DIRECTION('ref_axis',(-1.,0.,0.));
#15892=DIRECTION('',(0.,0.,-1.));
#15893=DIRECTION('',(-1.,0.,0.));
#15894=DIRECTION('center_axis',(-0.707106781186548,-0.707106781186548,0.));
#15895=DIRECTION('ref_axis',(0.,0.,1.));
#15896=DIRECTION('',(0.707106781186547,-0.707106781186547,0.));
#15897=DIRECTION('',(0.,0.,1.));
#15898=DIRECTION('',(-0.707106781186547,0.707106781186547,0.));
#15899=DIRECTION('center_axis',(0.,0.,1.));
#15900=DIRECTION('ref_axis',(1.,0.,0.));
#15901=DIRECTION('',(1.,0.,0.));
#15902=DIRECTION('',(-0.707106781186547,-0.707106781186547,0.));
#15903=DIRECTION('',(0.,1.,0.));
#15904=DIRECTION('center_axis',(0.707106781186548,-0.707106781186548,0.));
#15905=DIRECTION('ref_axis',(0.,0.,-1.));
#15906=DIRECTION('',(0.707106781186547,0.707106781186547,0.));
#15907=DIRECTION('',(0.,0.,1.));
#15908=DIRECTION('',(0.,0.,-1.));
#15909=DIRECTION('center_axis',(1.,0.,0.));
#15910=DIRECTION('ref_axis',(0.,-1.,0.));
#15911=DIRECTION('',(0.,-1.,0.));
#15912=DIRECTION('',(0.,0.,-1.));
#15913=DIRECTION('center_axis',(0.707106781186548,0.707106781186548,0.));
#15914=DIRECTION('ref_axis',(0.,0.,-1.));
#15915=DIRECTION('',(-0.707106781186547,0.707106781186547,0.));
#15916=DIRECTION('',(0.,0.,1.));
#15917=DIRECTION('center_axis',(-0.707106781186548,0.707106781186548,0.));
#15918=DIRECTION('ref_axis',(0.,0.,1.));
#15919=DIRECTION('',(-0.707106781186547,-0.707106781186547,0.));
#15920=DIRECTION('',(0.,0.,-1.));
#15921=DIRECTION('center_axis',(1.,0.,0.));
#15922=DIRECTION('ref_axis',(0.,-1.,0.));
#15923=DIRECTION('',(0.,0.,-1.));
#15924=DIRECTION('',(0.,-1.,0.));
#15925=DIRECTION('center_axis',(0.,1.,0.));
#15926=DIRECTION('ref_axis',(1.,0.,0.));
#15927=DIRECTION('',(1.,0.,0.));
#15928=DIRECTION('center_axis',(0.,1.,0.));
#15929=DIRECTION('ref_axis',(1.,0.,0.));
#15930=DIRECTION('',(1.,0.,0.));
#15931=DIRECTION('center_axis',(0.,-1.,0.));
#15932=DIRECTION('ref_axis',(-1.,0.,0.));
#15933=DIRECTION('',(-1.,0.,0.));
#15934=DIRECTION('center_axis',(0.,0.,-1.));
#15935=DIRECTION('ref_axis',(-1.,0.,0.));
#15936=DIRECTION('center_axis',(0.,0.,-1.));
#15937=DIRECTION('ref_axis',(0.,-1.,0.));
#15938=DIRECTION('',(0.,-1.,0.));
#15939=DIRECTION('',(-1.,0.,0.));
#15940=DIRECTION('',(0.,1.,0.));
#15941=DIRECTION('',(-1.,0.,0.));
#15942=DIRECTION('',(0.,-1.,0.));
#15943=DIRECTION('',(-1.,0.,0.));
#15944=DIRECTION('',(0.,1.,0.));
#15945=DIRECTION('',(1.,0.,0.));
#15946=DIRECTION('center_axis',(0.,1.,0.));
#15947=DIRECTION('ref_axis',(0.,0.,-1.));
#15948=DIRECTION('',(0.,0.,-1.));
#15949=DIRECTION('',(1.,0.,0.));
#15950=DIRECTION('',(0.,0.,1.));
#15951=DIRECTION('center_axis',(0.,-1.,0.));
#15952=DIRECTION('ref_axis',(0.,0.,1.));
#15953=DIRECTION('',(0.,0.,1.));
#15954=DIRECTION('',(0.,0.,-1.));
#15955=DIRECTION('',(-1.,0.,0.));
#15956=DIRECTION('center_axis',(-1.,0.,0.));
#15957=DIRECTION('ref_axis',(0.,1.,0.));
#15958=DIRECTION('',(0.,-1.,0.));
#15959=DIRECTION('',(0.,0.,1.));
#15960=DIRECTION('',(0.,1.,0.));
#15961=DIRECTION('',(0.,0.,-1.));
#15962=DIRECTION('',(0.,-1.,0.));
#15963=DIRECTION('center_axis',(0.,0.,1.));
#15964=DIRECTION('ref_axis',(1.,0.,0.));
#15965=DIRECTION('',(0.,1.,0.));
#15966=DIRECTION('',(0.707106781186547,-0.707106781186547,0.));
#15967=DIRECTION('',(-1.,0.,0.));
#15968=DIRECTION('',(0.707106781186547,0.707106781186547,0.));
#15969=DIRECTION('center_axis',(-1.,0.,0.));
#15970=DIRECTION('ref_axis',(0.,1.,0.));
#15971=DIRECTION('',(0.,0.,-1.));
#15972=DIRECTION('',(0.,1.,0.));
#15973=DIRECTION('',(0.,0.,-1.));
#15974=DIRECTION('center_axis',(0.,-1.,0.));
#15975=DIRECTION('ref_axis',(-1.,0.,0.));
#15976=DIRECTION('',(0.,0.,-1.));
#15977=DIRECTION('',(-1.,0.,0.));
#15978=DIRECTION('center_axis',(-0.707106781186548,-0.707106781186548,0.));
#15979=DIRECTION('ref_axis',(0.,0.,1.));
#15980=DIRECTION('',(0.707106781186547,-0.707106781186547,0.));
#15981=DIRECTION('',(0.,0.,1.));
#15982=DIRECTION('',(-0.707106781186547,0.707106781186547,0.));
#15983=DIRECTION('center_axis',(0.,0.,1.));
#15984=DIRECTION('ref_axis',(1.,0.,0.));
#15985=DIRECTION('',(1.,0.,0.));
#15986=DIRECTION('',(-0.707106781186547,-0.707106781186547,0.));
#15987=DIRECTION('',(0.,1.,0.));
#15988=DIRECTION('center_axis',(0.707106781186548,-0.707106781186548,0.));
#15989=DIRECTION('ref_axis',(0.,0.,-1.));
#15990=DIRECTION('',(0.707106781186547,0.707106781186547,0.));
#15991=DIRECTION('',(0.,0.,1.));
#15992=DIRECTION('',(0.,0.,-1.));
#15993=DIRECTION('center_axis',(1.,0.,0.));
#15994=DIRECTION('ref_axis',(0.,-1.,0.));
#15995=DIRECTION('',(0.,-1.,0.));
#15996=DIRECTION('',(0.,0.,-1.));
#15997=DIRECTION('center_axis',(0.707106781186548,0.707106781186548,0.));
#15998=DIRECTION('ref_axis',(0.,0.,-1.));
#15999=DIRECTION('',(-0.707106781186547,0.707106781186547,0.));
#16000=DIRECTION('',(0.,0.,1.));
#16001=DIRECTION('center_axis',(-0.707106781186548,0.707106781186548,0.));
#16002=DIRECTION('ref_axis',(0.,0.,1.));
#16003=DIRECTION('',(-0.707106781186547,-0.707106781186547,0.));
#16004=DIRECTION('',(0.,0.,-1.));
#16005=DIRECTION('center_axis',(1.,0.,0.));
#16006=DIRECTION('ref_axis',(0.,-1.,0.));
#16007=DIRECTION('',(0.,0.,-1.));
#16008=DIRECTION('',(0.,-1.,0.));
#16009=DIRECTION('center_axis',(0.,1.,0.));
#16010=DIRECTION('ref_axis',(1.,0.,0.));
#16011=DIRECTION('',(1.,0.,0.));
#16012=DIRECTION('center_axis',(0.,1.,0.));
#16013=DIRECTION('ref_axis',(1.,0.,0.));
#16014=DIRECTION('',(1.,0.,0.));
#16015=DIRECTION('center_axis',(0.,-1.,0.));
#16016=DIRECTION('ref_axis',(-1.,0.,0.));
#16017=DIRECTION('',(-1.,0.,0.));
#16018=DIRECTION('center_axis',(0.,0.,-1.));
#16019=DIRECTION('ref_axis',(-1.,0.,0.));
#16020=DIRECTION('center_axis',(0.,0.,-1.));
#16021=DIRECTION('ref_axis',(0.,-1.,0.));
#16022=DIRECTION('',(0.,-1.,0.));
#16023=DIRECTION('',(-1.,0.,0.));
#16024=DIRECTION('',(0.,1.,0.));
#16025=DIRECTION('',(-1.,0.,0.));
#16026=DIRECTION('',(0.,-1.,0.));
#16027=DIRECTION('',(-1.,0.,0.));
#16028=DIRECTION('',(0.,1.,0.));
#16029=DIRECTION('',(1.,0.,0.));
#16030=DIRECTION('center_axis',(0.,1.,0.));
#16031=DIRECTION('ref_axis',(0.,0.,-1.));
#16032=DIRECTION('',(0.,0.,-1.));
#16033=DIRECTION('',(1.,0.,0.));
#16034=DIRECTION('',(0.,0.,1.));
#16035=DIRECTION('center_axis',(0.,-1.,0.));
#16036=DIRECTION('ref_axis',(0.,0.,1.));
#16037=DIRECTION('',(0.,0.,1.));
#16038=DIRECTION('',(0.,0.,-1.));
#16039=DIRECTION('',(-1.,0.,0.));
#16040=DIRECTION('center_axis',(-1.,0.,0.));
#16041=DIRECTION('ref_axis',(0.,1.,0.));
#16042=DIRECTION('',(0.,-1.,0.));
#16043=DIRECTION('',(0.,0.,1.));
#16044=DIRECTION('',(0.,1.,0.));
#16045=DIRECTION('',(0.,0.,-1.));
#16046=DIRECTION('',(0.,-1.,0.));
#16047=DIRECTION('center_axis',(0.,0.,1.));
#16048=DIRECTION('ref_axis',(1.,0.,0.));
#16049=DIRECTION('',(0.,1.,0.));
#16050=DIRECTION('',(0.707106781186547,-0.707106781186547,0.));
#16051=DIRECTION('',(-1.,0.,0.));
#16052=DIRECTION('',(0.707106781186547,0.707106781186547,0.));
#16053=DIRECTION('center_axis',(-1.,0.,0.));
#16054=DIRECTION('ref_axis',(0.,1.,0.));
#16055=DIRECTION('',(0.,0.,-1.));
#16056=DIRECTION('',(0.,1.,0.));
#16057=DIRECTION('',(0.,0.,-1.));
#16058=DIRECTION('center_axis',(0.,-1.,0.));
#16059=DIRECTION('ref_axis',(-1.,0.,0.));
#16060=DIRECTION('',(0.,0.,-1.));
#16061=DIRECTION('',(-1.,0.,0.));
#16062=DIRECTION('center_axis',(-0.707106781186548,-0.707106781186548,0.));
#16063=DIRECTION('ref_axis',(0.,0.,1.));
#16064=DIRECTION('',(0.707106781186547,-0.707106781186547,0.));
#16065=DIRECTION('',(0.,0.,1.));
#16066=DIRECTION('',(-0.707106781186547,0.707106781186547,0.));
#16067=DIRECTION('center_axis',(0.,0.,1.));
#16068=DIRECTION('ref_axis',(1.,0.,0.));
#16069=DIRECTION('',(1.,0.,0.));
#16070=DIRECTION('',(-0.707106781186547,-0.707106781186547,0.));
#16071=DIRECTION('',(0.,1.,0.));
#16072=DIRECTION('center_axis',(0.707106781186548,-0.707106781186548,0.));
#16073=DIRECTION('ref_axis',(0.,0.,-1.));
#16074=DIRECTION('',(0.707106781186547,0.707106781186547,0.));
#16075=DIRECTION('',(0.,0.,1.));
#16076=DIRECTION('',(0.,0.,-1.));
#16077=DIRECTION('center_axis',(1.,0.,0.));
#16078=DIRECTION('ref_axis',(0.,-1.,0.));
#16079=DIRECTION('',(0.,-1.,0.));
#16080=DIRECTION('',(0.,0.,-1.));
#16081=DIRECTION('center_axis',(0.707106781186548,0.707106781186548,0.));
#16082=DIRECTION('ref_axis',(0.,0.,-1.));
#16083=DIRECTION('',(-0.707106781186547,0.707106781186547,0.));
#16084=DIRECTION('',(0.,0.,1.));
#16085=DIRECTION('center_axis',(-0.707106781186548,0.707106781186548,0.));
#16086=DIRECTION('ref_axis',(0.,0.,1.));
#16087=DIRECTION('',(-0.707106781186547,-0.707106781186547,0.));
#16088=DIRECTION('',(0.,0.,-1.));
#16089=DIRECTION('center_axis',(1.,0.,0.));
#16090=DIRECTION('ref_axis',(0.,-1.,0.));
#16091=DIRECTION('',(0.,0.,-1.));
#16092=DIRECTION('',(0.,-1.,0.));
#16093=DIRECTION('center_axis',(0.,1.,0.));
#16094=DIRECTION('ref_axis',(1.,0.,0.));
#16095=DIRECTION('',(1.,0.,0.));
#16096=DIRECTION('center_axis',(0.,1.,0.));
#16097=DIRECTION('ref_axis',(1.,0.,0.));
#16098=DIRECTION('',(1.,0.,0.));
#16099=DIRECTION('center_axis',(0.,-1.,0.));
#16100=DIRECTION('ref_axis',(-1.,0.,0.));
#16101=DIRECTION('',(-1.,0.,0.));
#16102=DIRECTION('center_axis',(0.,0.,-1.));
#16103=DIRECTION('ref_axis',(-1.,0.,0.));
#16104=DIRECTION('center_axis',(0.,0.,-1.));
#16105=DIRECTION('ref_axis',(0.,-1.,0.));
#16106=DIRECTION('',(0.,-1.,0.));
#16107=DIRECTION('',(-1.,0.,0.));
#16108=DIRECTION('',(0.,1.,0.));
#16109=DIRECTION('',(-1.,0.,0.));
#16110=DIRECTION('',(0.,-1.,0.));
#16111=DIRECTION('',(-1.,0.,0.));
#16112=DIRECTION('',(0.,1.,0.));
#16113=DIRECTION('',(1.,0.,0.));
#16114=DIRECTION('center_axis',(0.,1.,0.));
#16115=DIRECTION('ref_axis',(0.,0.,-1.));
#16116=DIRECTION('',(0.,0.,-1.));
#16117=DIRECTION('',(1.,0.,0.));
#16118=DIRECTION('',(0.,0.,1.));
#16119=DIRECTION('center_axis',(0.,-1.,0.));
#16120=DIRECTION('ref_axis',(0.,0.,1.));
#16121=DIRECTION('',(0.,0.,1.));
#16122=DIRECTION('',(0.,0.,-1.));
#16123=DIRECTION('',(-1.,0.,0.));
#16124=DIRECTION('center_axis',(-1.,0.,0.));
#16125=DIRECTION('ref_axis',(0.,1.,0.));
#16126=DIRECTION('',(0.,-1.,0.));
#16127=DIRECTION('',(0.,0.,1.));
#16128=DIRECTION('',(0.,1.,0.));
#16129=DIRECTION('',(0.,0.,-1.));
#16130=DIRECTION('',(0.,-1.,0.));
#16131=DIRECTION('center_axis',(0.,0.,1.));
#16132=DIRECTION('ref_axis',(1.,0.,0.));
#16133=DIRECTION('',(0.,1.,0.));
#16134=DIRECTION('',(0.707106781186547,-0.707106781186547,0.));
#16135=DIRECTION('',(-1.,0.,0.));
#16136=DIRECTION('',(0.707106781186547,0.707106781186547,0.));
#16137=DIRECTION('center_axis',(-1.,0.,0.));
#16138=DIRECTION('ref_axis',(0.,1.,0.));
#16139=DIRECTION('',(0.,0.,-1.));
#16140=DIRECTION('',(0.,1.,0.));
#16141=DIRECTION('',(0.,0.,-1.));
#16142=DIRECTION('center_axis',(0.,-1.,0.));
#16143=DIRECTION('ref_axis',(-1.,0.,0.));
#16144=DIRECTION('',(0.,0.,-1.));
#16145=DIRECTION('',(-1.,0.,0.));
#16146=DIRECTION('center_axis',(-0.707106781186548,-0.707106781186548,0.));
#16147=DIRECTION('ref_axis',(0.,0.,1.));
#16148=DIRECTION('',(0.707106781186547,-0.707106781186547,0.));
#16149=DIRECTION('',(0.,0.,1.));
#16150=DIRECTION('',(-0.707106781186547,0.707106781186547,0.));
#16151=DIRECTION('center_axis',(0.,0.,1.));
#16152=DIRECTION('ref_axis',(1.,0.,0.));
#16153=DIRECTION('',(1.,0.,0.));
#16154=DIRECTION('',(-0.707106781186547,-0.707106781186547,0.));
#16155=DIRECTION('',(0.,1.,0.));
#16156=DIRECTION('center_axis',(0.707106781186548,-0.707106781186548,0.));
#16157=DIRECTION('ref_axis',(0.,0.,-1.));
#16158=DIRECTION('',(0.707106781186547,0.707106781186547,0.));
#16159=DIRECTION('',(0.,0.,1.));
#16160=DIRECTION('',(0.,0.,-1.));
#16161=DIRECTION('center_axis',(1.,0.,0.));
#16162=DIRECTION('ref_axis',(0.,-1.,0.));
#16163=DIRECTION('',(0.,-1.,0.));
#16164=DIRECTION('',(0.,0.,-1.));
#16165=DIRECTION('center_axis',(0.707106781186548,0.707106781186548,0.));
#16166=DIRECTION('ref_axis',(0.,0.,-1.));
#16167=DIRECTION('',(-0.707106781186547,0.707106781186547,0.));
#16168=DIRECTION('',(0.,0.,1.));
#16169=DIRECTION('center_axis',(-0.707106781186548,0.707106781186548,0.));
#16170=DIRECTION('ref_axis',(0.,0.,1.));
#16171=DIRECTION('',(-0.707106781186547,-0.707106781186547,0.));
#16172=DIRECTION('',(0.,0.,-1.));
#16173=DIRECTION('center_axis',(1.,0.,0.));
#16174=DIRECTION('ref_axis',(0.,-1.,0.));
#16175=DIRECTION('',(0.,0.,-1.));
#16176=DIRECTION('',(0.,-1.,0.));
#16177=DIRECTION('center_axis',(0.,1.,0.));
#16178=DIRECTION('ref_axis',(1.,0.,0.));
#16179=DIRECTION('',(1.,0.,0.));
#16180=DIRECTION('center_axis',(0.,1.,0.));
#16181=DIRECTION('ref_axis',(1.,0.,0.));
#16182=DIRECTION('',(1.,0.,0.));
#16183=DIRECTION('center_axis',(0.,-1.,0.));
#16184=DIRECTION('ref_axis',(-1.,0.,0.));
#16185=DIRECTION('',(-1.,0.,0.));
#16186=DIRECTION('center_axis',(0.,0.,-1.));
#16187=DIRECTION('ref_axis',(-1.,0.,0.));
#16188=DIRECTION('center_axis',(0.,0.,-1.));
#16189=DIRECTION('ref_axis',(0.,-1.,0.));
#16190=DIRECTION('',(0.,-1.,0.));
#16191=DIRECTION('',(-1.,0.,0.));
#16192=DIRECTION('',(0.,1.,0.));
#16193=DIRECTION('',(-1.,0.,0.));
#16194=DIRECTION('',(0.,-1.,0.));
#16195=DIRECTION('',(-1.,0.,0.));
#16196=DIRECTION('',(0.,1.,0.));
#16197=DIRECTION('',(1.,0.,0.));
#16198=DIRECTION('center_axis',(0.,1.,0.));
#16199=DIRECTION('ref_axis',(0.,0.,-1.));
#16200=DIRECTION('',(0.,0.,-1.));
#16201=DIRECTION('',(1.,0.,0.));
#16202=DIRECTION('',(0.,0.,1.));
#16203=DIRECTION('center_axis',(0.,-1.,0.));
#16204=DIRECTION('ref_axis',(0.,0.,1.));
#16205=DIRECTION('',(0.,0.,1.));
#16206=DIRECTION('',(0.,0.,-1.));
#16207=DIRECTION('',(-1.,0.,0.));
#16208=DIRECTION('center_axis',(-1.,0.,0.));
#16209=DIRECTION('ref_axis',(0.,1.,0.));
#16210=DIRECTION('',(0.,-1.,0.));
#16211=DIRECTION('',(0.,0.,1.));
#16212=DIRECTION('',(0.,1.,0.));
#16213=DIRECTION('',(0.,0.,-1.));
#16214=DIRECTION('',(0.,-1.,0.));
#16215=DIRECTION('center_axis',(0.,0.,1.));
#16216=DIRECTION('ref_axis',(1.,0.,0.));
#16217=DIRECTION('',(0.,1.,0.));
#16218=DIRECTION('',(0.707106781186547,-0.707106781186547,0.));
#16219=DIRECTION('',(-1.,0.,0.));
#16220=DIRECTION('',(0.707106781186547,0.707106781186547,0.));
#16221=DIRECTION('center_axis',(-1.,0.,0.));
#16222=DIRECTION('ref_axis',(0.,1.,0.));
#16223=DIRECTION('',(0.,0.,-1.));
#16224=DIRECTION('',(0.,1.,0.));
#16225=DIRECTION('',(0.,0.,-1.));
#16226=DIRECTION('center_axis',(0.,-1.,0.));
#16227=DIRECTION('ref_axis',(-1.,0.,0.));
#16228=DIRECTION('',(0.,0.,-1.));
#16229=DIRECTION('',(-1.,0.,0.));
#16230=DIRECTION('center_axis',(-0.707106781186548,-0.707106781186548,0.));
#16231=DIRECTION('ref_axis',(0.,0.,1.));
#16232=DIRECTION('',(0.707106781186547,-0.707106781186547,0.));
#16233=DIRECTION('',(0.,0.,1.));
#16234=DIRECTION('',(-0.707106781186547,0.707106781186547,0.));
#16235=DIRECTION('center_axis',(0.,0.,1.));
#16236=DIRECTION('ref_axis',(1.,0.,0.));
#16237=DIRECTION('',(1.,0.,0.));
#16238=DIRECTION('',(-0.707106781186547,-0.707106781186547,0.));
#16239=DIRECTION('',(0.,1.,0.));
#16240=DIRECTION('center_axis',(0.707106781186548,-0.707106781186548,0.));
#16241=DIRECTION('ref_axis',(0.,0.,-1.));
#16242=DIRECTION('',(0.707106781186547,0.707106781186547,0.));
#16243=DIRECTION('',(0.,0.,1.));
#16244=DIRECTION('',(0.,0.,-1.));
#16245=DIRECTION('center_axis',(1.,0.,0.));
#16246=DIRECTION('ref_axis',(0.,-1.,0.));
#16247=DIRECTION('',(0.,-1.,0.));
#16248=DIRECTION('',(0.,0.,-1.));
#16249=DIRECTION('center_axis',(0.707106781186548,0.707106781186548,0.));
#16250=DIRECTION('ref_axis',(0.,0.,-1.));
#16251=DIRECTION('',(-0.707106781186547,0.707106781186547,0.));
#16252=DIRECTION('',(0.,0.,1.));
#16253=DIRECTION('center_axis',(-0.707106781186548,0.707106781186548,0.));
#16254=DIRECTION('ref_axis',(0.,0.,1.));
#16255=DIRECTION('',(-0.707106781186547,-0.707106781186547,0.));
#16256=DIRECTION('',(0.,0.,-1.));
#16257=DIRECTION('center_axis',(1.,0.,0.));
#16258=DIRECTION('ref_axis',(0.,-1.,0.));
#16259=DIRECTION('',(0.,0.,-1.));
#16260=DIRECTION('',(0.,-1.,0.));
#16261=DIRECTION('center_axis',(0.,1.,0.));
#16262=DIRECTION('ref_axis',(1.,0.,0.));
#16263=DIRECTION('',(1.,0.,0.));
#16264=DIRECTION('center_axis',(0.,1.,0.));
#16265=DIRECTION('ref_axis',(1.,0.,0.));
#16266=DIRECTION('',(1.,0.,0.));
#16267=DIRECTION('center_axis',(0.,-1.,0.));
#16268=DIRECTION('ref_axis',(-1.,0.,0.));
#16269=DIRECTION('',(-1.,0.,0.));
#16270=DIRECTION('center_axis',(0.,0.,-1.));
#16271=DIRECTION('ref_axis',(-1.,0.,0.));
#16272=DIRECTION('center_axis',(0.,0.,-1.));
#16273=DIRECTION('ref_axis',(0.,-1.,0.));
#16274=DIRECTION('',(0.,-1.,0.));
#16275=DIRECTION('',(-1.,0.,0.));
#16276=DIRECTION('',(0.,1.,0.));
#16277=DIRECTION('',(-1.,0.,0.));
#16278=DIRECTION('',(0.,-1.,0.));
#16279=DIRECTION('',(-1.,0.,0.));
#16280=DIRECTION('',(0.,1.,0.));
#16281=DIRECTION('',(1.,0.,0.));
#16282=DIRECTION('center_axis',(0.,1.,0.));
#16283=DIRECTION('ref_axis',(0.,0.,-1.));
#16284=DIRECTION('',(0.,0.,-1.));
#16285=DIRECTION('',(1.,0.,0.));
#16286=DIRECTION('',(0.,0.,1.));
#16287=DIRECTION('center_axis',(0.,-1.,0.));
#16288=DIRECTION('ref_axis',(0.,0.,1.));
#16289=DIRECTION('',(0.,0.,1.));
#16290=DIRECTION('',(0.,0.,-1.));
#16291=DIRECTION('',(-1.,0.,0.));
#16292=DIRECTION('center_axis',(-1.,0.,0.));
#16293=DIRECTION('ref_axis',(0.,1.,0.));
#16294=DIRECTION('',(0.,-1.,0.));
#16295=DIRECTION('',(0.,0.,1.));
#16296=DIRECTION('',(0.,1.,0.));
#16297=DIRECTION('',(0.,0.,-1.));
#16298=DIRECTION('',(0.,-1.,0.));
#16299=DIRECTION('center_axis',(0.,0.,1.));
#16300=DIRECTION('ref_axis',(1.,0.,0.));
#16301=DIRECTION('',(0.,1.,0.));
#16302=DIRECTION('',(0.707106781186547,-0.707106781186547,0.));
#16303=DIRECTION('',(-1.,0.,0.));
#16304=DIRECTION('',(0.707106781186547,0.707106781186547,0.));
#16305=DIRECTION('center_axis',(-1.,0.,0.));
#16306=DIRECTION('ref_axis',(0.,1.,0.));
#16307=DIRECTION('',(0.,0.,-1.));
#16308=DIRECTION('',(0.,1.,0.));
#16309=DIRECTION('',(0.,0.,-1.));
#16310=DIRECTION('center_axis',(0.,-1.,0.));
#16311=DIRECTION('ref_axis',(-1.,0.,0.));
#16312=DIRECTION('',(0.,0.,-1.));
#16313=DIRECTION('',(-1.,0.,0.));
#16314=DIRECTION('center_axis',(-0.707106781186548,-0.707106781186548,0.));
#16315=DIRECTION('ref_axis',(0.,0.,1.));
#16316=DIRECTION('',(0.707106781186547,-0.707106781186547,0.));
#16317=DIRECTION('',(0.,0.,1.));
#16318=DIRECTION('',(-0.707106781186547,0.707106781186547,0.));
#16319=DIRECTION('center_axis',(0.,0.,1.));
#16320=DIRECTION('ref_axis',(1.,0.,0.));
#16321=DIRECTION('',(1.,0.,0.));
#16322=DIRECTION('',(-0.707106781186547,-0.707106781186547,0.));
#16323=DIRECTION('',(0.,1.,0.));
#16324=DIRECTION('center_axis',(0.707106781186548,-0.707106781186548,0.));
#16325=DIRECTION('ref_axis',(0.,0.,-1.));
#16326=DIRECTION('',(0.707106781186547,0.707106781186547,0.));
#16327=DIRECTION('',(0.,0.,1.));
#16328=DIRECTION('',(0.,0.,-1.));
#16329=DIRECTION('center_axis',(1.,0.,0.));
#16330=DIRECTION('ref_axis',(0.,-1.,0.));
#16331=DIRECTION('',(0.,-1.,0.));
#16332=DIRECTION('',(0.,0.,-1.));
#16333=DIRECTION('center_axis',(0.707106781186548,0.707106781186548,0.));
#16334=DIRECTION('ref_axis',(0.,0.,-1.));
#16335=DIRECTION('',(-0.707106781186547,0.707106781186547,0.));
#16336=DIRECTION('',(0.,0.,1.));
#16337=DIRECTION('center_axis',(-0.707106781186548,0.707106781186548,0.));
#16338=DIRECTION('ref_axis',(0.,0.,1.));
#16339=DIRECTION('',(-0.707106781186547,-0.707106781186547,0.));
#16340=DIRECTION('',(0.,0.,-1.));
#16341=DIRECTION('center_axis',(1.,0.,0.));
#16342=DIRECTION('ref_axis',(0.,-1.,0.));
#16343=DIRECTION('',(0.,0.,-1.));
#16344=DIRECTION('',(0.,-1.,0.));
#16345=DIRECTION('center_axis',(0.,1.,0.));
#16346=DIRECTION('ref_axis',(1.,0.,0.));
#16347=DIRECTION('',(1.,0.,0.));
#16348=DIRECTION('center_axis',(0.,1.,0.));
#16349=DIRECTION('ref_axis',(1.,0.,0.));
#16350=DIRECTION('',(1.,0.,0.));
#16351=DIRECTION('center_axis',(0.,-1.,0.));
#16352=DIRECTION('ref_axis',(-1.,0.,0.));
#16353=DIRECTION('',(-1.,0.,0.));
#16354=DIRECTION('center_axis',(0.,0.,-1.));
#16355=DIRECTION('ref_axis',(-1.,0.,0.));
#16356=DIRECTION('center_axis',(0.,0.,-1.));
#16357=DIRECTION('ref_axis',(0.,-1.,0.));
#16358=DIRECTION('',(0.,-1.,0.));
#16359=DIRECTION('',(-1.,0.,0.));
#16360=DIRECTION('',(0.,1.,0.));
#16361=DIRECTION('',(-1.,0.,0.));
#16362=DIRECTION('',(0.,-1.,0.));
#16363=DIRECTION('',(-1.,0.,0.));
#16364=DIRECTION('',(0.,1.,0.));
#16365=DIRECTION('',(1.,0.,0.));
#16366=DIRECTION('center_axis',(0.,1.,0.));
#16367=DIRECTION('ref_axis',(0.,0.,-1.));
#16368=DIRECTION('',(0.,0.,-1.));
#16369=DIRECTION('',(1.,0.,0.));
#16370=DIRECTION('',(0.,0.,1.));
#16371=DIRECTION('center_axis',(0.,-1.,0.));
#16372=DIRECTION('ref_axis',(0.,0.,1.));
#16373=DIRECTION('',(0.,0.,1.));
#16374=DIRECTION('',(0.,0.,-1.));
#16375=DIRECTION('',(-1.,0.,0.));
#16376=DIRECTION('center_axis',(-1.,0.,0.));
#16377=DIRECTION('ref_axis',(0.,1.,0.));
#16378=DIRECTION('',(0.,-1.,0.));
#16379=DIRECTION('',(0.,0.,1.));
#16380=DIRECTION('',(0.,1.,0.));
#16381=DIRECTION('',(0.,0.,-1.));
#16382=DIRECTION('',(0.,-1.,0.));
#16383=DIRECTION('center_axis',(0.,0.,1.));
#16384=DIRECTION('ref_axis',(1.,0.,0.));
#16385=DIRECTION('',(0.,1.,0.));
#16386=DIRECTION('',(0.707106781186547,-0.707106781186547,0.));
#16387=DIRECTION('',(-1.,0.,0.));
#16388=DIRECTION('',(0.707106781186547,0.707106781186547,0.));
#16389=DIRECTION('center_axis',(-1.,0.,0.));
#16390=DIRECTION('ref_axis',(0.,1.,0.));
#16391=DIRECTION('',(0.,0.,-1.));
#16392=DIRECTION('',(0.,1.,0.));
#16393=DIRECTION('',(0.,0.,-1.));
#16394=DIRECTION('center_axis',(0.,-1.,0.));
#16395=DIRECTION('ref_axis',(-1.,0.,0.));
#16396=DIRECTION('',(0.,0.,-1.));
#16397=DIRECTION('',(-1.,0.,0.));
#16398=DIRECTION('center_axis',(-0.707106781186548,-0.707106781186548,0.));
#16399=DIRECTION('ref_axis',(0.,0.,1.));
#16400=DIRECTION('',(0.707106781186547,-0.707106781186547,0.));
#16401=DIRECTION('',(0.,0.,1.));
#16402=DIRECTION('',(-0.707106781186547,0.707106781186547,0.));
#16403=DIRECTION('center_axis',(0.,0.,1.));
#16404=DIRECTION('ref_axis',(1.,0.,0.));
#16405=DIRECTION('',(1.,0.,0.));
#16406=DIRECTION('',(-0.707106781186547,-0.707106781186547,0.));
#16407=DIRECTION('',(0.,1.,0.));
#16408=DIRECTION('center_axis',(0.707106781186548,-0.707106781186548,0.));
#16409=DIRECTION('ref_axis',(0.,0.,-1.));
#16410=DIRECTION('',(0.707106781186547,0.707106781186547,0.));
#16411=DIRECTION('',(0.,0.,1.));
#16412=DIRECTION('',(0.,0.,-1.));
#16413=DIRECTION('center_axis',(1.,0.,0.));
#16414=DIRECTION('ref_axis',(0.,-1.,0.));
#16415=DIRECTION('',(0.,-1.,0.));
#16416=DIRECTION('',(0.,0.,-1.));
#16417=DIRECTION('center_axis',(0.707106781186548,0.707106781186548,0.));
#16418=DIRECTION('ref_axis',(0.,0.,-1.));
#16419=DIRECTION('',(-0.707106781186547,0.707106781186547,0.));
#16420=DIRECTION('',(0.,0.,1.));
#16421=DIRECTION('center_axis',(-0.707106781186548,0.707106781186548,0.));
#16422=DIRECTION('ref_axis',(0.,0.,1.));
#16423=DIRECTION('',(-0.707106781186547,-0.707106781186547,0.));
#16424=DIRECTION('',(0.,0.,-1.));
#16425=DIRECTION('center_axis',(1.,0.,0.));
#16426=DIRECTION('ref_axis',(0.,-1.,0.));
#16427=DIRECTION('',(0.,0.,-1.));
#16428=DIRECTION('',(0.,-1.,0.));
#16429=DIRECTION('center_axis',(0.,1.,0.));
#16430=DIRECTION('ref_axis',(1.,0.,0.));
#16431=DIRECTION('',(1.,0.,0.));
#16432=DIRECTION('center_axis',(0.,1.,0.));
#16433=DIRECTION('ref_axis',(1.,0.,0.));
#16434=DIRECTION('',(1.,0.,0.));
#16435=DIRECTION('center_axis',(0.,-1.,0.));
#16436=DIRECTION('ref_axis',(-1.,0.,0.));
#16437=DIRECTION('',(-1.,0.,0.));
#16438=DIRECTION('center_axis',(0.,0.,-1.));
#16439=DIRECTION('ref_axis',(-1.,0.,0.));
#16440=DIRECTION('center_axis',(0.,0.,-1.));
#16441=DIRECTION('ref_axis',(0.,-1.,0.));
#16442=DIRECTION('',(0.,-1.,0.));
#16443=DIRECTION('',(-1.,0.,0.));
#16444=DIRECTION('',(0.,1.,0.));
#16445=DIRECTION('',(-1.,0.,0.));
#16446=DIRECTION('',(0.,-1.,0.));
#16447=DIRECTION('',(-1.,0.,0.));
#16448=DIRECTION('',(0.,1.,0.));
#16449=DIRECTION('',(1.,0.,0.));
#16450=DIRECTION('center_axis',(0.,1.,0.));
#16451=DIRECTION('ref_axis',(0.,0.,-1.));
#16452=DIRECTION('',(0.,0.,-1.));
#16453=DIRECTION('',(1.,0.,0.));
#16454=DIRECTION('',(0.,0.,1.));
#16455=DIRECTION('center_axis',(0.,-1.,0.));
#16456=DIRECTION('ref_axis',(0.,0.,1.));
#16457=DIRECTION('',(0.,0.,1.));
#16458=DIRECTION('',(0.,0.,-1.));
#16459=DIRECTION('',(-1.,0.,0.));
#16460=DIRECTION('center_axis',(-1.,0.,0.));
#16461=DIRECTION('ref_axis',(0.,1.,0.));
#16462=DIRECTION('',(0.,-1.,0.));
#16463=DIRECTION('',(0.,0.,1.));
#16464=DIRECTION('',(0.,1.,0.));
#16465=DIRECTION('',(0.,0.,-1.));
#16466=DIRECTION('',(0.,-1.,0.));
#16467=DIRECTION('center_axis',(0.,0.,1.));
#16468=DIRECTION('ref_axis',(1.,0.,0.));
#16469=DIRECTION('',(0.,1.,0.));
#16470=DIRECTION('',(0.707106781186547,-0.707106781186547,0.));
#16471=DIRECTION('',(-1.,0.,0.));
#16472=DIRECTION('',(0.707106781186547,0.707106781186547,0.));
#16473=DIRECTION('center_axis',(-1.,0.,0.));
#16474=DIRECTION('ref_axis',(0.,1.,0.));
#16475=DIRECTION('',(0.,0.,-1.));
#16476=DIRECTION('',(0.,1.,0.));
#16477=DIRECTION('',(0.,0.,-1.));
#16478=DIRECTION('center_axis',(0.,-1.,0.));
#16479=DIRECTION('ref_axis',(-1.,0.,0.));
#16480=DIRECTION('',(0.,0.,-1.));
#16481=DIRECTION('',(-1.,0.,0.));
#16482=DIRECTION('center_axis',(-0.707106781186548,-0.707106781186548,0.));
#16483=DIRECTION('ref_axis',(0.,0.,1.));
#16484=DIRECTION('',(0.707106781186547,-0.707106781186547,0.));
#16485=DIRECTION('',(0.,0.,1.));
#16486=DIRECTION('',(-0.707106781186547,0.707106781186547,0.));
#16487=DIRECTION('center_axis',(0.,0.,1.));
#16488=DIRECTION('ref_axis',(1.,0.,0.));
#16489=DIRECTION('',(1.,0.,0.));
#16490=DIRECTION('',(-0.707106781186547,-0.707106781186547,0.));
#16491=DIRECTION('',(0.,1.,0.));
#16492=DIRECTION('center_axis',(0.707106781186548,-0.707106781186548,0.));
#16493=DIRECTION('ref_axis',(0.,0.,-1.));
#16494=DIRECTION('',(0.707106781186547,0.707106781186547,0.));
#16495=DIRECTION('',(0.,0.,1.));
#16496=DIRECTION('',(0.,0.,-1.));
#16497=DIRECTION('center_axis',(1.,0.,0.));
#16498=DIRECTION('ref_axis',(0.,-1.,0.));
#16499=DIRECTION('',(0.,-1.,0.));
#16500=DIRECTION('',(0.,0.,-1.));
#16501=DIRECTION('center_axis',(0.707106781186548,0.707106781186548,0.));
#16502=DIRECTION('ref_axis',(0.,0.,-1.));
#16503=DIRECTION('',(-0.707106781186547,0.707106781186547,0.));
#16504=DIRECTION('',(0.,0.,1.));
#16505=DIRECTION('center_axis',(-0.707106781186548,0.707106781186548,0.));
#16506=DIRECTION('ref_axis',(0.,0.,1.));
#16507=DIRECTION('',(-0.707106781186547,-0.707106781186547,0.));
#16508=DIRECTION('',(0.,0.,-1.));
#16509=DIRECTION('center_axis',(1.,0.,0.));
#16510=DIRECTION('ref_axis',(0.,-1.,0.));
#16511=DIRECTION('',(0.,0.,-1.));
#16512=DIRECTION('',(0.,-1.,0.));
#16513=DIRECTION('center_axis',(0.,1.,0.));
#16514=DIRECTION('ref_axis',(1.,0.,0.));
#16515=DIRECTION('',(1.,0.,0.));
#16516=DIRECTION('center_axis',(0.,1.,0.));
#16517=DIRECTION('ref_axis',(1.,0.,0.));
#16518=DIRECTION('',(1.,0.,0.));
#16519=DIRECTION('center_axis',(0.,-1.,0.));
#16520=DIRECTION('ref_axis',(-1.,0.,0.));
#16521=DIRECTION('',(-1.,0.,0.));
#16522=DIRECTION('center_axis',(0.,0.,-1.));
#16523=DIRECTION('ref_axis',(-1.,0.,0.));
#16524=DIRECTION('center_axis',(0.,0.,-1.));
#16525=DIRECTION('ref_axis',(0.,-1.,0.));
#16526=DIRECTION('',(0.,-1.,0.));
#16527=DIRECTION('',(-1.,0.,0.));
#16528=DIRECTION('',(0.,1.,0.));
#16529=DIRECTION('',(-1.,0.,0.));
#16530=DIRECTION('',(0.,-1.,0.));
#16531=DIRECTION('',(-1.,0.,0.));
#16532=DIRECTION('',(0.,1.,0.));
#16533=DIRECTION('',(1.,0.,0.));
#16534=DIRECTION('center_axis',(0.,1.,0.));
#16535=DIRECTION('ref_axis',(0.,0.,-1.));
#16536=DIRECTION('',(0.,0.,-1.));
#16537=DIRECTION('',(1.,0.,0.));
#16538=DIRECTION('',(0.,0.,1.));
#16539=DIRECTION('center_axis',(0.,-1.,0.));
#16540=DIRECTION('ref_axis',(0.,0.,1.));
#16541=DIRECTION('',(0.,0.,1.));
#16542=DIRECTION('',(0.,0.,-1.));
#16543=DIRECTION('',(-1.,0.,0.));
#16544=DIRECTION('center_axis',(-1.,0.,0.));
#16545=DIRECTION('ref_axis',(0.,1.,0.));
#16546=DIRECTION('',(0.,-1.,0.));
#16547=DIRECTION('',(0.,0.,1.));
#16548=DIRECTION('',(0.,1.,0.));
#16549=DIRECTION('',(0.,0.,-1.));
#16550=DIRECTION('',(0.,-1.,0.));
#16551=DIRECTION('center_axis',(0.,0.,1.));
#16552=DIRECTION('ref_axis',(1.,0.,0.));
#16553=DIRECTION('',(0.,1.,0.));
#16554=DIRECTION('',(0.707106781186547,-0.707106781186547,0.));
#16555=DIRECTION('',(-1.,0.,0.));
#16556=DIRECTION('',(0.707106781186547,0.707106781186547,0.));
#16557=DIRECTION('center_axis',(-1.,0.,0.));
#16558=DIRECTION('ref_axis',(0.,1.,0.));
#16559=DIRECTION('',(0.,0.,-1.));
#16560=DIRECTION('',(0.,1.,0.));
#16561=DIRECTION('',(0.,0.,-1.));
#16562=DIRECTION('center_axis',(0.,-1.,0.));
#16563=DIRECTION('ref_axis',(-1.,0.,0.));
#16564=DIRECTION('',(0.,0.,-1.));
#16565=DIRECTION('',(-1.,0.,0.));
#16566=DIRECTION('center_axis',(-0.707106781186548,-0.707106781186548,0.));
#16567=DIRECTION('ref_axis',(0.,0.,1.));
#16568=DIRECTION('',(0.707106781186547,-0.707106781186547,0.));
#16569=DIRECTION('',(0.,0.,1.));
#16570=DIRECTION('',(-0.707106781186547,0.707106781186547,0.));
#16571=DIRECTION('center_axis',(0.,0.,1.));
#16572=DIRECTION('ref_axis',(1.,0.,0.));
#16573=DIRECTION('',(1.,0.,0.));
#16574=DIRECTION('',(-0.707106781186547,-0.707106781186547,0.));
#16575=DIRECTION('',(0.,1.,0.));
#16576=DIRECTION('center_axis',(0.707106781186548,-0.707106781186548,0.));
#16577=DIRECTION('ref_axis',(0.,0.,-1.));
#16578=DIRECTION('',(0.707106781186547,0.707106781186547,0.));
#16579=DIRECTION('',(0.,0.,1.));
#16580=DIRECTION('',(0.,0.,-1.));
#16581=DIRECTION('center_axis',(1.,0.,0.));
#16582=DIRECTION('ref_axis',(0.,-1.,0.));
#16583=DIRECTION('',(0.,-1.,0.));
#16584=DIRECTION('',(0.,0.,-1.));
#16585=DIRECTION('center_axis',(0.707106781186548,0.707106781186548,0.));
#16586=DIRECTION('ref_axis',(0.,0.,-1.));
#16587=DIRECTION('',(-0.707106781186547,0.707106781186547,0.));
#16588=DIRECTION('',(0.,0.,1.));
#16589=DIRECTION('center_axis',(-0.707106781186548,0.707106781186548,0.));
#16590=DIRECTION('ref_axis',(0.,0.,1.));
#16591=DIRECTION('',(-0.707106781186547,-0.707106781186547,0.));
#16592=DIRECTION('',(0.,0.,-1.));
#16593=DIRECTION('center_axis',(1.,0.,0.));
#16594=DIRECTION('ref_axis',(0.,-1.,0.));
#16595=DIRECTION('',(0.,0.,-1.));
#16596=DIRECTION('',(0.,-1.,0.));
#16597=DIRECTION('center_axis',(0.,1.,0.));
#16598=DIRECTION('ref_axis',(1.,0.,0.));
#16599=DIRECTION('',(1.,0.,0.));
#16600=DIRECTION('center_axis',(0.,1.,0.));
#16601=DIRECTION('ref_axis',(1.,0.,0.));
#16602=DIRECTION('',(1.,0.,0.));
#16603=DIRECTION('center_axis',(0.,-1.,0.));
#16604=DIRECTION('ref_axis',(-1.,0.,0.));
#16605=DIRECTION('',(-1.,0.,0.));
#16606=DIRECTION('center_axis',(0.,0.,-1.));
#16607=DIRECTION('ref_axis',(-1.,0.,0.));
#16608=DIRECTION('center_axis',(0.,0.,-1.));
#16609=DIRECTION('ref_axis',(0.,-1.,0.));
#16610=DIRECTION('',(0.,-1.,0.));
#16611=DIRECTION('',(-1.,0.,0.));
#16612=DIRECTION('',(0.,1.,0.));
#16613=DIRECTION('',(-1.,0.,0.));
#16614=DIRECTION('',(0.,-1.,0.));
#16615=DIRECTION('',(-1.,0.,0.));
#16616=DIRECTION('',(0.,1.,0.));
#16617=DIRECTION('',(1.,0.,0.));
#16618=DIRECTION('center_axis',(0.,1.,0.));
#16619=DIRECTION('ref_axis',(0.,0.,-1.));
#16620=DIRECTION('',(0.,0.,-1.));
#16621=DIRECTION('',(1.,0.,0.));
#16622=DIRECTION('',(0.,0.,1.));
#16623=DIRECTION('center_axis',(0.,-1.,0.));
#16624=DIRECTION('ref_axis',(0.,0.,1.));
#16625=DIRECTION('',(0.,0.,1.));
#16626=DIRECTION('',(0.,0.,-1.));
#16627=DIRECTION('',(-1.,0.,0.));
#16628=DIRECTION('center_axis',(-1.,0.,0.));
#16629=DIRECTION('ref_axis',(0.,1.,0.));
#16630=DIRECTION('',(0.,-1.,0.));
#16631=DIRECTION('',(0.,0.,1.));
#16632=DIRECTION('',(0.,1.,0.));
#16633=DIRECTION('',(0.,0.,-1.));
#16634=DIRECTION('',(0.,-1.,0.));
#16635=DIRECTION('center_axis',(0.,0.,1.));
#16636=DIRECTION('ref_axis',(1.,0.,0.));
#16637=DIRECTION('',(0.,1.,0.));
#16638=DIRECTION('',(0.707106781186547,-0.707106781186547,0.));
#16639=DIRECTION('',(-1.,0.,0.));
#16640=DIRECTION('',(0.707106781186547,0.707106781186547,0.));
#16641=DIRECTION('center_axis',(-1.,0.,0.));
#16642=DIRECTION('ref_axis',(0.,1.,0.));
#16643=DIRECTION('',(0.,0.,-1.));
#16644=DIRECTION('',(0.,1.,0.));
#16645=DIRECTION('',(0.,0.,-1.));
#16646=DIRECTION('center_axis',(0.,-1.,0.));
#16647=DIRECTION('ref_axis',(-1.,0.,0.));
#16648=DIRECTION('',(0.,0.,-1.));
#16649=DIRECTION('',(-1.,0.,0.));
#16650=DIRECTION('center_axis',(-0.707106781186548,-0.707106781186548,0.));
#16651=DIRECTION('ref_axis',(0.,0.,1.));
#16652=DIRECTION('',(0.707106781186547,-0.707106781186547,0.));
#16653=DIRECTION('',(0.,0.,1.));
#16654=DIRECTION('',(-0.707106781186547,0.707106781186547,0.));
#16655=DIRECTION('center_axis',(0.,0.,1.));
#16656=DIRECTION('ref_axis',(1.,0.,0.));
#16657=DIRECTION('',(1.,0.,0.));
#16658=DIRECTION('',(-0.707106781186547,-0.707106781186547,0.));
#16659=DIRECTION('',(0.,1.,0.));
#16660=DIRECTION('center_axis',(0.707106781186548,-0.707106781186548,0.));
#16661=DIRECTION('ref_axis',(0.,0.,-1.));
#16662=DIRECTION('',(0.707106781186547,0.707106781186547,0.));
#16663=DIRECTION('',(0.,0.,1.));
#16664=DIRECTION('',(0.,0.,-1.));
#16665=DIRECTION('center_axis',(1.,0.,0.));
#16666=DIRECTION('ref_axis',(0.,-1.,0.));
#16667=DIRECTION('',(0.,-1.,0.));
#16668=DIRECTION('',(0.,0.,-1.));
#16669=DIRECTION('center_axis',(0.707106781186548,0.707106781186548,0.));
#16670=DIRECTION('ref_axis',(0.,0.,-1.));
#16671=DIRECTION('',(-0.707106781186547,0.707106781186547,0.));
#16672=DIRECTION('',(0.,0.,1.));
#16673=DIRECTION('center_axis',(-0.707106781186548,0.707106781186548,0.));
#16674=DIRECTION('ref_axis',(0.,0.,1.));
#16675=DIRECTION('',(-0.707106781186547,-0.707106781186547,0.));
#16676=DIRECTION('',(0.,0.,-1.));
#16677=DIRECTION('center_axis',(1.,0.,0.));
#16678=DIRECTION('ref_axis',(0.,-1.,0.));
#16679=DIRECTION('',(0.,0.,-1.));
#16680=DIRECTION('',(0.,-1.,0.));
#16681=DIRECTION('center_axis',(0.,1.,0.));
#16682=DIRECTION('ref_axis',(1.,0.,0.));
#16683=DIRECTION('',(1.,0.,0.));
#16684=DIRECTION('center_axis',(0.,1.,0.));
#16685=DIRECTION('ref_axis',(1.,0.,0.));
#16686=DIRECTION('',(1.,0.,0.));
#16687=DIRECTION('center_axis',(0.,-1.,0.));
#16688=DIRECTION('ref_axis',(-1.,0.,0.));
#16689=DIRECTION('',(-1.,0.,0.));
#16690=DIRECTION('center_axis',(0.,0.,-1.));
#16691=DIRECTION('ref_axis',(-1.,0.,0.));
#16692=DIRECTION('center_axis',(0.,0.,-1.));
#16693=DIRECTION('ref_axis',(0.,-1.,0.));
#16694=DIRECTION('',(0.,-1.,0.));
#16695=DIRECTION('',(-1.,0.,0.));
#16696=DIRECTION('',(0.,1.,0.));
#16697=DIRECTION('',(-1.,0.,0.));
#16698=DIRECTION('',(0.,-1.,0.));
#16699=DIRECTION('',(-1.,0.,0.));
#16700=DIRECTION('',(0.,1.,0.));
#16701=DIRECTION('',(1.,0.,0.));
#16702=DIRECTION('center_axis',(0.,1.,0.));
#16703=DIRECTION('ref_axis',(0.,0.,-1.));
#16704=DIRECTION('',(0.,0.,-1.));
#16705=DIRECTION('',(1.,0.,0.));
#16706=DIRECTION('',(0.,0.,1.));
#16707=DIRECTION('center_axis',(0.,-1.,0.));
#16708=DIRECTION('ref_axis',(0.,0.,1.));
#16709=DIRECTION('',(0.,0.,1.));
#16710=DIRECTION('',(0.,0.,-1.));
#16711=DIRECTION('',(-1.,0.,0.));
#16712=DIRECTION('center_axis',(-1.,0.,0.));
#16713=DIRECTION('ref_axis',(0.,1.,0.));
#16714=DIRECTION('',(0.,-1.,0.));
#16715=DIRECTION('',(0.,0.,1.));
#16716=DIRECTION('',(0.,1.,0.));
#16717=DIRECTION('',(0.,0.,-1.));
#16718=DIRECTION('',(0.,-1.,0.));
#16719=DIRECTION('center_axis',(0.,0.,1.));
#16720=DIRECTION('ref_axis',(1.,0.,0.));
#16721=DIRECTION('',(0.,1.,0.));
#16722=DIRECTION('',(0.707106781186547,-0.707106781186547,0.));
#16723=DIRECTION('',(-1.,0.,0.));
#16724=DIRECTION('',(0.707106781186547,0.707106781186547,0.));
#16725=DIRECTION('center_axis',(-1.,0.,0.));
#16726=DIRECTION('ref_axis',(0.,1.,0.));
#16727=DIRECTION('',(0.,0.,-1.));
#16728=DIRECTION('',(0.,1.,0.));
#16729=DIRECTION('',(0.,0.,-1.));
#16730=DIRECTION('center_axis',(0.,-1.,0.));
#16731=DIRECTION('ref_axis',(-1.,0.,0.));
#16732=DIRECTION('',(0.,0.,-1.));
#16733=DIRECTION('',(-1.,0.,0.));
#16734=DIRECTION('center_axis',(-0.707106781186548,-0.707106781186548,0.));
#16735=DIRECTION('ref_axis',(0.,0.,1.));
#16736=DIRECTION('',(0.707106781186547,-0.707106781186547,0.));
#16737=DIRECTION('',(0.,0.,1.));
#16738=DIRECTION('',(-0.707106781186547,0.707106781186547,0.));
#16739=DIRECTION('center_axis',(0.,0.,1.));
#16740=DIRECTION('ref_axis',(1.,0.,0.));
#16741=DIRECTION('',(1.,0.,0.));
#16742=DIRECTION('',(-0.707106781186547,-0.707106781186547,0.));
#16743=DIRECTION('',(0.,1.,0.));
#16744=DIRECTION('center_axis',(0.707106781186548,-0.707106781186548,0.));
#16745=DIRECTION('ref_axis',(0.,0.,-1.));
#16746=DIRECTION('',(0.707106781186547,0.707106781186547,0.));
#16747=DIRECTION('',(0.,0.,1.));
#16748=DIRECTION('',(0.,0.,-1.));
#16749=DIRECTION('center_axis',(1.,0.,0.));
#16750=DIRECTION('ref_axis',(0.,-1.,0.));
#16751=DIRECTION('',(0.,-1.,0.));
#16752=DIRECTION('',(0.,0.,-1.));
#16753=DIRECTION('center_axis',(0.707106781186548,0.707106781186548,0.));
#16754=DIRECTION('ref_axis',(0.,0.,-1.));
#16755=DIRECTION('',(-0.707106781186547,0.707106781186547,0.));
#16756=DIRECTION('',(0.,0.,1.));
#16757=DIRECTION('center_axis',(-0.707106781186548,0.707106781186548,0.));
#16758=DIRECTION('ref_axis',(0.,0.,1.));
#16759=DIRECTION('',(-0.707106781186547,-0.707106781186547,0.));
#16760=DIRECTION('',(0.,0.,-1.));
#16761=DIRECTION('center_axis',(1.,0.,0.));
#16762=DIRECTION('ref_axis',(0.,-1.,0.));
#16763=DIRECTION('',(0.,0.,-1.));
#16764=DIRECTION('',(0.,-1.,0.));
#16765=DIRECTION('center_axis',(0.,1.,0.));
#16766=DIRECTION('ref_axis',(1.,0.,0.));
#16767=DIRECTION('',(1.,0.,0.));
#16768=DIRECTION('center_axis',(0.,1.,0.));
#16769=DIRECTION('ref_axis',(1.,0.,0.));
#16770=DIRECTION('',(1.,0.,0.));
#16771=DIRECTION('center_axis',(0.,-1.,0.));
#16772=DIRECTION('ref_axis',(-1.,0.,0.));
#16773=DIRECTION('',(-1.,0.,0.));
#16774=DIRECTION('center_axis',(0.,0.,-1.));
#16775=DIRECTION('ref_axis',(-1.,0.,0.));
#16776=DIRECTION('center_axis',(0.,0.,-1.));
#16777=DIRECTION('ref_axis',(0.,-1.,0.));
#16778=DIRECTION('',(0.,-1.,0.));
#16779=DIRECTION('',(-1.,0.,0.));
#16780=DIRECTION('',(0.,1.,0.));
#16781=DIRECTION('',(-1.,0.,0.));
#16782=DIRECTION('',(0.,-1.,0.));
#16783=DIRECTION('',(-1.,0.,0.));
#16784=DIRECTION('',(0.,1.,0.));
#16785=DIRECTION('',(1.,0.,0.));
#16786=DIRECTION('center_axis',(0.,1.,0.));
#16787=DIRECTION('ref_axis',(0.,0.,-1.));
#16788=DIRECTION('',(0.,0.,-1.));
#16789=DIRECTION('',(1.,0.,0.));
#16790=DIRECTION('',(0.,0.,1.));
#16791=DIRECTION('center_axis',(0.,-1.,0.));
#16792=DIRECTION('ref_axis',(0.,0.,1.));
#16793=DIRECTION('',(0.,0.,1.));
#16794=DIRECTION('',(0.,0.,-1.));
#16795=DIRECTION('',(-1.,0.,0.));
#16796=DIRECTION('center_axis',(-1.,0.,0.));
#16797=DIRECTION('ref_axis',(0.,1.,0.));
#16798=DIRECTION('',(0.,-1.,0.));
#16799=DIRECTION('',(0.,0.,1.));
#16800=DIRECTION('',(0.,1.,0.));
#16801=DIRECTION('',(0.,0.,-1.));
#16802=DIRECTION('',(0.,-1.,0.));
#16803=DIRECTION('center_axis',(0.,0.,1.));
#16804=DIRECTION('ref_axis',(1.,0.,0.));
#16805=DIRECTION('',(0.,1.,0.));
#16806=DIRECTION('',(0.707106781186547,-0.707106781186547,0.));
#16807=DIRECTION('',(-1.,0.,0.));
#16808=DIRECTION('',(0.707106781186547,0.707106781186547,0.));
#16809=DIRECTION('center_axis',(-1.,0.,0.));
#16810=DIRECTION('ref_axis',(0.,1.,0.));
#16811=DIRECTION('',(0.,0.,-1.));
#16812=DIRECTION('',(0.,1.,0.));
#16813=DIRECTION('',(0.,0.,-1.));
#16814=DIRECTION('center_axis',(0.,-1.,0.));
#16815=DIRECTION('ref_axis',(-1.,0.,0.));
#16816=DIRECTION('',(0.,0.,-1.));
#16817=DIRECTION('',(-1.,0.,0.));
#16818=DIRECTION('center_axis',(-0.707106781186548,-0.707106781186548,0.));
#16819=DIRECTION('ref_axis',(0.,0.,1.));
#16820=DIRECTION('',(0.707106781186547,-0.707106781186547,0.));
#16821=DIRECTION('',(0.,0.,1.));
#16822=DIRECTION('',(-0.707106781186547,0.707106781186547,0.));
#16823=DIRECTION('center_axis',(0.,0.,1.));
#16824=DIRECTION('ref_axis',(1.,0.,0.));
#16825=DIRECTION('',(1.,0.,0.));
#16826=DIRECTION('',(-0.707106781186547,-0.707106781186547,0.));
#16827=DIRECTION('',(0.,1.,0.));
#16828=DIRECTION('center_axis',(0.707106781186548,-0.707106781186548,0.));
#16829=DIRECTION('ref_axis',(0.,0.,-1.));
#16830=DIRECTION('',(0.707106781186547,0.707106781186547,0.));
#16831=DIRECTION('',(0.,0.,1.));
#16832=DIRECTION('',(0.,0.,-1.));
#16833=DIRECTION('center_axis',(1.,0.,0.));
#16834=DIRECTION('ref_axis',(0.,-1.,0.));
#16835=DIRECTION('',(0.,-1.,0.));
#16836=DIRECTION('',(0.,0.,-1.));
#16837=DIRECTION('center_axis',(0.707106781186548,0.707106781186548,0.));
#16838=DIRECTION('ref_axis',(0.,0.,-1.));
#16839=DIRECTION('',(-0.707106781186547,0.707106781186547,0.));
#16840=DIRECTION('',(0.,0.,1.));
#16841=DIRECTION('center_axis',(-0.707106781186548,0.707106781186548,0.));
#16842=DIRECTION('ref_axis',(0.,0.,1.));
#16843=DIRECTION('',(-0.707106781186547,-0.707106781186547,0.));
#16844=DIRECTION('',(0.,0.,-1.));
#16845=DIRECTION('center_axis',(1.,0.,0.));
#16846=DIRECTION('ref_axis',(0.,-1.,0.));
#16847=DIRECTION('',(0.,0.,-1.));
#16848=DIRECTION('',(0.,-1.,0.));
#16849=DIRECTION('center_axis',(0.,1.,0.));
#16850=DIRECTION('ref_axis',(1.,0.,0.));
#16851=DIRECTION('',(1.,0.,0.));
#16852=DIRECTION('center_axis',(0.,1.,0.));
#16853=DIRECTION('ref_axis',(1.,0.,0.));
#16854=DIRECTION('',(1.,0.,0.));
#16855=DIRECTION('center_axis',(0.,-1.,0.));
#16856=DIRECTION('ref_axis',(-1.,0.,0.));
#16857=DIRECTION('',(-1.,0.,0.));
#16858=DIRECTION('center_axis',(0.,0.,-1.));
#16859=DIRECTION('ref_axis',(-1.,0.,0.));
#16860=DIRECTION('center_axis',(0.,0.,-1.));
#16861=DIRECTION('ref_axis',(0.,-1.,0.));
#16862=DIRECTION('',(0.,-1.,0.));
#16863=DIRECTION('',(-1.,0.,0.));
#16864=DIRECTION('',(0.,1.,0.));
#16865=DIRECTION('',(-1.,0.,0.));
#16866=DIRECTION('',(0.,-1.,0.));
#16867=DIRECTION('',(-1.,0.,0.));
#16868=DIRECTION('',(0.,1.,0.));
#16869=DIRECTION('',(1.,0.,0.));
#16870=DIRECTION('center_axis',(0.,1.,0.));
#16871=DIRECTION('ref_axis',(0.,0.,-1.));
#16872=DIRECTION('',(0.,0.,-1.));
#16873=DIRECTION('',(1.,0.,0.));
#16874=DIRECTION('',(0.,0.,1.));
#16875=DIRECTION('center_axis',(0.,-1.,0.));
#16876=DIRECTION('ref_axis',(0.,0.,1.));
#16877=DIRECTION('',(0.,0.,1.));
#16878=DIRECTION('',(0.,0.,-1.));
#16879=DIRECTION('',(-1.,0.,0.));
#16880=DIRECTION('center_axis',(-1.,0.,0.));
#16881=DIRECTION('ref_axis',(0.,1.,0.));
#16882=DIRECTION('',(0.,-1.,0.));
#16883=DIRECTION('',(0.,0.,1.));
#16884=DIRECTION('',(0.,1.,0.));
#16885=DIRECTION('',(0.,0.,-1.));
#16886=DIRECTION('',(0.,-1.,0.));
#16887=DIRECTION('center_axis',(0.,0.,1.));
#16888=DIRECTION('ref_axis',(1.,0.,0.));
#16889=DIRECTION('',(0.,1.,0.));
#16890=DIRECTION('',(0.707106781186547,-0.707106781186547,0.));
#16891=DIRECTION('',(-1.,0.,0.));
#16892=DIRECTION('',(0.707106781186547,0.707106781186547,0.));
#16893=DIRECTION('center_axis',(-1.,0.,0.));
#16894=DIRECTION('ref_axis',(0.,1.,0.));
#16895=DIRECTION('',(0.,0.,-1.));
#16896=DIRECTION('',(0.,1.,0.));
#16897=DIRECTION('',(0.,0.,-1.));
#16898=DIRECTION('center_axis',(0.,-1.,0.));
#16899=DIRECTION('ref_axis',(-1.,0.,0.));
#16900=DIRECTION('',(0.,0.,-1.));
#16901=DIRECTION('',(-1.,0.,0.));
#16902=DIRECTION('center_axis',(-0.707106781186548,-0.707106781186548,0.));
#16903=DIRECTION('ref_axis',(0.,0.,1.));
#16904=DIRECTION('',(0.707106781186547,-0.707106781186547,0.));
#16905=DIRECTION('',(0.,0.,1.));
#16906=DIRECTION('',(-0.707106781186547,0.707106781186547,0.));
#16907=DIRECTION('center_axis',(0.,0.,1.));
#16908=DIRECTION('ref_axis',(1.,0.,0.));
#16909=DIRECTION('',(1.,0.,0.));
#16910=DIRECTION('',(-0.707106781186547,-0.707106781186547,0.));
#16911=DIRECTION('',(0.,1.,0.));
#16912=DIRECTION('center_axis',(0.707106781186548,-0.707106781186548,0.));
#16913=DIRECTION('ref_axis',(0.,0.,-1.));
#16914=DIRECTION('',(0.707106781186547,0.707106781186547,0.));
#16915=DIRECTION('',(0.,0.,1.));
#16916=DIRECTION('',(0.,0.,-1.));
#16917=DIRECTION('center_axis',(1.,0.,0.));
#16918=DIRECTION('ref_axis',(0.,-1.,0.));
#16919=DIRECTION('',(0.,-1.,0.));
#16920=DIRECTION('',(0.,0.,-1.));
#16921=DIRECTION('center_axis',(0.707106781186548,0.707106781186548,0.));
#16922=DIRECTION('ref_axis',(0.,0.,-1.));
#16923=DIRECTION('',(-0.707106781186547,0.707106781186547,0.));
#16924=DIRECTION('',(0.,0.,1.));
#16925=DIRECTION('center_axis',(-0.707106781186548,0.707106781186548,0.));
#16926=DIRECTION('ref_axis',(0.,0.,1.));
#16927=DIRECTION('',(-0.707106781186547,-0.707106781186547,0.));
#16928=DIRECTION('',(0.,0.,-1.));
#16929=DIRECTION('center_axis',(1.,0.,0.));
#16930=DIRECTION('ref_axis',(0.,-1.,0.));
#16931=DIRECTION('',(0.,0.,-1.));
#16932=DIRECTION('',(0.,-1.,0.));
#16933=DIRECTION('center_axis',(0.,1.,0.));
#16934=DIRECTION('ref_axis',(1.,0.,0.));
#16935=DIRECTION('',(1.,0.,0.));
#16936=DIRECTION('center_axis',(0.,1.,0.));
#16937=DIRECTION('ref_axis',(1.,0.,0.));
#16938=DIRECTION('',(1.,0.,0.));
#16939=DIRECTION('center_axis',(0.,-1.,0.));
#16940=DIRECTION('ref_axis',(-1.,0.,0.));
#16941=DIRECTION('',(-1.,0.,0.));
#16942=DIRECTION('center_axis',(0.,0.,-1.));
#16943=DIRECTION('ref_axis',(-1.,0.,0.));
#16944=DIRECTION('center_axis',(0.,0.,-1.));
#16945=DIRECTION('ref_axis',(0.,-1.,0.));
#16946=DIRECTION('',(0.,-1.,0.));
#16947=DIRECTION('',(-1.,0.,0.));
#16948=DIRECTION('',(0.,1.,0.));
#16949=DIRECTION('',(-1.,0.,0.));
#16950=DIRECTION('',(0.,-1.,0.));
#16951=DIRECTION('',(-1.,0.,0.));
#16952=DIRECTION('',(0.,1.,0.));
#16953=DIRECTION('',(1.,0.,0.));
#16954=DIRECTION('center_axis',(0.,1.,0.));
#16955=DIRECTION('ref_axis',(0.,0.,-1.));
#16956=DIRECTION('',(0.,0.,-1.));
#16957=DIRECTION('',(1.,0.,0.));
#16958=DIRECTION('',(0.,0.,1.));
#16959=DIRECTION('center_axis',(0.,-1.,0.));
#16960=DIRECTION('ref_axis',(0.,0.,1.));
#16961=DIRECTION('',(0.,0.,1.));
#16962=DIRECTION('',(0.,0.,-1.));
#16963=DIRECTION('',(-1.,0.,0.));
#16964=DIRECTION('center_axis',(-1.,0.,0.));
#16965=DIRECTION('ref_axis',(0.,1.,0.));
#16966=DIRECTION('',(0.,-1.,0.));
#16967=DIRECTION('',(0.,0.,1.));
#16968=DIRECTION('',(0.,1.,0.));
#16969=DIRECTION('',(0.,0.,-1.));
#16970=DIRECTION('',(0.,-1.,0.));
#16971=DIRECTION('center_axis',(0.,0.,1.));
#16972=DIRECTION('ref_axis',(1.,0.,0.));
#16973=DIRECTION('',(0.,1.,0.));
#16974=DIRECTION('',(0.707106781186547,-0.707106781186547,0.));
#16975=DIRECTION('',(-1.,0.,0.));
#16976=DIRECTION('',(0.707106781186547,0.707106781186547,0.));
#16977=DIRECTION('center_axis',(-1.,0.,0.));
#16978=DIRECTION('ref_axis',(0.,1.,0.));
#16979=DIRECTION('',(0.,0.,-1.));
#16980=DIRECTION('',(0.,1.,0.));
#16981=DIRECTION('',(0.,0.,-1.));
#16982=DIRECTION('center_axis',(0.,-1.,0.));
#16983=DIRECTION('ref_axis',(-1.,0.,0.));
#16984=DIRECTION('',(0.,0.,-1.));
#16985=DIRECTION('',(-1.,0.,0.));
#16986=DIRECTION('center_axis',(-0.707106781186548,-0.707106781186548,0.));
#16987=DIRECTION('ref_axis',(0.,0.,1.));
#16988=DIRECTION('',(0.707106781186547,-0.707106781186547,0.));
#16989=DIRECTION('',(0.,0.,1.));
#16990=DIRECTION('',(-0.707106781186547,0.707106781186547,0.));
#16991=DIRECTION('center_axis',(0.,0.,1.));
#16992=DIRECTION('ref_axis',(1.,0.,0.));
#16993=DIRECTION('',(1.,0.,0.));
#16994=DIRECTION('',(-0.707106781186547,-0.707106781186547,0.));
#16995=DIRECTION('',(0.,1.,0.));
#16996=DIRECTION('center_axis',(0.707106781186548,-0.707106781186548,0.));
#16997=DIRECTION('ref_axis',(0.,0.,-1.));
#16998=DIRECTION('',(0.707106781186547,0.707106781186547,0.));
#16999=DIRECTION('',(0.,0.,1.));
#17000=DIRECTION('',(0.,0.,-1.));
#17001=DIRECTION('center_axis',(1.,0.,0.));
#17002=DIRECTION('ref_axis',(0.,-1.,0.));
#17003=DIRECTION('',(0.,-1.,0.));
#17004=DIRECTION('',(0.,0.,-1.));
#17005=DIRECTION('center_axis',(0.707106781186548,0.707106781186548,0.));
#17006=DIRECTION('ref_axis',(0.,0.,-1.));
#17007=DIRECTION('',(-0.707106781186547,0.707106781186547,0.));
#17008=DIRECTION('',(0.,0.,1.));
#17009=DIRECTION('center_axis',(-0.707106781186548,0.707106781186548,0.));
#17010=DIRECTION('ref_axis',(0.,0.,1.));
#17011=DIRECTION('',(-0.707106781186547,-0.707106781186547,0.));
#17012=DIRECTION('',(0.,0.,-1.));
#17013=DIRECTION('center_axis',(1.,0.,0.));
#17014=DIRECTION('ref_axis',(0.,-1.,0.));
#17015=DIRECTION('',(0.,0.,-1.));
#17016=DIRECTION('',(0.,-1.,0.));
#17017=DIRECTION('center_axis',(0.,1.,0.));
#17018=DIRECTION('ref_axis',(1.,0.,0.));
#17019=DIRECTION('',(1.,0.,0.));
#17020=DIRECTION('center_axis',(0.,1.,0.));
#17021=DIRECTION('ref_axis',(1.,0.,0.));
#17022=DIRECTION('',(1.,0.,0.));
#17023=DIRECTION('center_axis',(0.,-1.,0.));
#17024=DIRECTION('ref_axis',(-1.,0.,0.));
#17025=DIRECTION('',(-1.,0.,0.));
#17026=DIRECTION('center_axis',(0.,0.,-1.));
#17027=DIRECTION('ref_axis',(-1.,0.,0.));
#17028=CARTESIAN_POINT('',(0.,0.,0.));
#17029=CARTESIAN_POINT('Origin',(0.1375,0.0625,0.1));
#17030=CARTESIAN_POINT('',(0.0750000000000001,0.,0.0750000000000001));
#17031=CARTESIAN_POINT('',(0.0750000000000001,0.,-0.0750000000000001));
#17032=CARTESIAN_POINT('',(0.0750000000000001,0.,0.1));
#17033=CARTESIAN_POINT('',(0.2,0.125,-0.2));
#17034=CARTESIAN_POINT('',(0.0750000000000001,0.,-0.0750000000000001));
#17035=CARTESIAN_POINT('',(0.2,0.125,0.2));
#17036=CARTESIAN_POINT('',(0.2,0.125,0.1));
#17037=CARTESIAN_POINT('',(0.2,0.125,0.2));
#17038=CARTESIAN_POINT('Origin',(0.1,0.0625,-0.1375));
#17039=CARTESIAN_POINT('',(-0.2,0.125,-0.2));
#17040=CARTESIAN_POINT('',(0.1,0.125,-0.2));
#17041=CARTESIAN_POINT('',(-0.0750000000000001,0.,-0.0750000000000001));
#17042=CARTESIAN_POINT('',(0.1,0.,-0.0750000000000001));
#17043=CARTESIAN_POINT('',(-0.0750000000000001,0.,-0.0750000000000001));
#17044=CARTESIAN_POINT('Origin',(-0.1375,0.0625,-0.1));
#17045=CARTESIAN_POINT('',(-0.2,0.125,0.2));
#17046=CARTESIAN_POINT('',(-0.2,0.125,-0.1));
#17047=CARTESIAN_POINT('',(-0.0750000000000001,0.,0.0750000000000001));
#17048=CARTESIAN_POINT('',(-0.0750000000000001,0.,-0.1));
#17049=CARTESIAN_POINT('',(-0.0750000000000001,0.,0.0750000000000001));
#17050=CARTESIAN_POINT('Origin',(-0.1,0.0625,0.1375));
#17051=CARTESIAN_POINT('',(-0.1,0.125,0.2));
#17052=CARTESIAN_POINT('',(-0.1,0.,0.0750000000000001));
#17053=CARTESIAN_POINT('Origin',(-0.2,0.,0.2));
#17054=CARTESIAN_POINT('',(0.2,3.14999999888241,0.2));
#17055=CARTESIAN_POINT('',(0.2,0.,0.2));
#17056=CARTESIAN_POINT('',(-0.2,3.14999999888241,0.2));
#17057=CARTESIAN_POINT('',(-0.2,3.14999999888241,0.2));
#17058=CARTESIAN_POINT('',(-0.2,0.,0.2));
#17059=CARTESIAN_POINT('Origin',(0.2,0.,0.2));
#17060=CARTESIAN_POINT('',(0.2,3.14999999888241,-0.2));
#17061=CARTESIAN_POINT('',(0.2,0.,-0.2));
#17062=CARTESIAN_POINT('',(0.2,3.34999999888241,-0.4));
#17063=CARTESIAN_POINT('Origin',(0.2,3.14999999888241,-0.4));
#17064=CARTESIAN_POINT('',(0.2,3.34999999888241,-5.675));
#17065=CARTESIAN_POINT('',(0.2,3.34999999888241,-0.4));
#17066=CARTESIAN_POINT('',(0.2,3.74999999888241,-5.675));
#17067=CARTESIAN_POINT('',(0.2,1.7749999994412,-5.67499999999999));
#17068=CARTESIAN_POINT('',(0.2,3.74999999888241,-0.400000000000001));
#17069=CARTESIAN_POINT('',(0.2,3.74999999888241,-0.400000000000001));
#17070=CARTESIAN_POINT('Origin',(0.2,3.14999999888241,-0.399999999999999));
#17071=CARTESIAN_POINT('Origin',(0.,0.,0.));
#17072=CARTESIAN_POINT('Origin',(-0.1375,1.7749999994412,-5.73749999999999));
#17073=CARTESIAN_POINT('',(-0.0750000000000001,3.62499999888241,-5.8));
#17074=CARTESIAN_POINT('',(-0.0750000000000001,3.47499999888241,-5.8));
#17075=CARTESIAN_POINT('',(-0.0750000000000001,1.7749999994412,-5.79999999999999));
#17076=CARTESIAN_POINT('',(-0.2,3.34999999888241,-5.675));
#17077=CARTESIAN_POINT('',(-0.0750000000000001,3.47499999888241,-5.8));
#17078=CARTESIAN_POINT('',(-0.2,3.74999999888241,-5.675));
#17079=CARTESIAN_POINT('',(-0.2,1.7749999994412,-5.67499999999999));
#17080=CARTESIAN_POINT('',(-0.0750000000000001,3.62499999888241,-5.8));
#17081=CARTESIAN_POINT('Origin',(0.1,3.41249999888241,-5.7375));
#17082=CARTESIAN_POINT('',(0.0750000000000001,3.47499999888241,-5.8));
#17083=CARTESIAN_POINT('',(0.1,3.47499999888241,-5.8));
#17084=CARTESIAN_POINT('',(0.0750000000000001,3.47499999888241,-5.8));
#17085=CARTESIAN_POINT('',(0.1,3.34999999888241,-5.675));
#17086=CARTESIAN_POINT('Origin',(0.1375,1.7749999994412,-5.73749999999999));
#17087=CARTESIAN_POINT('',(0.0750000000000001,3.62499999888241,-5.8));
#17088=CARTESIAN_POINT('',(0.0750000000000001,1.7749999994412,-5.79999999999999));
#17089=CARTESIAN_POINT('',(0.0750000000000001,3.62499999888241,-5.8));
#17090=CARTESIAN_POINT('Origin',(-0.1,3.68749999888241,-5.7375));
#17091=CARTESIAN_POINT('',(-0.1,3.74999999888241,-5.675));
#17092=CARTESIAN_POINT('',(-0.1,3.62499999888241,-5.8));
#17093=CARTESIAN_POINT('Origin',(-0.2,3.74999999888241,-0.400000000000001));
#17094=CARTESIAN_POINT('',(-0.2,3.74999999888241,-0.400000000000001));
#17095=CARTESIAN_POINT('',(-0.2,3.74999999888241,-0.400000000000001));
#17096=CARTESIAN_POINT('',(-0.2,3.74999999888241,-0.400000000000001));
#17097=CARTESIAN_POINT('Origin',(-0.2,0.,-0.2));
#17098=CARTESIAN_POINT('Origin',(-0.2,3.14999999888241,-0.399999999999999));
#17099=CARTESIAN_POINT('',(-0.2,3.34999999888241,-0.4));
#17100=CARTESIAN_POINT('',(-0.2,3.34999999888241,-0.4));
#17101=CARTESIAN_POINT('',(-0.2,3.14999999888241,-0.2));
#17102=CARTESIAN_POINT('Origin',(-0.2,3.14999999888241,-0.4));
#17103=CARTESIAN_POINT('',(-0.2,0.,-0.2));
#17104=CARTESIAN_POINT('Origin',(0.,3.54999999888241,-5.8));
#17105=CARTESIAN_POINT('Origin',(0.2,3.34999999888241,-0.4));
#17106=CARTESIAN_POINT('',(0.2,3.34999999888241,-0.4));
#17107=CARTESIAN_POINT('Origin',(0.,3.14999999888241,-0.399999999999999));
#17108=CARTESIAN_POINT('Origin',(0.,3.14999999888241,-0.399999999999999));
#17109=CARTESIAN_POINT('',(0.2,3.14999999888241,-0.2));
#17110=CARTESIAN_POINT('Origin',(0.2,0.,-0.2));
#17111=CARTESIAN_POINT('Origin',(0.635,4.54999999888241,-1.3));
#17112=CARTESIAN_POINT('',(0.635,4.54999999888241,-1.3));
#17113=CARTESIAN_POINT('',(0.635,2.54999999888241,-1.3));
#17114=CARTESIAN_POINT('',(0.635,4.64999999888241,-1.3));
#17115=CARTESIAN_POINT('',(-0.635,4.54999999888241,-1.3));
#17116=CARTESIAN_POINT('',(0.635,4.54999999888241,-1.3));
#17117=CARTESIAN_POINT('',(-0.635,2.54999999888241,-1.3));
#17118=CARTESIAN_POINT('',(-0.635,3.44999999888241,-1.3));
#17119=CARTESIAN_POINT('',(0.635,2.54999999888241,-1.3));
#17120=CARTESIAN_POINT('',(-0.2,3.74999999888241,-1.3));
#17121=CARTESIAN_POINT('',(-0.2,3.34999999888241,-1.3));
#17122=CARTESIAN_POINT('',(-0.2,4.14999999888241,-1.3));
#17123=CARTESIAN_POINT('',(0.2,3.74999999888241,-1.3));
#17124=CARTESIAN_POINT('',(0.4175,3.74999999888241,-1.3));
#17125=CARTESIAN_POINT('',(0.2,3.34999999888241,-1.3));
#17126=CARTESIAN_POINT('',(0.2,3.94999999888241,-1.3));
#17127=CARTESIAN_POINT('',(0.2175,3.34999999888241,-1.3));
#17128=CARTESIAN_POINT('Origin',(0.635,4.54999999888241,-1.1));
#17129=CARTESIAN_POINT('',(0.635,4.54999999888241,-1.1));
#17130=CARTESIAN_POINT('',(0.635,4.54999999888241,-1.1));
#17131=CARTESIAN_POINT('',(-0.635,4.54999999888241,-1.1));
#17132=CARTESIAN_POINT('',(0.3175,4.54999999888241,-1.1));
#17133=CARTESIAN_POINT('',(-0.635,4.54999999888241,-1.1));
#17134=CARTESIAN_POINT('Origin',(0.635,2.54999999888241,-1.3));
#17135=CARTESIAN_POINT('',(0.635,2.54999999888241,-1.1));
#17136=CARTESIAN_POINT('',(0.635,2.54999999888241,-1.2));
#17137=CARTESIAN_POINT('',(-0.635,2.54999999888241,-1.1));
#17138=CARTESIAN_POINT('',(-0.635,2.54999999888241,-1.2));
#17139=CARTESIAN_POINT('',(0.3175,2.54999999888241,-1.1));
#17140=CARTESIAN_POINT('Origin',(-0.635,2.34999999888241,-1.1));
#17141=CARTESIAN_POINT('',(-0.635,4.64999999888241,-1.1));
#17142=CARTESIAN_POINT('',(-0.635,4.74999999888241,-1.1));
#17143=CARTESIAN_POINT('',(-0.635,4.64999999888241,-2.6));
#17144=CARTESIAN_POINT('',(-0.635,4.64999999888241,-1.1));
#17145=CARTESIAN_POINT('',(-0.635,2.44999999888241,-2.6));
#17146=CARTESIAN_POINT('',(-0.635,4.74999999888241,-2.6));
#17147=CARTESIAN_POINT('',(-0.635,2.44999999888241,-1.1));
#17148=CARTESIAN_POINT('',(-0.635,2.44999999888241,-1.1));
#17149=CARTESIAN_POINT('',(-0.635,4.74999999888241,-1.1));
#17150=CARTESIAN_POINT('Origin',(0.,3.54999999888241,-1.1));
#17151=CARTESIAN_POINT('',(0.635,4.64999999888241,-1.1));
#17152=CARTESIAN_POINT('',(0.635,2.34999999888241,-1.1));
#17153=CARTESIAN_POINT('',(0.535,4.74999999888241,-1.1));
#17154=CARTESIAN_POINT('',(0.72625,4.55874999888241,-1.1));
#17155=CARTESIAN_POINT('',(-0.535,4.74999999888241,-1.1));
#17156=CARTESIAN_POINT('',(0.635,4.74999999888241,-1.1));
#17157=CARTESIAN_POINT('',(-0.72625,4.55874999888241,-1.1));
#17158=CARTESIAN_POINT('Origin',(0.2,3.34999999888241,-1.1));
#17159=CARTESIAN_POINT('',(0.2,3.74999999888241,-2.6));
#17160=CARTESIAN_POINT('',(0.2,3.74999999888241,-1.1));
#17161=CARTESIAN_POINT('',(0.2,3.34999999888241,-2.6));
#17162=CARTESIAN_POINT('',(0.2,3.74999999888241,-2.6));
#17163=CARTESIAN_POINT('',(0.2,3.34999999888241,-1.1));
#17164=CARTESIAN_POINT('Origin',(0.2,3.74999999888241,-1.1));
#17165=CARTESIAN_POINT('',(-0.2,3.74999999888241,-2.6));
#17166=CARTESIAN_POINT('',(-0.2,3.74999999888241,-1.1));
#17167=CARTESIAN_POINT('',(-0.2,3.74999999888241,-2.6));
#17168=CARTESIAN_POINT('Origin',(-0.585,2.39999999888241,-1.1));
#17169=CARTESIAN_POINT('',(-0.535,2.34999999888241,-2.6));
#17170=CARTESIAN_POINT('',(-0.72625,2.54124999888241,-2.6));
#17171=CARTESIAN_POINT('',(-0.535,2.34999999888241,-1.1));
#17172=CARTESIAN_POINT('',(-0.535,2.34999999888241,-1.1));
#17173=CARTESIAN_POINT('',(-0.72625,2.54124999888241,-1.1));
#17174=CARTESIAN_POINT('Origin',(0.,3.54999999888241,-1.1));
#17175=CARTESIAN_POINT('',(0.535,2.34999999888241,-1.1));
#17176=CARTESIAN_POINT('',(-0.635,2.34999999888241,-1.1));
#17177=CARTESIAN_POINT('',(0.635,2.44999999888241,-1.1));
#17178=CARTESIAN_POINT('',(0.72625,2.54124999888241,-1.1));
#17179=CARTESIAN_POINT('',(0.635,2.34999999888241,-1.1));
#17180=CARTESIAN_POINT('Origin',(0.585,2.39999999888241,-1.1));
#17181=CARTESIAN_POINT('',(0.535,2.34999999888241,-2.6));
#17182=CARTESIAN_POINT('',(0.635,2.44999999888241,-2.6));
#17183=CARTESIAN_POINT('',(0.72625,2.54124999888241,-2.6));
#17184=CARTESIAN_POINT('',(0.635,2.44999999888241,-1.1));
#17185=CARTESIAN_POINT('',(0.535,2.34999999888241,-1.1));
#17186=CARTESIAN_POINT('Origin',(0.635,4.74999999888241,-1.1));
#17187=CARTESIAN_POINT('',(0.635,4.64999999888241,-2.6));
#17188=CARTESIAN_POINT('',(0.635,2.34999999888241,-2.6));
#17189=CARTESIAN_POINT('',(0.635,4.64999999888241,-1.1));
#17190=CARTESIAN_POINT('Origin',(0.585,4.69999999888241,-1.1));
#17191=CARTESIAN_POINT('',(0.535,4.74999999888241,-2.6));
#17192=CARTESIAN_POINT('',(0.72625,4.55874999888241,-2.6));
#17193=CARTESIAN_POINT('',(0.535,4.74999999888241,-1.1));
#17194=CARTESIAN_POINT('Origin',(-0.585,4.69999999888241,-1.1));
#17195=CARTESIAN_POINT('',(-0.535,4.74999999888241,-2.6));
#17196=CARTESIAN_POINT('',(-0.72625,4.55874999888241,-2.6));
#17197=CARTESIAN_POINT('',(-0.535,4.74999999888241,-1.1));
#17198=CARTESIAN_POINT('Origin',(-0.2,3.74999999888241,-1.1));
#17199=CARTESIAN_POINT('',(-0.2,3.34999999888241,-2.6));
#17200=CARTESIAN_POINT('',(-0.2,3.34999999888241,-1.1));
#17201=CARTESIAN_POINT('',(-0.2,3.34999999888241,-2.6));
#17202=CARTESIAN_POINT('Origin',(-0.2,3.34999999888241,-1.1));
#17203=CARTESIAN_POINT('',(0.2,3.34999999888241,-2.6));
#17204=CARTESIAN_POINT('Origin',(-0.635,4.74999999888241,-1.1));
#17205=CARTESIAN_POINT('',(0.635,4.74999999888241,-2.6));
#17206=CARTESIAN_POINT('Origin',(0.635,2.34999999888241,-1.1));
#17207=CARTESIAN_POINT('',(-0.635,2.34999999888241,-2.6));
#17208=CARTESIAN_POINT('Origin',(0.,3.54999999888241,-2.6));
#17209=CARTESIAN_POINT('Origin',(1.4075,0.0625,0.1));
#17210=CARTESIAN_POINT('',(1.345,0.,0.0750000000000001));
#17211=CARTESIAN_POINT('',(1.345,0.,-0.0750000000000001));
#17212=CARTESIAN_POINT('',(1.345,0.,0.1));
#17213=CARTESIAN_POINT('',(1.47,0.125,-0.2));
#17214=CARTESIAN_POINT('',(1.345,0.,-0.0750000000000001));
#17215=CARTESIAN_POINT('',(1.47,0.125,0.2));
#17216=CARTESIAN_POINT('',(1.47,0.125,0.1));
#17217=CARTESIAN_POINT('',(1.47,0.125,0.2));
#17218=CARTESIAN_POINT('Origin',(1.37,0.0625,-0.1375));
#17219=CARTESIAN_POINT('',(1.07,0.125,-0.2));
#17220=CARTESIAN_POINT('',(1.37,0.125,-0.2));
#17221=CARTESIAN_POINT('',(1.195,0.,-0.0750000000000001));
#17222=CARTESIAN_POINT('',(1.37,0.,-0.0750000000000001));
#17223=CARTESIAN_POINT('',(1.195,0.,-0.0750000000000001));
#17224=CARTESIAN_POINT('Origin',(1.1325,0.0625,-0.1));
#17225=CARTESIAN_POINT('',(1.07,0.125,0.2));
#17226=CARTESIAN_POINT('',(1.07,0.125,-0.1));
#17227=CARTESIAN_POINT('',(1.195,0.,0.0750000000000001));
#17228=CARTESIAN_POINT('',(1.195,0.,-0.1));
#17229=CARTESIAN_POINT('',(1.195,0.,0.0750000000000001));
#17230=CARTESIAN_POINT('Origin',(1.17,0.0625,0.1375));
#17231=CARTESIAN_POINT('',(1.17,0.125,0.2));
#17232=CARTESIAN_POINT('',(1.17,0.,0.0750000000000001));
#17233=CARTESIAN_POINT('Origin',(1.07,0.,0.2));
#17234=CARTESIAN_POINT('',(1.47,3.14999999888241,0.2));
#17235=CARTESIAN_POINT('',(1.47,0.,0.2));
#17236=CARTESIAN_POINT('',(1.07,3.14999999888241,0.2));
#17237=CARTESIAN_POINT('',(1.07,3.14999999888241,0.2));
#17238=CARTESIAN_POINT('',(1.07,0.,0.2));
#17239=CARTESIAN_POINT('Origin',(1.47,0.,0.2));
#17240=CARTESIAN_POINT('',(1.47,3.14999999888241,-0.2));
#17241=CARTESIAN_POINT('',(1.47,0.,-0.2));
#17242=CARTESIAN_POINT('',(1.47,3.34999999888241,-0.4));
#17243=CARTESIAN_POINT('Origin',(1.47,3.14999999888241,-0.4));
#17244=CARTESIAN_POINT('',(1.47,3.34999999888241,-5.675));
#17245=CARTESIAN_POINT('',(1.47,3.34999999888241,-0.4));
#17246=CARTESIAN_POINT('',(1.47,3.74999999888241,-5.675));
#17247=CARTESIAN_POINT('',(1.47,1.7749999994412,-5.67499999999999));
#17248=CARTESIAN_POINT('',(1.47,3.74999999888241,-0.400000000000001));
#17249=CARTESIAN_POINT('',(1.47,3.74999999888241,-0.400000000000001));
#17250=CARTESIAN_POINT('Origin',(1.47,3.14999999888241,-0.399999999999999));
#17251=CARTESIAN_POINT('Origin',(1.27,0.,0.));
#17252=CARTESIAN_POINT('Origin',(1.1325,1.7749999994412,-5.73749999999999));
#17253=CARTESIAN_POINT('',(1.195,3.62499999888241,-5.8));
#17254=CARTESIAN_POINT('',(1.195,3.47499999888241,-5.8));
#17255=CARTESIAN_POINT('',(1.195,1.7749999994412,-5.79999999999999));
#17256=CARTESIAN_POINT('',(1.07,3.34999999888241,-5.675));
#17257=CARTESIAN_POINT('',(1.195,3.47499999888241,-5.8));
#17258=CARTESIAN_POINT('',(1.07,3.74999999888241,-5.675));
#17259=CARTESIAN_POINT('',(1.07,1.7749999994412,-5.67499999999999));
#17260=CARTESIAN_POINT('',(1.195,3.62499999888241,-5.8));
#17261=CARTESIAN_POINT('Origin',(1.37,3.41249999888241,-5.7375));
#17262=CARTESIAN_POINT('',(1.345,3.47499999888241,-5.8));
#17263=CARTESIAN_POINT('',(1.37,3.47499999888241,-5.8));
#17264=CARTESIAN_POINT('',(1.345,3.47499999888241,-5.8));
#17265=CARTESIAN_POINT('',(1.37,3.34999999888241,-5.675));
#17266=CARTESIAN_POINT('Origin',(1.4075,1.7749999994412,-5.73749999999999));
#17267=CARTESIAN_POINT('',(1.345,3.62499999888241,-5.8));
#17268=CARTESIAN_POINT('',(1.345,1.7749999994412,-5.79999999999999));
#17269=CARTESIAN_POINT('',(1.345,3.62499999888241,-5.8));
#17270=CARTESIAN_POINT('Origin',(1.17,3.68749999888241,-5.7375));
#17271=CARTESIAN_POINT('',(1.17,3.74999999888241,-5.675));
#17272=CARTESIAN_POINT('',(1.17,3.62499999888241,-5.8));
#17273=CARTESIAN_POINT('Origin',(1.07,3.74999999888241,-0.400000000000001));
#17274=CARTESIAN_POINT('',(1.07,3.74999999888241,-0.400000000000001));
#17275=CARTESIAN_POINT('',(1.07,3.74999999888241,-0.400000000000001));
#17276=CARTESIAN_POINT('',(1.07,3.74999999888241,-0.400000000000001));
#17277=CARTESIAN_POINT('Origin',(1.07,0.,-0.2));
#17278=CARTESIAN_POINT('Origin',(1.07,3.14999999888241,-0.399999999999999));
#17279=CARTESIAN_POINT('',(1.07,3.34999999888241,-0.4));
#17280=CARTESIAN_POINT('',(1.07,3.34999999888241,-0.4));
#17281=CARTESIAN_POINT('',(1.07,3.14999999888241,-0.2));
#17282=CARTESIAN_POINT('Origin',(1.07,3.14999999888241,-0.4));
#17283=CARTESIAN_POINT('',(1.07,0.,-0.2));
#17284=CARTESIAN_POINT('Origin',(1.27,3.54999999888241,-5.8));
#17285=CARTESIAN_POINT('Origin',(1.47,3.34999999888241,-0.4));
#17286=CARTESIAN_POINT('',(1.47,3.34999999888241,-0.4));
#17287=CARTESIAN_POINT('Origin',(1.27,3.14999999888241,-0.399999999999999));
#17288=CARTESIAN_POINT('Origin',(1.27,3.14999999888241,-0.399999999999999));
#17289=CARTESIAN_POINT('',(1.47,3.14999999888241,-0.2));
#17290=CARTESIAN_POINT('Origin',(1.47,0.,-0.2));
#17291=CARTESIAN_POINT('Origin',(2.6775,0.0625,0.1));
#17292=CARTESIAN_POINT('',(2.615,0.,0.0750000000000001));
#17293=CARTESIAN_POINT('',(2.615,0.,-0.0750000000000001));
#17294=CARTESIAN_POINT('',(2.615,0.,0.1));
#17295=CARTESIAN_POINT('',(2.74,0.125,-0.2));
#17296=CARTESIAN_POINT('',(2.615,0.,-0.0750000000000001));
#17297=CARTESIAN_POINT('',(2.74,0.125,0.2));
#17298=CARTESIAN_POINT('',(2.74,0.125,0.1));
#17299=CARTESIAN_POINT('',(2.74,0.125,0.2));
#17300=CARTESIAN_POINT('Origin',(2.64,0.0625,-0.1375));
#17301=CARTESIAN_POINT('',(2.34,0.125,-0.2));
#17302=CARTESIAN_POINT('',(2.64,0.125,-0.2));
#17303=CARTESIAN_POINT('',(2.465,0.,-0.0750000000000001));
#17304=CARTESIAN_POINT('',(2.64,0.,-0.0750000000000001));
#17305=CARTESIAN_POINT('',(2.465,0.,-0.0750000000000001));
#17306=CARTESIAN_POINT('Origin',(2.4025,0.0625,-0.1));
#17307=CARTESIAN_POINT('',(2.34,0.125,0.2));
#17308=CARTESIAN_POINT('',(2.34,0.125,-0.1));
#17309=CARTESIAN_POINT('',(2.465,0.,0.0750000000000001));
#17310=CARTESIAN_POINT('',(2.465,0.,-0.1));
#17311=CARTESIAN_POINT('',(2.465,0.,0.0750000000000001));
#17312=CARTESIAN_POINT('Origin',(2.44,0.0625,0.1375));
#17313=CARTESIAN_POINT('',(2.44,0.125,0.2));
#17314=CARTESIAN_POINT('',(2.44,0.,0.0750000000000001));
#17315=CARTESIAN_POINT('Origin',(2.34,0.,0.2));
#17316=CARTESIAN_POINT('',(2.74,3.14999999888241,0.2));
#17317=CARTESIAN_POINT('',(2.74,0.,0.2));
#17318=CARTESIAN_POINT('',(2.34,3.14999999888241,0.2));
#17319=CARTESIAN_POINT('',(2.34,3.14999999888241,0.2));
#17320=CARTESIAN_POINT('',(2.34,0.,0.2));
#17321=CARTESIAN_POINT('Origin',(2.74,0.,0.2));
#17322=CARTESIAN_POINT('',(2.74,3.14999999888241,-0.2));
#17323=CARTESIAN_POINT('',(2.74,0.,-0.2));
#17324=CARTESIAN_POINT('',(2.74,3.34999999888241,-0.4));
#17325=CARTESIAN_POINT('Origin',(2.74,3.14999999888241,-0.4));
#17326=CARTESIAN_POINT('',(2.74,3.34999999888241,-5.675));
#17327=CARTESIAN_POINT('',(2.74,3.34999999888241,-0.4));
#17328=CARTESIAN_POINT('',(2.74,3.74999999888241,-5.675));
#17329=CARTESIAN_POINT('',(2.74,1.7749999994412,-5.67499999999999));
#17330=CARTESIAN_POINT('',(2.74,3.74999999888241,-0.400000000000001));
#17331=CARTESIAN_POINT('',(2.74,3.74999999888241,-0.400000000000001));
#17332=CARTESIAN_POINT('Origin',(2.74,3.14999999888241,-0.399999999999999));
#17333=CARTESIAN_POINT('Origin',(2.54,0.,0.));
#17334=CARTESIAN_POINT('Origin',(2.4025,1.7749999994412,-5.73749999999999));
#17335=CARTESIAN_POINT('',(2.465,3.62499999888241,-5.8));
#17336=CARTESIAN_POINT('',(2.465,3.47499999888241,-5.8));
#17337=CARTESIAN_POINT('',(2.465,1.7749999994412,-5.79999999999999));
#17338=CARTESIAN_POINT('',(2.34,3.34999999888241,-5.675));
#17339=CARTESIAN_POINT('',(2.465,3.47499999888241,-5.8));
#17340=CARTESIAN_POINT('',(2.34,3.74999999888241,-5.675));
#17341=CARTESIAN_POINT('',(2.34,1.7749999994412,-5.67499999999999));
#17342=CARTESIAN_POINT('',(2.465,3.62499999888241,-5.8));
#17343=CARTESIAN_POINT('Origin',(2.64,3.41249999888241,-5.7375));
#17344=CARTESIAN_POINT('',(2.615,3.47499999888241,-5.8));
#17345=CARTESIAN_POINT('',(2.64,3.47499999888241,-5.8));
#17346=CARTESIAN_POINT('',(2.615,3.47499999888241,-5.8));
#17347=CARTESIAN_POINT('',(2.64,3.34999999888241,-5.675));
#17348=CARTESIAN_POINT('Origin',(2.6775,1.7749999994412,-5.73749999999999));
#17349=CARTESIAN_POINT('',(2.615,3.62499999888241,-5.8));
#17350=CARTESIAN_POINT('',(2.615,1.7749999994412,-5.79999999999999));
#17351=CARTESIAN_POINT('',(2.615,3.62499999888241,-5.8));
#17352=CARTESIAN_POINT('Origin',(2.44,3.68749999888241,-5.7375));
#17353=CARTESIAN_POINT('',(2.44,3.74999999888241,-5.675));
#17354=CARTESIAN_POINT('',(2.44,3.62499999888241,-5.8));
#17355=CARTESIAN_POINT('Origin',(2.34,3.74999999888241,-0.400000000000001));
#17356=CARTESIAN_POINT('',(2.34,3.74999999888241,-0.400000000000001));
#17357=CARTESIAN_POINT('',(2.34,3.74999999888241,-0.400000000000001));
#17358=CARTESIAN_POINT('',(2.34,3.74999999888241,-0.400000000000001));
#17359=CARTESIAN_POINT('Origin',(2.34,0.,-0.2));
#17360=CARTESIAN_POINT('Origin',(2.34,3.14999999888241,-0.399999999999999));
#17361=CARTESIAN_POINT('',(2.34,3.34999999888241,-0.4));
#17362=CARTESIAN_POINT('',(2.34,3.34999999888241,-0.4));
#17363=CARTESIAN_POINT('',(2.34,3.14999999888241,-0.2));
#17364=CARTESIAN_POINT('Origin',(2.34,3.14999999888241,-0.4));
#17365=CARTESIAN_POINT('',(2.34,0.,-0.2));
#17366=CARTESIAN_POINT('Origin',(2.54,3.54999999888241,-5.8));
#17367=CARTESIAN_POINT('Origin',(2.74,3.34999999888241,-0.4));
#17368=CARTESIAN_POINT('',(2.74,3.34999999888241,-0.4));
#17369=CARTESIAN_POINT('Origin',(2.54,3.14999999888241,-0.399999999999999));
#17370=CARTESIAN_POINT('Origin',(2.54,3.14999999888241,-0.399999999999999));
#17371=CARTESIAN_POINT('',(2.74,3.14999999888241,-0.2));
#17372=CARTESIAN_POINT('Origin',(2.74,0.,-0.2));
#17373=CARTESIAN_POINT('Origin',(3.9475,0.0625,0.1));
#17374=CARTESIAN_POINT('',(3.885,0.,0.0750000000000001));
#17375=CARTESIAN_POINT('',(3.885,0.,-0.0750000000000001));
#17376=CARTESIAN_POINT('',(3.885,0.,0.1));
#17377=CARTESIAN_POINT('',(4.01,0.125,-0.2));
#17378=CARTESIAN_POINT('',(3.885,0.,-0.0750000000000001));
#17379=CARTESIAN_POINT('',(4.01,0.125,0.2));
#17380=CARTESIAN_POINT('',(4.01,0.125,0.1));
#17381=CARTESIAN_POINT('',(4.01,0.125,0.2));
#17382=CARTESIAN_POINT('Origin',(3.91,0.0625,-0.1375));
#17383=CARTESIAN_POINT('',(3.61,0.125,-0.2));
#17384=CARTESIAN_POINT('',(3.91,0.125,-0.2));
#17385=CARTESIAN_POINT('',(3.735,0.,-0.0750000000000001));
#17386=CARTESIAN_POINT('',(3.91,0.,-0.0750000000000001));
#17387=CARTESIAN_POINT('',(3.735,0.,-0.0750000000000001));
#17388=CARTESIAN_POINT('Origin',(3.6725,0.0625,-0.1));
#17389=CARTESIAN_POINT('',(3.61,0.125,0.2));
#17390=CARTESIAN_POINT('',(3.61,0.125,-0.1));
#17391=CARTESIAN_POINT('',(3.735,0.,0.0750000000000001));
#17392=CARTESIAN_POINT('',(3.735,0.,-0.1));
#17393=CARTESIAN_POINT('',(3.735,0.,0.0750000000000001));
#17394=CARTESIAN_POINT('Origin',(3.71,0.0625,0.1375));
#17395=CARTESIAN_POINT('',(3.71,0.125,0.2));
#17396=CARTESIAN_POINT('',(3.71,0.,0.0750000000000001));
#17397=CARTESIAN_POINT('Origin',(3.61,0.,0.2));
#17398=CARTESIAN_POINT('',(4.01,3.14999999888241,0.2));
#17399=CARTESIAN_POINT('',(4.01,0.,0.2));
#17400=CARTESIAN_POINT('',(3.61,3.14999999888241,0.2));
#17401=CARTESIAN_POINT('',(3.61,3.14999999888241,0.2));
#17402=CARTESIAN_POINT('',(3.61,0.,0.2));
#17403=CARTESIAN_POINT('Origin',(4.01,0.,0.2));
#17404=CARTESIAN_POINT('',(4.01,3.14999999888241,-0.2));
#17405=CARTESIAN_POINT('',(4.01,0.,-0.2));
#17406=CARTESIAN_POINT('',(4.01,3.34999999888241,-0.4));
#17407=CARTESIAN_POINT('Origin',(4.01,3.14999999888241,-0.4));
#17408=CARTESIAN_POINT('',(4.01,3.34999999888241,-5.675));
#17409=CARTESIAN_POINT('',(4.01,3.34999999888241,-0.4));
#17410=CARTESIAN_POINT('',(4.01,3.74999999888241,-5.675));
#17411=CARTESIAN_POINT('',(4.01,1.7749999994412,-5.67499999999999));
#17412=CARTESIAN_POINT('',(4.01,3.74999999888241,-0.400000000000001));
#17413=CARTESIAN_POINT('',(4.01,3.74999999888241,-0.400000000000001));
#17414=CARTESIAN_POINT('Origin',(4.01,3.14999999888241,-0.399999999999999));
#17415=CARTESIAN_POINT('Origin',(3.81,0.,0.));
#17416=CARTESIAN_POINT('Origin',(3.6725,1.7749999994412,-5.73749999999999));
#17417=CARTESIAN_POINT('',(3.735,3.62499999888241,-5.8));
#17418=CARTESIAN_POINT('',(3.735,3.47499999888241,-5.8));
#17419=CARTESIAN_POINT('',(3.735,1.7749999994412,-5.79999999999999));
#17420=CARTESIAN_POINT('',(3.61,3.34999999888241,-5.675));
#17421=CARTESIAN_POINT('',(3.735,3.47499999888241,-5.8));
#17422=CARTESIAN_POINT('',(3.61,3.74999999888241,-5.675));
#17423=CARTESIAN_POINT('',(3.61,1.7749999994412,-5.67499999999999));
#17424=CARTESIAN_POINT('',(3.735,3.62499999888241,-5.8));
#17425=CARTESIAN_POINT('Origin',(3.91,3.41249999888241,-5.7375));
#17426=CARTESIAN_POINT('',(3.885,3.47499999888241,-5.8));
#17427=CARTESIAN_POINT('',(3.91,3.47499999888241,-5.8));
#17428=CARTESIAN_POINT('',(3.885,3.47499999888241,-5.8));
#17429=CARTESIAN_POINT('',(3.91,3.34999999888241,-5.675));
#17430=CARTESIAN_POINT('Origin',(3.9475,1.7749999994412,-5.73749999999999));
#17431=CARTESIAN_POINT('',(3.885,3.62499999888241,-5.8));
#17432=CARTESIAN_POINT('',(3.885,1.7749999994412,-5.79999999999999));
#17433=CARTESIAN_POINT('',(3.885,3.62499999888241,-5.8));
#17434=CARTESIAN_POINT('Origin',(3.71,3.68749999888241,-5.7375));
#17435=CARTESIAN_POINT('',(3.71,3.74999999888241,-5.675));
#17436=CARTESIAN_POINT('',(3.71,3.62499999888241,-5.8));
#17437=CARTESIAN_POINT('Origin',(3.61,3.74999999888241,-0.400000000000001));
#17438=CARTESIAN_POINT('',(3.61,3.74999999888241,-0.400000000000001));
#17439=CARTESIAN_POINT('',(3.61,3.74999999888241,-0.400000000000001));
#17440=CARTESIAN_POINT('',(3.61,3.74999999888241,-0.400000000000001));
#17441=CARTESIAN_POINT('Origin',(3.61,0.,-0.2));
#17442=CARTESIAN_POINT('Origin',(3.61,3.14999999888241,-0.399999999999999));
#17443=CARTESIAN_POINT('',(3.61,3.34999999888241,-0.4));
#17444=CARTESIAN_POINT('',(3.61,3.34999999888241,-0.4));
#17445=CARTESIAN_POINT('',(3.61,3.14999999888241,-0.2));
#17446=CARTESIAN_POINT('Origin',(3.61,3.14999999888241,-0.4));
#17447=CARTESIAN_POINT('',(3.61,0.,-0.2));
#17448=CARTESIAN_POINT('Origin',(3.81,3.54999999888241,-5.8));
#17449=CARTESIAN_POINT('Origin',(4.01,3.34999999888241,-0.4));
#17450=CARTESIAN_POINT('',(4.01,3.34999999888241,-0.4));
#17451=CARTESIAN_POINT('Origin',(3.81,3.14999999888241,-0.399999999999999));
#17452=CARTESIAN_POINT('Origin',(3.81,3.14999999888241,-0.399999999999999));
#17453=CARTESIAN_POINT('',(4.01,3.14999999888241,-0.2));
#17454=CARTESIAN_POINT('Origin',(4.01,0.,-0.2));
#17455=CARTESIAN_POINT('Origin',(5.2175,0.0625,0.1));
#17456=CARTESIAN_POINT('',(5.155,0.,0.0750000000000001));
#17457=CARTESIAN_POINT('',(5.155,0.,-0.0750000000000001));
#17458=CARTESIAN_POINT('',(5.155,0.,0.1));
#17459=CARTESIAN_POINT('',(5.28,0.125,-0.2));
#17460=CARTESIAN_POINT('',(5.155,0.,-0.0750000000000001));
#17461=CARTESIAN_POINT('',(5.28,0.125,0.2));
#17462=CARTESIAN_POINT('',(5.28,0.125,0.1));
#17463=CARTESIAN_POINT('',(5.28,0.125,0.2));
#17464=CARTESIAN_POINT('Origin',(5.18,0.0625,-0.1375));
#17465=CARTESIAN_POINT('',(4.88,0.125,-0.2));
#17466=CARTESIAN_POINT('',(5.18,0.125,-0.2));
#17467=CARTESIAN_POINT('',(5.005,0.,-0.0750000000000001));
#17468=CARTESIAN_POINT('',(5.18,0.,-0.0750000000000001));
#17469=CARTESIAN_POINT('',(5.005,0.,-0.0750000000000001));
#17470=CARTESIAN_POINT('Origin',(4.9425,0.0625,-0.1));
#17471=CARTESIAN_POINT('',(4.88,0.125,0.2));
#17472=CARTESIAN_POINT('',(4.88,0.125,-0.1));
#17473=CARTESIAN_POINT('',(5.005,0.,0.0750000000000001));
#17474=CARTESIAN_POINT('',(5.005,0.,-0.1));
#17475=CARTESIAN_POINT('',(5.005,0.,0.0750000000000001));
#17476=CARTESIAN_POINT('Origin',(4.98,0.0625,0.1375));
#17477=CARTESIAN_POINT('',(4.98,0.125,0.2));
#17478=CARTESIAN_POINT('',(4.98,0.,0.0750000000000001));
#17479=CARTESIAN_POINT('Origin',(4.88,0.,0.2));
#17480=CARTESIAN_POINT('',(5.28,3.14999999888241,0.2));
#17481=CARTESIAN_POINT('',(5.28,0.,0.2));
#17482=CARTESIAN_POINT('',(4.88,3.14999999888241,0.2));
#17483=CARTESIAN_POINT('',(4.88,3.14999999888241,0.2));
#17484=CARTESIAN_POINT('',(4.88,0.,0.2));
#17485=CARTESIAN_POINT('Origin',(5.28,0.,0.2));
#17486=CARTESIAN_POINT('',(5.28,3.14999999888241,-0.2));
#17487=CARTESIAN_POINT('',(5.28,0.,-0.2));
#17488=CARTESIAN_POINT('',(5.28,3.34999999888241,-0.4));
#17489=CARTESIAN_POINT('Origin',(5.28,3.14999999888241,-0.4));
#17490=CARTESIAN_POINT('',(5.28,3.34999999888241,-5.675));
#17491=CARTESIAN_POINT('',(5.28,3.34999999888241,-0.4));
#17492=CARTESIAN_POINT('',(5.28,3.74999999888241,-5.675));
#17493=CARTESIAN_POINT('',(5.28,1.7749999994412,-5.67499999999999));
#17494=CARTESIAN_POINT('',(5.28,3.74999999888241,-0.400000000000001));
#17495=CARTESIAN_POINT('',(5.28,3.74999999888241,-0.400000000000001));
#17496=CARTESIAN_POINT('Origin',(5.28,3.14999999888241,-0.399999999999999));
#17497=CARTESIAN_POINT('Origin',(5.08,0.,0.));
#17498=CARTESIAN_POINT('Origin',(4.9425,1.7749999994412,-5.73749999999999));
#17499=CARTESIAN_POINT('',(5.005,3.62499999888241,-5.8));
#17500=CARTESIAN_POINT('',(5.005,3.47499999888241,-5.8));
#17501=CARTESIAN_POINT('',(5.005,1.7749999994412,-5.79999999999999));
#17502=CARTESIAN_POINT('',(4.88,3.34999999888241,-5.675));
#17503=CARTESIAN_POINT('',(5.005,3.47499999888241,-5.8));
#17504=CARTESIAN_POINT('',(4.88,3.74999999888241,-5.675));
#17505=CARTESIAN_POINT('',(4.88,1.7749999994412,-5.67499999999999));
#17506=CARTESIAN_POINT('',(5.005,3.62499999888241,-5.8));
#17507=CARTESIAN_POINT('Origin',(5.18,3.41249999888241,-5.7375));
#17508=CARTESIAN_POINT('',(5.155,3.47499999888241,-5.8));
#17509=CARTESIAN_POINT('',(5.18,3.47499999888241,-5.8));
#17510=CARTESIAN_POINT('',(5.155,3.47499999888241,-5.8));
#17511=CARTESIAN_POINT('',(5.18,3.34999999888241,-5.675));
#17512=CARTESIAN_POINT('Origin',(5.2175,1.7749999994412,-5.73749999999999));
#17513=CARTESIAN_POINT('',(5.155,3.62499999888241,-5.8));
#17514=CARTESIAN_POINT('',(5.155,1.7749999994412,-5.79999999999999));
#17515=CARTESIAN_POINT('',(5.155,3.62499999888241,-5.8));
#17516=CARTESIAN_POINT('Origin',(4.98,3.68749999888241,-5.7375));
#17517=CARTESIAN_POINT('',(4.98,3.74999999888241,-5.675));
#17518=CARTESIAN_POINT('',(4.98,3.62499999888241,-5.8));
#17519=CARTESIAN_POINT('Origin',(4.88,3.74999999888241,-0.400000000000001));
#17520=CARTESIAN_POINT('',(4.88,3.74999999888241,-0.400000000000001));
#17521=CARTESIAN_POINT('',(4.88,3.74999999888241,-0.400000000000001));
#17522=CARTESIAN_POINT('',(4.88,3.74999999888241,-0.400000000000001));
#17523=CARTESIAN_POINT('Origin',(4.88,0.,-0.2));
#17524=CARTESIAN_POINT('Origin',(4.88,3.14999999888241,-0.399999999999999));
#17525=CARTESIAN_POINT('',(4.88,3.34999999888241,-0.4));
#17526=CARTESIAN_POINT('',(4.88,3.34999999888241,-0.4));
#17527=CARTESIAN_POINT('',(4.88,3.14999999888241,-0.2));
#17528=CARTESIAN_POINT('Origin',(4.88,3.14999999888241,-0.4));
#17529=CARTESIAN_POINT('',(4.88,0.,-0.2));
#17530=CARTESIAN_POINT('Origin',(5.08,3.54999999888241,-5.8));
#17531=CARTESIAN_POINT('Origin',(5.28,3.34999999888241,-0.4));
#17532=CARTESIAN_POINT('',(5.28,3.34999999888241,-0.4));
#17533=CARTESIAN_POINT('Origin',(5.08,3.14999999888241,-0.399999999999999));
#17534=CARTESIAN_POINT('Origin',(5.08,3.14999999888241,-0.399999999999999));
#17535=CARTESIAN_POINT('',(5.28,3.14999999888241,-0.2));
#17536=CARTESIAN_POINT('Origin',(5.28,0.,-0.2));
#17537=CARTESIAN_POINT('Origin',(6.4875,0.0625,0.1));
#17538=CARTESIAN_POINT('',(6.425,0.,0.0750000000000001));
#17539=CARTESIAN_POINT('',(6.425,0.,-0.0750000000000001));
#17540=CARTESIAN_POINT('',(6.425,0.,0.1));
#17541=CARTESIAN_POINT('',(6.55,0.125,-0.2));
#17542=CARTESIAN_POINT('',(6.425,0.,-0.0750000000000001));
#17543=CARTESIAN_POINT('',(6.55,0.125,0.2));
#17544=CARTESIAN_POINT('',(6.55,0.125,0.1));
#17545=CARTESIAN_POINT('',(6.55,0.125,0.2));
#17546=CARTESIAN_POINT('Origin',(6.45,0.0625,-0.1375));
#17547=CARTESIAN_POINT('',(6.15,0.125,-0.2));
#17548=CARTESIAN_POINT('',(6.45,0.125,-0.2));
#17549=CARTESIAN_POINT('',(6.275,0.,-0.0750000000000001));
#17550=CARTESIAN_POINT('',(6.45,0.,-0.0750000000000001));
#17551=CARTESIAN_POINT('',(6.275,0.,-0.0750000000000001));
#17552=CARTESIAN_POINT('Origin',(6.2125,0.0625,-0.1));
#17553=CARTESIAN_POINT('',(6.15,0.125,0.2));
#17554=CARTESIAN_POINT('',(6.15,0.125,-0.1));
#17555=CARTESIAN_POINT('',(6.275,0.,0.0750000000000001));
#17556=CARTESIAN_POINT('',(6.275,0.,-0.1));
#17557=CARTESIAN_POINT('',(6.275,0.,0.0750000000000001));
#17558=CARTESIAN_POINT('Origin',(6.25,0.0625,0.1375));
#17559=CARTESIAN_POINT('',(6.25,0.125,0.2));
#17560=CARTESIAN_POINT('',(6.25,0.,0.0750000000000001));
#17561=CARTESIAN_POINT('Origin',(6.15,0.,0.2));
#17562=CARTESIAN_POINT('',(6.55,3.14999999888241,0.2));
#17563=CARTESIAN_POINT('',(6.55,0.,0.2));
#17564=CARTESIAN_POINT('',(6.15,3.14999999888241,0.2));
#17565=CARTESIAN_POINT('',(6.15,3.14999999888241,0.2));
#17566=CARTESIAN_POINT('',(6.15,0.,0.2));
#17567=CARTESIAN_POINT('Origin',(6.55,0.,0.2));
#17568=CARTESIAN_POINT('',(6.55,3.14999999888241,-0.2));
#17569=CARTESIAN_POINT('',(6.55,0.,-0.2));
#17570=CARTESIAN_POINT('',(6.55,3.34999999888241,-0.4));
#17571=CARTESIAN_POINT('Origin',(6.55,3.14999999888241,-0.4));
#17572=CARTESIAN_POINT('',(6.55,3.34999999888241,-5.675));
#17573=CARTESIAN_POINT('',(6.55,3.34999999888241,-0.4));
#17574=CARTESIAN_POINT('',(6.55,3.74999999888241,-5.675));
#17575=CARTESIAN_POINT('',(6.55,1.7749999994412,-5.67499999999999));
#17576=CARTESIAN_POINT('',(6.55,3.74999999888241,-0.400000000000001));
#17577=CARTESIAN_POINT('',(6.55,3.74999999888241,-0.400000000000001));
#17578=CARTESIAN_POINT('Origin',(6.55,3.14999999888241,-0.399999999999999));
#17579=CARTESIAN_POINT('Origin',(6.35,0.,0.));
#17580=CARTESIAN_POINT('Origin',(6.2125,1.7749999994412,-5.73749999999999));
#17581=CARTESIAN_POINT('',(6.275,3.62499999888241,-5.8));
#17582=CARTESIAN_POINT('',(6.275,3.47499999888241,-5.8));
#17583=CARTESIAN_POINT('',(6.275,1.7749999994412,-5.79999999999999));
#17584=CARTESIAN_POINT('',(6.15,3.34999999888241,-5.675));
#17585=CARTESIAN_POINT('',(6.275,3.47499999888241,-5.8));
#17586=CARTESIAN_POINT('',(6.15,3.74999999888241,-5.675));
#17587=CARTESIAN_POINT('',(6.15,1.7749999994412,-5.67499999999999));
#17588=CARTESIAN_POINT('',(6.275,3.62499999888241,-5.8));
#17589=CARTESIAN_POINT('Origin',(6.45,3.41249999888241,-5.7375));
#17590=CARTESIAN_POINT('',(6.425,3.47499999888241,-5.8));
#17591=CARTESIAN_POINT('',(6.45,3.47499999888241,-5.8));
#17592=CARTESIAN_POINT('',(6.425,3.47499999888241,-5.8));
#17593=CARTESIAN_POINT('',(6.45,3.34999999888241,-5.675));
#17594=CARTESIAN_POINT('Origin',(6.4875,1.7749999994412,-5.73749999999999));
#17595=CARTESIAN_POINT('',(6.425,3.62499999888241,-5.8));
#17596=CARTESIAN_POINT('',(6.425,1.7749999994412,-5.79999999999999));
#17597=CARTESIAN_POINT('',(6.425,3.62499999888241,-5.8));
#17598=CARTESIAN_POINT('Origin',(6.25,3.68749999888241,-5.7375));
#17599=CARTESIAN_POINT('',(6.25,3.74999999888241,-5.675));
#17600=CARTESIAN_POINT('',(6.25,3.62499999888241,-5.8));
#17601=CARTESIAN_POINT('Origin',(6.15,3.74999999888241,-0.400000000000001));
#17602=CARTESIAN_POINT('',(6.15,3.74999999888241,-0.400000000000001));
#17603=CARTESIAN_POINT('',(6.15,3.74999999888241,-0.400000000000001));
#17604=CARTESIAN_POINT('',(6.15,3.74999999888241,-0.400000000000001));
#17605=CARTESIAN_POINT('Origin',(6.15,0.,-0.2));
#17606=CARTESIAN_POINT('Origin',(6.15,3.14999999888241,-0.399999999999999));
#17607=CARTESIAN_POINT('',(6.15,3.34999999888241,-0.4));
#17608=CARTESIAN_POINT('',(6.15,3.34999999888241,-0.4));
#17609=CARTESIAN_POINT('',(6.15,3.14999999888241,-0.2));
#17610=CARTESIAN_POINT('Origin',(6.15,3.14999999888241,-0.4));
#17611=CARTESIAN_POINT('',(6.15,0.,-0.2));
#17612=CARTESIAN_POINT('Origin',(6.35,3.54999999888241,-5.8));
#17613=CARTESIAN_POINT('Origin',(6.55,3.34999999888241,-0.4));
#17614=CARTESIAN_POINT('',(6.55,3.34999999888241,-0.4));
#17615=CARTESIAN_POINT('Origin',(6.35,3.14999999888241,-0.399999999999999));
#17616=CARTESIAN_POINT('Origin',(6.35,3.14999999888241,-0.399999999999999));
#17617=CARTESIAN_POINT('',(6.55,3.14999999888241,-0.2));
#17618=CARTESIAN_POINT('Origin',(6.55,0.,-0.2));
#17619=CARTESIAN_POINT('Origin',(7.7575,0.0625,0.1));
#17620=CARTESIAN_POINT('',(7.695,0.,0.0750000000000001));
#17621=CARTESIAN_POINT('',(7.695,0.,-0.0750000000000001));
#17622=CARTESIAN_POINT('',(7.695,0.,0.1));
#17623=CARTESIAN_POINT('',(7.82,0.125,-0.2));
#17624=CARTESIAN_POINT('',(7.695,0.,-0.0750000000000001));
#17625=CARTESIAN_POINT('',(7.82,0.125,0.2));
#17626=CARTESIAN_POINT('',(7.82,0.125,0.1));
#17627=CARTESIAN_POINT('',(7.82,0.125,0.2));
#17628=CARTESIAN_POINT('Origin',(7.72,0.0625,-0.1375));
#17629=CARTESIAN_POINT('',(7.42,0.125,-0.2));
#17630=CARTESIAN_POINT('',(7.72,0.125,-0.2));
#17631=CARTESIAN_POINT('',(7.545,0.,-0.0750000000000001));
#17632=CARTESIAN_POINT('',(7.72,0.,-0.0750000000000001));
#17633=CARTESIAN_POINT('',(7.545,0.,-0.0750000000000001));
#17634=CARTESIAN_POINT('Origin',(7.4825,0.0625,-0.1));
#17635=CARTESIAN_POINT('',(7.42,0.125,0.2));
#17636=CARTESIAN_POINT('',(7.42,0.125,-0.1));
#17637=CARTESIAN_POINT('',(7.545,0.,0.0750000000000001));
#17638=CARTESIAN_POINT('',(7.545,0.,-0.1));
#17639=CARTESIAN_POINT('',(7.545,0.,0.0750000000000001));
#17640=CARTESIAN_POINT('Origin',(7.52,0.0625,0.1375));
#17641=CARTESIAN_POINT('',(7.52,0.125,0.2));
#17642=CARTESIAN_POINT('',(7.52,0.,0.0750000000000001));
#17643=CARTESIAN_POINT('Origin',(7.42,0.,0.2));
#17644=CARTESIAN_POINT('',(7.82,3.14999999888241,0.2));
#17645=CARTESIAN_POINT('',(7.82,0.,0.2));
#17646=CARTESIAN_POINT('',(7.42,3.14999999888241,0.2));
#17647=CARTESIAN_POINT('',(7.42,3.14999999888241,0.2));
#17648=CARTESIAN_POINT('',(7.42,0.,0.2));
#17649=CARTESIAN_POINT('Origin',(7.82,0.,0.2));
#17650=CARTESIAN_POINT('',(7.82,3.14999999888241,-0.2));
#17651=CARTESIAN_POINT('',(7.82,0.,-0.2));
#17652=CARTESIAN_POINT('',(7.82,3.34999999888241,-0.4));
#17653=CARTESIAN_POINT('Origin',(7.82,3.14999999888241,-0.4));
#17654=CARTESIAN_POINT('',(7.82,3.34999999888241,-5.675));
#17655=CARTESIAN_POINT('',(7.82,3.34999999888241,-0.4));
#17656=CARTESIAN_POINT('',(7.82,3.74999999888241,-5.675));
#17657=CARTESIAN_POINT('',(7.82,1.7749999994412,-5.67499999999999));
#17658=CARTESIAN_POINT('',(7.82,3.74999999888241,-0.400000000000001));
#17659=CARTESIAN_POINT('',(7.82,3.74999999888241,-0.400000000000001));
#17660=CARTESIAN_POINT('Origin',(7.82,3.14999999888241,-0.399999999999999));
#17661=CARTESIAN_POINT('Origin',(7.62,0.,0.));
#17662=CARTESIAN_POINT('Origin',(7.4825,1.7749999994412,-5.73749999999999));
#17663=CARTESIAN_POINT('',(7.545,3.62499999888241,-5.8));
#17664=CARTESIAN_POINT('',(7.545,3.47499999888241,-5.8));
#17665=CARTESIAN_POINT('',(7.545,1.7749999994412,-5.79999999999999));
#17666=CARTESIAN_POINT('',(7.42,3.34999999888241,-5.675));
#17667=CARTESIAN_POINT('',(7.545,3.47499999888241,-5.8));
#17668=CARTESIAN_POINT('',(7.42,3.74999999888241,-5.675));
#17669=CARTESIAN_POINT('',(7.42,1.7749999994412,-5.67499999999999));
#17670=CARTESIAN_POINT('',(7.545,3.62499999888241,-5.8));
#17671=CARTESIAN_POINT('Origin',(7.72,3.41249999888241,-5.7375));
#17672=CARTESIAN_POINT('',(7.695,3.47499999888241,-5.8));
#17673=CARTESIAN_POINT('',(7.72,3.47499999888241,-5.8));
#17674=CARTESIAN_POINT('',(7.695,3.47499999888241,-5.8));
#17675=CARTESIAN_POINT('',(7.72,3.34999999888241,-5.675));
#17676=CARTESIAN_POINT('Origin',(7.7575,1.7749999994412,-5.73749999999999));
#17677=CARTESIAN_POINT('',(7.695,3.62499999888241,-5.8));
#17678=CARTESIAN_POINT('',(7.695,1.7749999994412,-5.79999999999999));
#17679=CARTESIAN_POINT('',(7.695,3.62499999888241,-5.8));
#17680=CARTESIAN_POINT('Origin',(7.52,3.68749999888241,-5.7375));
#17681=CARTESIAN_POINT('',(7.52,3.74999999888241,-5.675));
#17682=CARTESIAN_POINT('',(7.52,3.62499999888241,-5.8));
#17683=CARTESIAN_POINT('Origin',(7.42,3.74999999888241,-0.400000000000001));
#17684=CARTESIAN_POINT('',(7.42,3.74999999888241,-0.400000000000001));
#17685=CARTESIAN_POINT('',(7.42,3.74999999888241,-0.400000000000001));
#17686=CARTESIAN_POINT('',(7.42,3.74999999888241,-0.400000000000001));
#17687=CARTESIAN_POINT('Origin',(7.42,0.,-0.2));
#17688=CARTESIAN_POINT('Origin',(7.42,3.14999999888241,-0.399999999999999));
#17689=CARTESIAN_POINT('',(7.42,3.34999999888241,-0.4));
#17690=CARTESIAN_POINT('',(7.42,3.34999999888241,-0.4));
#17691=CARTESIAN_POINT('',(7.42,3.14999999888241,-0.2));
#17692=CARTESIAN_POINT('Origin',(7.42,3.14999999888241,-0.4));
#17693=CARTESIAN_POINT('',(7.42,0.,-0.2));
#17694=CARTESIAN_POINT('Origin',(7.62,3.54999999888241,-5.8));
#17695=CARTESIAN_POINT('Origin',(7.82,3.34999999888241,-0.4));
#17696=CARTESIAN_POINT('',(7.82,3.34999999888241,-0.4));
#17697=CARTESIAN_POINT('Origin',(7.62,3.14999999888241,-0.399999999999999));
#17698=CARTESIAN_POINT('Origin',(7.62,3.14999999888241,-0.399999999999999));
#17699=CARTESIAN_POINT('',(7.82,3.14999999888241,-0.2));
#17700=CARTESIAN_POINT('Origin',(7.82,0.,-0.2));
#17701=CARTESIAN_POINT('Origin',(9.0275,0.0625,0.1));
#17702=CARTESIAN_POINT('',(8.965,0.,0.0750000000000001));
#17703=CARTESIAN_POINT('',(8.965,0.,-0.0750000000000001));
#17704=CARTESIAN_POINT('',(8.965,0.,0.1));
#17705=CARTESIAN_POINT('',(9.09,0.125,-0.2));
#17706=CARTESIAN_POINT('',(8.965,0.,-0.0750000000000001));
#17707=CARTESIAN_POINT('',(9.09,0.125,0.2));
#17708=CARTESIAN_POINT('',(9.09,0.125,0.1));
#17709=CARTESIAN_POINT('',(9.09,0.125,0.2));
#17710=CARTESIAN_POINT('Origin',(8.99,0.0625,-0.1375));
#17711=CARTESIAN_POINT('',(8.69,0.125,-0.2));
#17712=CARTESIAN_POINT('',(8.99,0.125,-0.2));
#17713=CARTESIAN_POINT('',(8.815,0.,-0.0750000000000001));
#17714=CARTESIAN_POINT('',(8.99,0.,-0.0750000000000001));
#17715=CARTESIAN_POINT('',(8.815,0.,-0.0750000000000001));
#17716=CARTESIAN_POINT('Origin',(8.7525,0.0625,-0.1));
#17717=CARTESIAN_POINT('',(8.69,0.125,0.2));
#17718=CARTESIAN_POINT('',(8.69,0.125,-0.1));
#17719=CARTESIAN_POINT('',(8.815,0.,0.0750000000000001));
#17720=CARTESIAN_POINT('',(8.815,0.,-0.1));
#17721=CARTESIAN_POINT('',(8.815,0.,0.0750000000000001));
#17722=CARTESIAN_POINT('Origin',(8.79,0.0625,0.1375));
#17723=CARTESIAN_POINT('',(8.79,0.125,0.2));
#17724=CARTESIAN_POINT('',(8.79,0.,0.0750000000000001));
#17725=CARTESIAN_POINT('Origin',(8.69,0.,0.2));
#17726=CARTESIAN_POINT('',(9.09,3.14999999888241,0.2));
#17727=CARTESIAN_POINT('',(9.09,0.,0.2));
#17728=CARTESIAN_POINT('',(8.69,3.14999999888241,0.2));
#17729=CARTESIAN_POINT('',(8.69,3.14999999888241,0.2));
#17730=CARTESIAN_POINT('',(8.69,0.,0.2));
#17731=CARTESIAN_POINT('Origin',(9.09,0.,0.2));
#17732=CARTESIAN_POINT('',(9.09,3.14999999888241,-0.2));
#17733=CARTESIAN_POINT('',(9.09,0.,-0.2));
#17734=CARTESIAN_POINT('',(9.09,3.34999999888241,-0.4));
#17735=CARTESIAN_POINT('Origin',(9.09,3.14999999888241,-0.4));
#17736=CARTESIAN_POINT('',(9.09,3.34999999888241,-5.675));
#17737=CARTESIAN_POINT('',(9.09,3.34999999888241,-0.4));
#17738=CARTESIAN_POINT('',(9.09,3.74999999888241,-5.675));
#17739=CARTESIAN_POINT('',(9.09,1.7749999994412,-5.67499999999999));
#17740=CARTESIAN_POINT('',(9.09,3.74999999888241,-0.400000000000001));
#17741=CARTESIAN_POINT('',(9.09,3.74999999888241,-0.400000000000001));
#17742=CARTESIAN_POINT('Origin',(9.09,3.14999999888241,-0.399999999999999));
#17743=CARTESIAN_POINT('Origin',(8.89,0.,0.));
#17744=CARTESIAN_POINT('Origin',(8.7525,1.7749999994412,-5.73749999999999));
#17745=CARTESIAN_POINT('',(8.815,3.62499999888241,-5.8));
#17746=CARTESIAN_POINT('',(8.815,3.47499999888241,-5.8));
#17747=CARTESIAN_POINT('',(8.815,1.7749999994412,-5.79999999999999));
#17748=CARTESIAN_POINT('',(8.69,3.34999999888241,-5.675));
#17749=CARTESIAN_POINT('',(8.815,3.47499999888241,-5.8));
#17750=CARTESIAN_POINT('',(8.69,3.74999999888241,-5.675));
#17751=CARTESIAN_POINT('',(8.69,1.7749999994412,-5.67499999999999));
#17752=CARTESIAN_POINT('',(8.815,3.62499999888241,-5.8));
#17753=CARTESIAN_POINT('Origin',(8.99,3.41249999888241,-5.7375));
#17754=CARTESIAN_POINT('',(8.965,3.47499999888241,-5.8));
#17755=CARTESIAN_POINT('',(8.99,3.47499999888241,-5.8));
#17756=CARTESIAN_POINT('',(8.965,3.47499999888241,-5.8));
#17757=CARTESIAN_POINT('',(8.99,3.34999999888241,-5.675));
#17758=CARTESIAN_POINT('Origin',(9.0275,1.7749999994412,-5.73749999999999));
#17759=CARTESIAN_POINT('',(8.965,3.62499999888241,-5.8));
#17760=CARTESIAN_POINT('',(8.965,1.7749999994412,-5.79999999999999));
#17761=CARTESIAN_POINT('',(8.965,3.62499999888241,-5.8));
#17762=CARTESIAN_POINT('Origin',(8.79,3.68749999888241,-5.7375));
#17763=CARTESIAN_POINT('',(8.79,3.74999999888241,-5.675));
#17764=CARTESIAN_POINT('',(8.79,3.62499999888241,-5.8));
#17765=CARTESIAN_POINT('Origin',(8.69,3.74999999888241,-0.400000000000001));
#17766=CARTESIAN_POINT('',(8.69,3.74999999888241,-0.400000000000001));
#17767=CARTESIAN_POINT('',(8.69,3.74999999888241,-0.400000000000001));
#17768=CARTESIAN_POINT('',(8.69,3.74999999888241,-0.400000000000001));
#17769=CARTESIAN_POINT('Origin',(8.69,0.,-0.2));
#17770=CARTESIAN_POINT('Origin',(8.69,3.14999999888241,-0.399999999999999));
#17771=CARTESIAN_POINT('',(8.69,3.34999999888241,-0.4));
#17772=CARTESIAN_POINT('',(8.69,3.34999999888241,-0.4));
#17773=CARTESIAN_POINT('',(8.69,3.14999999888241,-0.2));
#17774=CARTESIAN_POINT('Origin',(8.69,3.14999999888241,-0.4));
#17775=CARTESIAN_POINT('',(8.69,0.,-0.2));
#17776=CARTESIAN_POINT('Origin',(8.89,3.54999999888241,-5.8));
#17777=CARTESIAN_POINT('Origin',(9.09,3.34999999888241,-0.4));
#17778=CARTESIAN_POINT('',(9.09,3.34999999888241,-0.4));
#17779=CARTESIAN_POINT('Origin',(8.89,3.14999999888241,-0.399999999999999));
#17780=CARTESIAN_POINT('Origin',(8.89,3.14999999888241,-0.399999999999999));
#17781=CARTESIAN_POINT('',(9.09,3.14999999888241,-0.2));
#17782=CARTESIAN_POINT('Origin',(9.09,0.,-0.2));
#17783=CARTESIAN_POINT('Origin',(10.2975,0.0625,0.1));
#17784=CARTESIAN_POINT('',(10.235,0.,0.0750000000000001));
#17785=CARTESIAN_POINT('',(10.235,0.,-0.0750000000000001));
#17786=CARTESIAN_POINT('',(10.235,0.,0.1));
#17787=CARTESIAN_POINT('',(10.36,0.125,-0.2));
#17788=CARTESIAN_POINT('',(10.235,0.,-0.0750000000000001));
#17789=CARTESIAN_POINT('',(10.36,0.125,0.2));
#17790=CARTESIAN_POINT('',(10.36,0.125,0.1));
#17791=CARTESIAN_POINT('',(10.36,0.125,0.2));
#17792=CARTESIAN_POINT('Origin',(10.26,0.0625,-0.1375));
#17793=CARTESIAN_POINT('',(9.96,0.125,-0.2));
#17794=CARTESIAN_POINT('',(10.26,0.125,-0.2));
#17795=CARTESIAN_POINT('',(10.085,0.,-0.0750000000000001));
#17796=CARTESIAN_POINT('',(10.26,0.,-0.0750000000000001));
#17797=CARTESIAN_POINT('',(10.085,0.,-0.0750000000000001));
#17798=CARTESIAN_POINT('Origin',(10.0225,0.0625,-0.1));
#17799=CARTESIAN_POINT('',(9.96,0.125,0.2));
#17800=CARTESIAN_POINT('',(9.96,0.125,-0.1));
#17801=CARTESIAN_POINT('',(10.085,0.,0.0750000000000001));
#17802=CARTESIAN_POINT('',(10.085,0.,-0.1));
#17803=CARTESIAN_POINT('',(10.085,0.,0.0750000000000001));
#17804=CARTESIAN_POINT('Origin',(10.06,0.0625,0.1375));
#17805=CARTESIAN_POINT('',(10.06,0.125,0.2));
#17806=CARTESIAN_POINT('',(10.06,0.,0.0750000000000001));
#17807=CARTESIAN_POINT('Origin',(9.96,0.,0.2));
#17808=CARTESIAN_POINT('',(10.36,3.14999999888241,0.2));
#17809=CARTESIAN_POINT('',(10.36,0.,0.2));
#17810=CARTESIAN_POINT('',(9.96,3.14999999888241,0.2));
#17811=CARTESIAN_POINT('',(9.96,3.14999999888241,0.2));
#17812=CARTESIAN_POINT('',(9.96,0.,0.2));
#17813=CARTESIAN_POINT('Origin',(10.36,0.,0.2));
#17814=CARTESIAN_POINT('',(10.36,3.14999999888241,-0.2));
#17815=CARTESIAN_POINT('',(10.36,0.,-0.2));
#17816=CARTESIAN_POINT('',(10.36,3.34999999888241,-0.4));
#17817=CARTESIAN_POINT('Origin',(10.36,3.14999999888241,-0.4));
#17818=CARTESIAN_POINT('',(10.36,3.34999999888241,-5.675));
#17819=CARTESIAN_POINT('',(10.36,3.34999999888241,-0.4));
#17820=CARTESIAN_POINT('',(10.36,3.74999999888241,-5.675));
#17821=CARTESIAN_POINT('',(10.36,1.7749999994412,-5.67499999999999));
#17822=CARTESIAN_POINT('',(10.36,3.74999999888241,-0.400000000000001));
#17823=CARTESIAN_POINT('',(10.36,3.74999999888241,-0.400000000000001));
#17824=CARTESIAN_POINT('Origin',(10.36,3.14999999888241,-0.399999999999999));
#17825=CARTESIAN_POINT('Origin',(10.16,0.,0.));
#17826=CARTESIAN_POINT('Origin',(10.0225,1.7749999994412,-5.73749999999999));
#17827=CARTESIAN_POINT('',(10.085,3.62499999888241,-5.8));
#17828=CARTESIAN_POINT('',(10.085,3.47499999888241,-5.8));
#17829=CARTESIAN_POINT('',(10.085,1.7749999994412,-5.79999999999999));
#17830=CARTESIAN_POINT('',(9.96,3.34999999888241,-5.675));
#17831=CARTESIAN_POINT('',(10.085,3.47499999888241,-5.8));
#17832=CARTESIAN_POINT('',(9.96,3.74999999888241,-5.675));
#17833=CARTESIAN_POINT('',(9.96,1.7749999994412,-5.67499999999999));
#17834=CARTESIAN_POINT('',(10.085,3.62499999888241,-5.8));
#17835=CARTESIAN_POINT('Origin',(10.26,3.41249999888241,-5.7375));
#17836=CARTESIAN_POINT('',(10.235,3.47499999888241,-5.8));
#17837=CARTESIAN_POINT('',(10.26,3.47499999888241,-5.8));
#17838=CARTESIAN_POINT('',(10.235,3.47499999888241,-5.8));
#17839=CARTESIAN_POINT('',(10.26,3.34999999888241,-5.675));
#17840=CARTESIAN_POINT('Origin',(10.2975,1.7749999994412,-5.73749999999999));
#17841=CARTESIAN_POINT('',(10.235,3.62499999888241,-5.8));
#17842=CARTESIAN_POINT('',(10.235,1.7749999994412,-5.79999999999999));
#17843=CARTESIAN_POINT('',(10.235,3.62499999888241,-5.8));
#17844=CARTESIAN_POINT('Origin',(10.06,3.68749999888241,-5.7375));
#17845=CARTESIAN_POINT('',(10.06,3.74999999888241,-5.675));
#17846=CARTESIAN_POINT('',(10.06,3.62499999888241,-5.8));
#17847=CARTESIAN_POINT('Origin',(9.96,3.74999999888241,-0.400000000000001));
#17848=CARTESIAN_POINT('',(9.96,3.74999999888241,-0.400000000000001));
#17849=CARTESIAN_POINT('',(9.96,3.74999999888241,-0.400000000000001));
#17850=CARTESIAN_POINT('',(9.96,3.74999999888241,-0.400000000000001));
#17851=CARTESIAN_POINT('Origin',(9.96,0.,-0.2));
#17852=CARTESIAN_POINT('Origin',(9.96,3.14999999888241,-0.399999999999999));
#17853=CARTESIAN_POINT('',(9.96,3.34999999888241,-0.4));
#17854=CARTESIAN_POINT('',(9.96,3.34999999888241,-0.4));
#17855=CARTESIAN_POINT('',(9.96,3.14999999888241,-0.2));
#17856=CARTESIAN_POINT('Origin',(9.96,3.14999999888241,-0.4));
#17857=CARTESIAN_POINT('',(9.96,0.,-0.2));
#17858=CARTESIAN_POINT('Origin',(10.16,3.54999999888241,-5.8));
#17859=CARTESIAN_POINT('Origin',(10.36,3.34999999888241,-0.4));
#17860=CARTESIAN_POINT('',(10.36,3.34999999888241,-0.4));
#17861=CARTESIAN_POINT('Origin',(10.16,3.14999999888241,-0.399999999999999));
#17862=CARTESIAN_POINT('Origin',(10.16,3.14999999888241,-0.399999999999999));
#17863=CARTESIAN_POINT('',(10.36,3.14999999888241,-0.2));
#17864=CARTESIAN_POINT('Origin',(10.36,0.,-0.2));
#17865=CARTESIAN_POINT('Origin',(11.5675,0.0625,0.1));
#17866=CARTESIAN_POINT('',(11.505,0.,0.0750000000000001));
#17867=CARTESIAN_POINT('',(11.505,0.,-0.0750000000000001));
#17868=CARTESIAN_POINT('',(11.505,0.,0.1));
#17869=CARTESIAN_POINT('',(11.63,0.125,-0.2));
#17870=CARTESIAN_POINT('',(11.505,0.,-0.0750000000000001));
#17871=CARTESIAN_POINT('',(11.63,0.125,0.2));
#17872=CARTESIAN_POINT('',(11.63,0.125,0.1));
#17873=CARTESIAN_POINT('',(11.63,0.125,0.2));
#17874=CARTESIAN_POINT('Origin',(11.53,0.0625,-0.1375));
#17875=CARTESIAN_POINT('',(11.23,0.125,-0.2));
#17876=CARTESIAN_POINT('',(11.53,0.125,-0.2));
#17877=CARTESIAN_POINT('',(11.355,0.,-0.0750000000000001));
#17878=CARTESIAN_POINT('',(11.53,0.,-0.0750000000000001));
#17879=CARTESIAN_POINT('',(11.355,0.,-0.0750000000000001));
#17880=CARTESIAN_POINT('Origin',(11.2925,0.0625,-0.1));
#17881=CARTESIAN_POINT('',(11.23,0.125,0.2));
#17882=CARTESIAN_POINT('',(11.23,0.125,-0.1));
#17883=CARTESIAN_POINT('',(11.355,0.,0.0750000000000001));
#17884=CARTESIAN_POINT('',(11.355,0.,-0.1));
#17885=CARTESIAN_POINT('',(11.355,0.,0.0750000000000001));
#17886=CARTESIAN_POINT('Origin',(11.33,0.0625,0.1375));
#17887=CARTESIAN_POINT('',(11.33,0.125,0.2));
#17888=CARTESIAN_POINT('',(11.33,0.,0.0750000000000001));
#17889=CARTESIAN_POINT('Origin',(11.23,0.,0.2));
#17890=CARTESIAN_POINT('',(11.63,3.14999999888241,0.2));
#17891=CARTESIAN_POINT('',(11.63,0.,0.2));
#17892=CARTESIAN_POINT('',(11.23,3.14999999888241,0.2));
#17893=CARTESIAN_POINT('',(11.23,3.14999999888241,0.2));
#17894=CARTESIAN_POINT('',(11.23,0.,0.2));
#17895=CARTESIAN_POINT('Origin',(11.63,0.,0.2));
#17896=CARTESIAN_POINT('',(11.63,3.14999999888241,-0.2));
#17897=CARTESIAN_POINT('',(11.63,0.,-0.2));
#17898=CARTESIAN_POINT('',(11.63,3.34999999888241,-0.4));
#17899=CARTESIAN_POINT('Origin',(11.63,3.14999999888241,-0.4));
#17900=CARTESIAN_POINT('',(11.63,3.34999999888241,-5.675));
#17901=CARTESIAN_POINT('',(11.63,3.34999999888241,-0.4));
#17902=CARTESIAN_POINT('',(11.63,3.74999999888241,-5.675));
#17903=CARTESIAN_POINT('',(11.63,1.7749999994412,-5.67499999999999));
#17904=CARTESIAN_POINT('',(11.63,3.74999999888241,-0.400000000000001));
#17905=CARTESIAN_POINT('',(11.63,3.74999999888241,-0.400000000000001));
#17906=CARTESIAN_POINT('Origin',(11.63,3.14999999888241,-0.399999999999999));
#17907=CARTESIAN_POINT('Origin',(11.43,0.,0.));
#17908=CARTESIAN_POINT('Origin',(11.2925,1.7749999994412,-5.73749999999999));
#17909=CARTESIAN_POINT('',(11.355,3.62499999888241,-5.8));
#17910=CARTESIAN_POINT('',(11.355,3.47499999888241,-5.8));
#17911=CARTESIAN_POINT('',(11.355,1.7749999994412,-5.79999999999999));
#17912=CARTESIAN_POINT('',(11.23,3.34999999888241,-5.675));
#17913=CARTESIAN_POINT('',(11.355,3.47499999888241,-5.8));
#17914=CARTESIAN_POINT('',(11.23,3.74999999888241,-5.675));
#17915=CARTESIAN_POINT('',(11.23,1.7749999994412,-5.67499999999999));
#17916=CARTESIAN_POINT('',(11.355,3.62499999888241,-5.8));
#17917=CARTESIAN_POINT('Origin',(11.53,3.41249999888241,-5.7375));
#17918=CARTESIAN_POINT('',(11.505,3.47499999888241,-5.8));
#17919=CARTESIAN_POINT('',(11.53,3.47499999888241,-5.8));
#17920=CARTESIAN_POINT('',(11.505,3.47499999888241,-5.8));
#17921=CARTESIAN_POINT('',(11.53,3.34999999888241,-5.675));
#17922=CARTESIAN_POINT('Origin',(11.5675,1.7749999994412,-5.73749999999999));
#17923=CARTESIAN_POINT('',(11.505,3.62499999888241,-5.8));
#17924=CARTESIAN_POINT('',(11.505,1.7749999994412,-5.79999999999999));
#17925=CARTESIAN_POINT('',(11.505,3.62499999888241,-5.8));
#17926=CARTESIAN_POINT('Origin',(11.33,3.68749999888241,-5.7375));
#17927=CARTESIAN_POINT('',(11.33,3.74999999888241,-5.675));
#17928=CARTESIAN_POINT('',(11.33,3.62499999888241,-5.8));
#17929=CARTESIAN_POINT('Origin',(11.23,3.74999999888241,-0.400000000000001));
#17930=CARTESIAN_POINT('',(11.23,3.74999999888241,-0.400000000000001));
#17931=CARTESIAN_POINT('',(11.23,3.74999999888241,-0.400000000000001));
#17932=CARTESIAN_POINT('',(11.23,3.74999999888241,-0.400000000000001));
#17933=CARTESIAN_POINT('Origin',(11.23,0.,-0.2));
#17934=CARTESIAN_POINT('Origin',(11.23,3.14999999888241,-0.399999999999999));
#17935=CARTESIAN_POINT('',(11.23,3.34999999888241,-0.4));
#17936=CARTESIAN_POINT('',(11.23,3.34999999888241,-0.4));
#17937=CARTESIAN_POINT('',(11.23,3.14999999888241,-0.2));
#17938=CARTESIAN_POINT('Origin',(11.23,3.14999999888241,-0.4));
#17939=CARTESIAN_POINT('',(11.23,0.,-0.2));
#17940=CARTESIAN_POINT('Origin',(11.43,3.54999999888241,-5.8));
#17941=CARTESIAN_POINT('Origin',(11.63,3.34999999888241,-0.4));
#17942=CARTESIAN_POINT('',(11.63,3.34999999888241,-0.4));
#17943=CARTESIAN_POINT('Origin',(11.43,3.14999999888241,-0.399999999999999));
#17944=CARTESIAN_POINT('Origin',(11.43,3.14999999888241,-0.399999999999999));
#17945=CARTESIAN_POINT('',(11.63,3.14999999888241,-0.2));
#17946=CARTESIAN_POINT('Origin',(11.63,0.,-0.2));
#17947=CARTESIAN_POINT('Origin',(12.8375,0.0625,0.1));
#17948=CARTESIAN_POINT('',(12.775,0.,0.0750000000000001));
#17949=CARTESIAN_POINT('',(12.775,0.,-0.0750000000000001));
#17950=CARTESIAN_POINT('',(12.775,0.,0.1));
#17951=CARTESIAN_POINT('',(12.9,0.125,-0.2));
#17952=CARTESIAN_POINT('',(12.775,0.,-0.0750000000000001));
#17953=CARTESIAN_POINT('',(12.9,0.125,0.2));
#17954=CARTESIAN_POINT('',(12.9,0.125,0.1));
#17955=CARTESIAN_POINT('',(12.9,0.125,0.2));
#17956=CARTESIAN_POINT('Origin',(12.8,0.0625,-0.1375));
#17957=CARTESIAN_POINT('',(12.5,0.125,-0.2));
#17958=CARTESIAN_POINT('',(12.8,0.125,-0.2));
#17959=CARTESIAN_POINT('',(12.625,0.,-0.0750000000000001));
#17960=CARTESIAN_POINT('',(12.8,0.,-0.0750000000000001));
#17961=CARTESIAN_POINT('',(12.625,0.,-0.0750000000000001));
#17962=CARTESIAN_POINT('Origin',(12.5625,0.0625,-0.1));
#17963=CARTESIAN_POINT('',(12.5,0.125,0.2));
#17964=CARTESIAN_POINT('',(12.5,0.125,-0.1));
#17965=CARTESIAN_POINT('',(12.625,0.,0.0750000000000001));
#17966=CARTESIAN_POINT('',(12.625,0.,-0.1));
#17967=CARTESIAN_POINT('',(12.625,0.,0.0750000000000001));
#17968=CARTESIAN_POINT('Origin',(12.6,0.0625,0.1375));
#17969=CARTESIAN_POINT('',(12.6,0.125,0.2));
#17970=CARTESIAN_POINT('',(12.6,0.,0.0750000000000001));
#17971=CARTESIAN_POINT('Origin',(12.5,0.,0.2));
#17972=CARTESIAN_POINT('',(12.9,3.14999999888241,0.2));
#17973=CARTESIAN_POINT('',(12.9,0.,0.2));
#17974=CARTESIAN_POINT('',(12.5,3.14999999888241,0.2));
#17975=CARTESIAN_POINT('',(12.5,3.14999999888241,0.2));
#17976=CARTESIAN_POINT('',(12.5,0.,0.2));
#17977=CARTESIAN_POINT('Origin',(12.9,0.,0.2));
#17978=CARTESIAN_POINT('',(12.9,3.14999999888241,-0.2));
#17979=CARTESIAN_POINT('',(12.9,0.,-0.2));
#17980=CARTESIAN_POINT('',(12.9,3.34999999888241,-0.4));
#17981=CARTESIAN_POINT('Origin',(12.9,3.14999999888241,-0.4));
#17982=CARTESIAN_POINT('',(12.9,3.34999999888241,-5.675));
#17983=CARTESIAN_POINT('',(12.9,3.34999999888241,-0.4));
#17984=CARTESIAN_POINT('',(12.9,3.74999999888241,-5.675));
#17985=CARTESIAN_POINT('',(12.9,1.7749999994412,-5.67499999999999));
#17986=CARTESIAN_POINT('',(12.9,3.74999999888241,-0.400000000000001));
#17987=CARTESIAN_POINT('',(12.9,3.74999999888241,-0.400000000000001));
#17988=CARTESIAN_POINT('Origin',(12.9,3.14999999888241,-0.399999999999999));
#17989=CARTESIAN_POINT('Origin',(12.7,0.,0.));
#17990=CARTESIAN_POINT('Origin',(12.5625,1.7749999994412,-5.73749999999999));
#17991=CARTESIAN_POINT('',(12.625,3.62499999888241,-5.8));
#17992=CARTESIAN_POINT('',(12.625,3.47499999888241,-5.8));
#17993=CARTESIAN_POINT('',(12.625,1.7749999994412,-5.79999999999999));
#17994=CARTESIAN_POINT('',(12.5,3.34999999888241,-5.675));
#17995=CARTESIAN_POINT('',(12.625,3.47499999888241,-5.8));
#17996=CARTESIAN_POINT('',(12.5,3.74999999888241,-5.675));
#17997=CARTESIAN_POINT('',(12.5,1.7749999994412,-5.67499999999999));
#17998=CARTESIAN_POINT('',(12.625,3.62499999888241,-5.8));
#17999=CARTESIAN_POINT('Origin',(12.8,3.41249999888241,-5.7375));
#18000=CARTESIAN_POINT('',(12.775,3.47499999888241,-5.8));
#18001=CARTESIAN_POINT('',(12.8,3.47499999888241,-5.8));
#18002=CARTESIAN_POINT('',(12.775,3.47499999888241,-5.8));
#18003=CARTESIAN_POINT('',(12.8,3.34999999888241,-5.675));
#18004=CARTESIAN_POINT('Origin',(12.8375,1.7749999994412,-5.73749999999999));
#18005=CARTESIAN_POINT('',(12.775,3.62499999888241,-5.8));
#18006=CARTESIAN_POINT('',(12.775,1.7749999994412,-5.79999999999999));
#18007=CARTESIAN_POINT('',(12.775,3.62499999888241,-5.8));
#18008=CARTESIAN_POINT('Origin',(12.6,3.68749999888241,-5.7375));
#18009=CARTESIAN_POINT('',(12.6,3.74999999888241,-5.675));
#18010=CARTESIAN_POINT('',(12.6,3.62499999888241,-5.8));
#18011=CARTESIAN_POINT('Origin',(12.5,3.74999999888241,-0.400000000000001));
#18012=CARTESIAN_POINT('',(12.5,3.74999999888241,-0.400000000000001));
#18013=CARTESIAN_POINT('',(12.5,3.74999999888241,-0.400000000000001));
#18014=CARTESIAN_POINT('',(12.5,3.74999999888241,-0.400000000000001));
#18015=CARTESIAN_POINT('Origin',(12.5,0.,-0.2));
#18016=CARTESIAN_POINT('Origin',(12.5,3.14999999888241,-0.399999999999999));
#18017=CARTESIAN_POINT('',(12.5,3.34999999888241,-0.4));
#18018=CARTESIAN_POINT('',(12.5,3.34999999888241,-0.4));
#18019=CARTESIAN_POINT('',(12.5,3.14999999888241,-0.2));
#18020=CARTESIAN_POINT('Origin',(12.5,3.14999999888241,-0.4));
#18021=CARTESIAN_POINT('',(12.5,0.,-0.2));
#18022=CARTESIAN_POINT('Origin',(12.7,3.54999999888241,-5.8));
#18023=CARTESIAN_POINT('Origin',(12.9,3.34999999888241,-0.4));
#18024=CARTESIAN_POINT('',(12.9,3.34999999888241,-0.4));
#18025=CARTESIAN_POINT('Origin',(12.7,3.14999999888241,-0.399999999999999));
#18026=CARTESIAN_POINT('Origin',(12.7,3.14999999888241,-0.399999999999999));
#18027=CARTESIAN_POINT('',(12.9,3.14999999888241,-0.2));
#18028=CARTESIAN_POINT('Origin',(12.9,0.,-0.2));
#18029=CARTESIAN_POINT('Origin',(14.1075,0.0625,0.1));
#18030=CARTESIAN_POINT('',(14.045,0.,0.0750000000000001));
#18031=CARTESIAN_POINT('',(14.045,0.,-0.0750000000000001));
#18032=CARTESIAN_POINT('',(14.045,0.,0.1));
#18033=CARTESIAN_POINT('',(14.17,0.125,-0.2));
#18034=CARTESIAN_POINT('',(14.045,0.,-0.0750000000000001));
#18035=CARTESIAN_POINT('',(14.17,0.125,0.2));
#18036=CARTESIAN_POINT('',(14.17,0.125,0.1));
#18037=CARTESIAN_POINT('',(14.17,0.125,0.2));
#18038=CARTESIAN_POINT('Origin',(14.07,0.0625,-0.1375));
#18039=CARTESIAN_POINT('',(13.77,0.125,-0.2));
#18040=CARTESIAN_POINT('',(14.07,0.125,-0.2));
#18041=CARTESIAN_POINT('',(13.895,0.,-0.0750000000000001));
#18042=CARTESIAN_POINT('',(14.07,0.,-0.0750000000000001));
#18043=CARTESIAN_POINT('',(13.895,0.,-0.0750000000000001));
#18044=CARTESIAN_POINT('Origin',(13.8325,0.0625,-0.1));
#18045=CARTESIAN_POINT('',(13.77,0.125,0.2));
#18046=CARTESIAN_POINT('',(13.77,0.125,-0.1));
#18047=CARTESIAN_POINT('',(13.895,0.,0.0750000000000001));
#18048=CARTESIAN_POINT('',(13.895,0.,-0.1));
#18049=CARTESIAN_POINT('',(13.895,0.,0.0750000000000001));
#18050=CARTESIAN_POINT('Origin',(13.87,0.0625,0.1375));
#18051=CARTESIAN_POINT('',(13.87,0.125,0.2));
#18052=CARTESIAN_POINT('',(13.87,0.,0.0750000000000001));
#18053=CARTESIAN_POINT('Origin',(13.77,0.,0.2));
#18054=CARTESIAN_POINT('',(14.17,3.14999999888241,0.2));
#18055=CARTESIAN_POINT('',(14.17,0.,0.2));
#18056=CARTESIAN_POINT('',(13.77,3.14999999888241,0.2));
#18057=CARTESIAN_POINT('',(13.77,3.14999999888241,0.2));
#18058=CARTESIAN_POINT('',(13.77,0.,0.2));
#18059=CARTESIAN_POINT('Origin',(14.17,0.,0.2));
#18060=CARTESIAN_POINT('',(14.17,3.14999999888241,-0.2));
#18061=CARTESIAN_POINT('',(14.17,0.,-0.2));
#18062=CARTESIAN_POINT('',(14.17,3.34999999888241,-0.4));
#18063=CARTESIAN_POINT('Origin',(14.17,3.14999999888241,-0.4));
#18064=CARTESIAN_POINT('',(14.17,3.34999999888241,-5.675));
#18065=CARTESIAN_POINT('',(14.17,3.34999999888241,-0.4));
#18066=CARTESIAN_POINT('',(14.17,3.74999999888241,-5.675));
#18067=CARTESIAN_POINT('',(14.17,1.7749999994412,-5.67499999999999));
#18068=CARTESIAN_POINT('',(14.17,3.74999999888241,-0.400000000000001));
#18069=CARTESIAN_POINT('',(14.17,3.74999999888241,-0.400000000000001));
#18070=CARTESIAN_POINT('Origin',(14.17,3.14999999888241,-0.399999999999999));
#18071=CARTESIAN_POINT('Origin',(13.97,0.,0.));
#18072=CARTESIAN_POINT('Origin',(13.8325,1.7749999994412,-5.73749999999999));
#18073=CARTESIAN_POINT('',(13.895,3.62499999888241,-5.8));
#18074=CARTESIAN_POINT('',(13.895,3.47499999888241,-5.8));
#18075=CARTESIAN_POINT('',(13.895,1.7749999994412,-5.79999999999999));
#18076=CARTESIAN_POINT('',(13.77,3.34999999888241,-5.675));
#18077=CARTESIAN_POINT('',(13.895,3.47499999888241,-5.8));
#18078=CARTESIAN_POINT('',(13.77,3.74999999888241,-5.675));
#18079=CARTESIAN_POINT('',(13.77,1.7749999994412,-5.67499999999999));
#18080=CARTESIAN_POINT('',(13.895,3.62499999888241,-5.8));
#18081=CARTESIAN_POINT('Origin',(14.07,3.41249999888241,-5.7375));
#18082=CARTESIAN_POINT('',(14.045,3.47499999888241,-5.8));
#18083=CARTESIAN_POINT('',(14.07,3.47499999888241,-5.8));
#18084=CARTESIAN_POINT('',(14.045,3.47499999888241,-5.8));
#18085=CARTESIAN_POINT('',(14.07,3.34999999888241,-5.675));
#18086=CARTESIAN_POINT('Origin',(14.1075,1.7749999994412,-5.73749999999999));
#18087=CARTESIAN_POINT('',(14.045,3.62499999888241,-5.8));
#18088=CARTESIAN_POINT('',(14.045,1.7749999994412,-5.79999999999999));
#18089=CARTESIAN_POINT('',(14.045,3.62499999888241,-5.8));
#18090=CARTESIAN_POINT('Origin',(13.87,3.68749999888241,-5.7375));
#18091=CARTESIAN_POINT('',(13.87,3.74999999888241,-5.675));
#18092=CARTESIAN_POINT('',(13.87,3.62499999888241,-5.8));
#18093=CARTESIAN_POINT('Origin',(13.77,3.74999999888241,-0.400000000000001));
#18094=CARTESIAN_POINT('',(13.77,3.74999999888241,-0.400000000000001));
#18095=CARTESIAN_POINT('',(13.77,3.74999999888241,-0.400000000000001));
#18096=CARTESIAN_POINT('',(13.77,3.74999999888241,-0.400000000000001));
#18097=CARTESIAN_POINT('Origin',(13.77,0.,-0.2));
#18098=CARTESIAN_POINT('Origin',(13.77,3.14999999888241,-0.399999999999999));
#18099=CARTESIAN_POINT('',(13.77,3.34999999888241,-0.4));
#18100=CARTESIAN_POINT('',(13.77,3.34999999888241,-0.4));
#18101=CARTESIAN_POINT('',(13.77,3.14999999888241,-0.2));
#18102=CARTESIAN_POINT('Origin',(13.77,3.14999999888241,-0.4));
#18103=CARTESIAN_POINT('',(13.77,0.,-0.2));
#18104=CARTESIAN_POINT('Origin',(13.97,3.54999999888241,-5.8));
#18105=CARTESIAN_POINT('Origin',(14.17,3.34999999888241,-0.4));
#18106=CARTESIAN_POINT('',(14.17,3.34999999888241,-0.4));
#18107=CARTESIAN_POINT('Origin',(13.97,3.14999999888241,-0.399999999999999));
#18108=CARTESIAN_POINT('Origin',(13.97,3.14999999888241,-0.399999999999999));
#18109=CARTESIAN_POINT('',(14.17,3.14999999888241,-0.2));
#18110=CARTESIAN_POINT('Origin',(14.17,0.,-0.2));
#18111=CARTESIAN_POINT('Origin',(15.3775,0.0625,0.1));
#18112=CARTESIAN_POINT('',(15.315,0.,0.0750000000000001));
#18113=CARTESIAN_POINT('',(15.315,0.,-0.0750000000000001));
#18114=CARTESIAN_POINT('',(15.315,0.,0.1));
#18115=CARTESIAN_POINT('',(15.44,0.125,-0.2));
#18116=CARTESIAN_POINT('',(15.315,0.,-0.0750000000000001));
#18117=CARTESIAN_POINT('',(15.44,0.125,0.2));
#18118=CARTESIAN_POINT('',(15.44,0.125,0.1));
#18119=CARTESIAN_POINT('',(15.44,0.125,0.2));
#18120=CARTESIAN_POINT('Origin',(15.34,0.0625,-0.1375));
#18121=CARTESIAN_POINT('',(15.04,0.125,-0.2));
#18122=CARTESIAN_POINT('',(15.34,0.125,-0.2));
#18123=CARTESIAN_POINT('',(15.165,0.,-0.0750000000000001));
#18124=CARTESIAN_POINT('',(15.34,0.,-0.0750000000000001));
#18125=CARTESIAN_POINT('',(15.165,0.,-0.0750000000000001));
#18126=CARTESIAN_POINT('Origin',(15.1025,0.0625,-0.1));
#18127=CARTESIAN_POINT('',(15.04,0.125,0.2));
#18128=CARTESIAN_POINT('',(15.04,0.125,-0.1));
#18129=CARTESIAN_POINT('',(15.165,0.,0.0750000000000001));
#18130=CARTESIAN_POINT('',(15.165,0.,-0.1));
#18131=CARTESIAN_POINT('',(15.165,0.,0.0750000000000001));
#18132=CARTESIAN_POINT('Origin',(15.14,0.0625,0.1375));
#18133=CARTESIAN_POINT('',(15.14,0.125,0.2));
#18134=CARTESIAN_POINT('',(15.14,0.,0.0750000000000001));
#18135=CARTESIAN_POINT('Origin',(15.04,0.,0.2));
#18136=CARTESIAN_POINT('',(15.44,3.14999999888241,0.2));
#18137=CARTESIAN_POINT('',(15.44,0.,0.2));
#18138=CARTESIAN_POINT('',(15.04,3.14999999888241,0.2));
#18139=CARTESIAN_POINT('',(15.04,3.14999999888241,0.2));
#18140=CARTESIAN_POINT('',(15.04,0.,0.2));
#18141=CARTESIAN_POINT('Origin',(15.44,0.,0.2));
#18142=CARTESIAN_POINT('',(15.44,3.14999999888241,-0.2));
#18143=CARTESIAN_POINT('',(15.44,0.,-0.2));
#18144=CARTESIAN_POINT('',(15.44,3.34999999888241,-0.4));
#18145=CARTESIAN_POINT('Origin',(15.44,3.14999999888241,-0.4));
#18146=CARTESIAN_POINT('',(15.44,3.34999999888241,-5.675));
#18147=CARTESIAN_POINT('',(15.44,3.34999999888241,-0.4));
#18148=CARTESIAN_POINT('',(15.44,3.74999999888241,-5.675));
#18149=CARTESIAN_POINT('',(15.44,1.7749999994412,-5.67499999999999));
#18150=CARTESIAN_POINT('',(15.44,3.74999999888241,-0.400000000000001));
#18151=CARTESIAN_POINT('',(15.44,3.74999999888241,-0.400000000000001));
#18152=CARTESIAN_POINT('Origin',(15.44,3.14999999888241,-0.399999999999999));
#18153=CARTESIAN_POINT('Origin',(15.24,0.,0.));
#18154=CARTESIAN_POINT('Origin',(15.1025,1.7749999994412,-5.73749999999999));
#18155=CARTESIAN_POINT('',(15.165,3.62499999888241,-5.8));
#18156=CARTESIAN_POINT('',(15.165,3.47499999888241,-5.8));
#18157=CARTESIAN_POINT('',(15.165,1.7749999994412,-5.79999999999999));
#18158=CARTESIAN_POINT('',(15.04,3.34999999888241,-5.675));
#18159=CARTESIAN_POINT('',(15.165,3.47499999888241,-5.8));
#18160=CARTESIAN_POINT('',(15.04,3.74999999888241,-5.675));
#18161=CARTESIAN_POINT('',(15.04,1.7749999994412,-5.67499999999999));
#18162=CARTESIAN_POINT('',(15.165,3.62499999888241,-5.8));
#18163=CARTESIAN_POINT('Origin',(15.34,3.41249999888241,-5.7375));
#18164=CARTESIAN_POINT('',(15.315,3.47499999888241,-5.8));
#18165=CARTESIAN_POINT('',(15.34,3.47499999888241,-5.8));
#18166=CARTESIAN_POINT('',(15.315,3.47499999888241,-5.8));
#18167=CARTESIAN_POINT('',(15.34,3.34999999888241,-5.675));
#18168=CARTESIAN_POINT('Origin',(15.3775,1.7749999994412,-5.73749999999999));
#18169=CARTESIAN_POINT('',(15.315,3.62499999888241,-5.8));
#18170=CARTESIAN_POINT('',(15.315,1.7749999994412,-5.79999999999999));
#18171=CARTESIAN_POINT('',(15.315,3.62499999888241,-5.8));
#18172=CARTESIAN_POINT('Origin',(15.14,3.68749999888241,-5.7375));
#18173=CARTESIAN_POINT('',(15.14,3.74999999888241,-5.675));
#18174=CARTESIAN_POINT('',(15.14,3.62499999888241,-5.8));
#18175=CARTESIAN_POINT('Origin',(15.04,3.74999999888241,-0.400000000000001));
#18176=CARTESIAN_POINT('',(15.04,3.74999999888241,-0.400000000000001));
#18177=CARTESIAN_POINT('',(15.04,3.74999999888241,-0.400000000000001));
#18178=CARTESIAN_POINT('',(15.04,3.74999999888241,-0.400000000000001));
#18179=CARTESIAN_POINT('Origin',(15.04,0.,-0.2));
#18180=CARTESIAN_POINT('Origin',(15.04,3.14999999888241,-0.399999999999999));
#18181=CARTESIAN_POINT('',(15.04,3.34999999888241,-0.4));
#18182=CARTESIAN_POINT('',(15.04,3.34999999888241,-0.4));
#18183=CARTESIAN_POINT('',(15.04,3.14999999888241,-0.2));
#18184=CARTESIAN_POINT('Origin',(15.04,3.14999999888241,-0.4));
#18185=CARTESIAN_POINT('',(15.04,0.,-0.2));
#18186=CARTESIAN_POINT('Origin',(15.24,3.54999999888241,-5.8));
#18187=CARTESIAN_POINT('Origin',(15.44,3.34999999888241,-0.4));
#18188=CARTESIAN_POINT('',(15.44,3.34999999888241,-0.4));
#18189=CARTESIAN_POINT('Origin',(15.24,3.14999999888241,-0.399999999999999));
#18190=CARTESIAN_POINT('Origin',(15.24,3.14999999888241,-0.399999999999999));
#18191=CARTESIAN_POINT('',(15.44,3.14999999888241,-0.2));
#18192=CARTESIAN_POINT('Origin',(15.44,0.,-0.2));
#18193=CARTESIAN_POINT('Origin',(16.6475,0.0625,0.1));
#18194=CARTESIAN_POINT('',(16.585,0.,0.0750000000000001));
#18195=CARTESIAN_POINT('',(16.585,0.,-0.0750000000000001));
#18196=CARTESIAN_POINT('',(16.585,0.,0.1));
#18197=CARTESIAN_POINT('',(16.71,0.125,-0.2));
#18198=CARTESIAN_POINT('',(16.585,0.,-0.0750000000000001));
#18199=CARTESIAN_POINT('',(16.71,0.125,0.2));
#18200=CARTESIAN_POINT('',(16.71,0.125,0.1));
#18201=CARTESIAN_POINT('',(16.71,0.125,0.2));
#18202=CARTESIAN_POINT('Origin',(16.61,0.0625,-0.1375));
#18203=CARTESIAN_POINT('',(16.31,0.125,-0.2));
#18204=CARTESIAN_POINT('',(16.61,0.125,-0.2));
#18205=CARTESIAN_POINT('',(16.435,0.,-0.0750000000000001));
#18206=CARTESIAN_POINT('',(16.61,0.,-0.0750000000000001));
#18207=CARTESIAN_POINT('',(16.435,0.,-0.0750000000000001));
#18208=CARTESIAN_POINT('Origin',(16.3725,0.0625,-0.1));
#18209=CARTESIAN_POINT('',(16.31,0.125,0.2));
#18210=CARTESIAN_POINT('',(16.31,0.125,-0.1));
#18211=CARTESIAN_POINT('',(16.435,0.,0.0750000000000001));
#18212=CARTESIAN_POINT('',(16.435,0.,-0.1));
#18213=CARTESIAN_POINT('',(16.435,0.,0.0750000000000001));
#18214=CARTESIAN_POINT('Origin',(16.41,0.0625,0.1375));
#18215=CARTESIAN_POINT('',(16.41,0.125,0.2));
#18216=CARTESIAN_POINT('',(16.41,0.,0.0750000000000001));
#18217=CARTESIAN_POINT('Origin',(16.31,0.,0.2));
#18218=CARTESIAN_POINT('',(16.71,3.14999999888241,0.2));
#18219=CARTESIAN_POINT('',(16.71,0.,0.2));
#18220=CARTESIAN_POINT('',(16.31,3.14999999888241,0.2));
#18221=CARTESIAN_POINT('',(16.31,3.14999999888241,0.2));
#18222=CARTESIAN_POINT('',(16.31,0.,0.2));
#18223=CARTESIAN_POINT('Origin',(16.71,0.,0.2));
#18224=CARTESIAN_POINT('',(16.71,3.14999999888241,-0.2));
#18225=CARTESIAN_POINT('',(16.71,0.,-0.2));
#18226=CARTESIAN_POINT('',(16.71,3.34999999888241,-0.4));
#18227=CARTESIAN_POINT('Origin',(16.71,3.14999999888241,-0.4));
#18228=CARTESIAN_POINT('',(16.71,3.34999999888241,-5.675));
#18229=CARTESIAN_POINT('',(16.71,3.34999999888241,-0.4));
#18230=CARTESIAN_POINT('',(16.71,3.74999999888241,-5.675));
#18231=CARTESIAN_POINT('',(16.71,1.7749999994412,-5.67499999999999));
#18232=CARTESIAN_POINT('',(16.71,3.74999999888241,-0.400000000000001));
#18233=CARTESIAN_POINT('',(16.71,3.74999999888241,-0.400000000000001));
#18234=CARTESIAN_POINT('Origin',(16.71,3.14999999888241,-0.399999999999999));
#18235=CARTESIAN_POINT('Origin',(16.51,0.,0.));
#18236=CARTESIAN_POINT('Origin',(16.3725,1.7749999994412,-5.73749999999999));
#18237=CARTESIAN_POINT('',(16.435,3.62499999888241,-5.8));
#18238=CARTESIAN_POINT('',(16.435,3.47499999888241,-5.8));
#18239=CARTESIAN_POINT('',(16.435,1.7749999994412,-5.79999999999999));
#18240=CARTESIAN_POINT('',(16.31,3.34999999888241,-5.675));
#18241=CARTESIAN_POINT('',(16.435,3.47499999888241,-5.8));
#18242=CARTESIAN_POINT('',(16.31,3.74999999888241,-5.675));
#18243=CARTESIAN_POINT('',(16.31,1.7749999994412,-5.67499999999999));
#18244=CARTESIAN_POINT('',(16.435,3.62499999888241,-5.8));
#18245=CARTESIAN_POINT('Origin',(16.61,3.41249999888241,-5.7375));
#18246=CARTESIAN_POINT('',(16.585,3.47499999888241,-5.8));
#18247=CARTESIAN_POINT('',(16.61,3.47499999888241,-5.8));
#18248=CARTESIAN_POINT('',(16.585,3.47499999888241,-5.8));
#18249=CARTESIAN_POINT('',(16.61,3.34999999888241,-5.675));
#18250=CARTESIAN_POINT('Origin',(16.6475,1.7749999994412,-5.73749999999999));
#18251=CARTESIAN_POINT('',(16.585,3.62499999888241,-5.8));
#18252=CARTESIAN_POINT('',(16.585,1.7749999994412,-5.79999999999999));
#18253=CARTESIAN_POINT('',(16.585,3.62499999888241,-5.8));
#18254=CARTESIAN_POINT('Origin',(16.41,3.68749999888241,-5.7375));
#18255=CARTESIAN_POINT('',(16.41,3.74999999888241,-5.675));
#18256=CARTESIAN_POINT('',(16.41,3.62499999888241,-5.8));
#18257=CARTESIAN_POINT('Origin',(16.31,3.74999999888241,-0.400000000000001));
#18258=CARTESIAN_POINT('',(16.31,3.74999999888241,-0.400000000000001));
#18259=CARTESIAN_POINT('',(16.31,3.74999999888241,-0.400000000000001));
#18260=CARTESIAN_POINT('',(16.31,3.74999999888241,-0.400000000000001));
#18261=CARTESIAN_POINT('Origin',(16.31,0.,-0.2));
#18262=CARTESIAN_POINT('Origin',(16.31,3.14999999888241,-0.399999999999999));
#18263=CARTESIAN_POINT('',(16.31,3.34999999888241,-0.4));
#18264=CARTESIAN_POINT('',(16.31,3.34999999888241,-0.4));
#18265=CARTESIAN_POINT('',(16.31,3.14999999888241,-0.2));
#18266=CARTESIAN_POINT('Origin',(16.31,3.14999999888241,-0.4));
#18267=CARTESIAN_POINT('',(16.31,0.,-0.2));
#18268=CARTESIAN_POINT('Origin',(16.51,3.54999999888241,-5.8));
#18269=CARTESIAN_POINT('Origin',(16.71,3.34999999888241,-0.4));
#18270=CARTESIAN_POINT('',(16.71,3.34999999888241,-0.4));
#18271=CARTESIAN_POINT('Origin',(16.51,3.14999999888241,-0.399999999999999));
#18272=CARTESIAN_POINT('Origin',(16.51,3.14999999888241,-0.399999999999999));
#18273=CARTESIAN_POINT('',(16.71,3.14999999888241,-0.2));
#18274=CARTESIAN_POINT('Origin',(16.71,0.,-0.2));
#18275=CARTESIAN_POINT('Origin',(17.9175,0.0625,0.1));
#18276=CARTESIAN_POINT('',(17.855,0.,0.0750000000000001));
#18277=CARTESIAN_POINT('',(17.855,0.,-0.0750000000000001));
#18278=CARTESIAN_POINT('',(17.855,0.,0.1));
#18279=CARTESIAN_POINT('',(17.98,0.125,-0.2));
#18280=CARTESIAN_POINT('',(17.855,0.,-0.0750000000000001));
#18281=CARTESIAN_POINT('',(17.98,0.125,0.2));
#18282=CARTESIAN_POINT('',(17.98,0.125,0.1));
#18283=CARTESIAN_POINT('',(17.98,0.125,0.2));
#18284=CARTESIAN_POINT('Origin',(17.88,0.0625,-0.1375));
#18285=CARTESIAN_POINT('',(17.58,0.125,-0.2));
#18286=CARTESIAN_POINT('',(17.88,0.125,-0.2));
#18287=CARTESIAN_POINT('',(17.705,0.,-0.0750000000000001));
#18288=CARTESIAN_POINT('',(17.88,0.,-0.0750000000000001));
#18289=CARTESIAN_POINT('',(17.705,0.,-0.0750000000000001));
#18290=CARTESIAN_POINT('Origin',(17.6425,0.0625,-0.1));
#18291=CARTESIAN_POINT('',(17.58,0.125,0.2));
#18292=CARTESIAN_POINT('',(17.58,0.125,-0.1));
#18293=CARTESIAN_POINT('',(17.705,0.,0.0750000000000001));
#18294=CARTESIAN_POINT('',(17.705,0.,-0.1));
#18295=CARTESIAN_POINT('',(17.705,0.,0.0750000000000001));
#18296=CARTESIAN_POINT('Origin',(17.68,0.0625,0.1375));
#18297=CARTESIAN_POINT('',(17.68,0.125,0.2));
#18298=CARTESIAN_POINT('',(17.68,0.,0.0750000000000001));
#18299=CARTESIAN_POINT('Origin',(17.58,0.,0.2));
#18300=CARTESIAN_POINT('',(17.98,3.14999999888241,0.2));
#18301=CARTESIAN_POINT('',(17.98,0.,0.2));
#18302=CARTESIAN_POINT('',(17.58,3.14999999888241,0.2));
#18303=CARTESIAN_POINT('',(17.58,3.14999999888241,0.2));
#18304=CARTESIAN_POINT('',(17.58,0.,0.2));
#18305=CARTESIAN_POINT('Origin',(17.98,0.,0.2));
#18306=CARTESIAN_POINT('',(17.98,3.14999999888241,-0.2));
#18307=CARTESIAN_POINT('',(17.98,0.,-0.2));
#18308=CARTESIAN_POINT('',(17.98,3.34999999888241,-0.4));
#18309=CARTESIAN_POINT('Origin',(17.98,3.14999999888241,-0.4));
#18310=CARTESIAN_POINT('',(17.98,3.34999999888241,-5.675));
#18311=CARTESIAN_POINT('',(17.98,3.34999999888241,-0.4));
#18312=CARTESIAN_POINT('',(17.98,3.74999999888241,-5.675));
#18313=CARTESIAN_POINT('',(17.98,1.7749999994412,-5.67499999999999));
#18314=CARTESIAN_POINT('',(17.98,3.74999999888241,-0.400000000000001));
#18315=CARTESIAN_POINT('',(17.98,3.74999999888241,-0.400000000000001));
#18316=CARTESIAN_POINT('Origin',(17.98,3.14999999888241,-0.399999999999999));
#18317=CARTESIAN_POINT('Origin',(17.78,0.,0.));
#18318=CARTESIAN_POINT('Origin',(17.6425,1.7749999994412,-5.73749999999999));
#18319=CARTESIAN_POINT('',(17.705,3.62499999888241,-5.8));
#18320=CARTESIAN_POINT('',(17.705,3.47499999888241,-5.8));
#18321=CARTESIAN_POINT('',(17.705,1.7749999994412,-5.79999999999999));
#18322=CARTESIAN_POINT('',(17.58,3.34999999888241,-5.675));
#18323=CARTESIAN_POINT('',(17.705,3.47499999888241,-5.8));
#18324=CARTESIAN_POINT('',(17.58,3.74999999888241,-5.675));
#18325=CARTESIAN_POINT('',(17.58,1.7749999994412,-5.67499999999999));
#18326=CARTESIAN_POINT('',(17.705,3.62499999888241,-5.8));
#18327=CARTESIAN_POINT('Origin',(17.88,3.41249999888241,-5.7375));
#18328=CARTESIAN_POINT('',(17.855,3.47499999888241,-5.8));
#18329=CARTESIAN_POINT('',(17.88,3.47499999888241,-5.8));
#18330=CARTESIAN_POINT('',(17.855,3.47499999888241,-5.8));
#18331=CARTESIAN_POINT('',(17.88,3.34999999888241,-5.675));
#18332=CARTESIAN_POINT('Origin',(17.9175,1.7749999994412,-5.73749999999999));
#18333=CARTESIAN_POINT('',(17.855,3.62499999888241,-5.8));
#18334=CARTESIAN_POINT('',(17.855,1.7749999994412,-5.79999999999999));
#18335=CARTESIAN_POINT('',(17.855,3.62499999888241,-5.8));
#18336=CARTESIAN_POINT('Origin',(17.68,3.68749999888241,-5.7375));
#18337=CARTESIAN_POINT('',(17.68,3.74999999888241,-5.675));
#18338=CARTESIAN_POINT('',(17.68,3.62499999888241,-5.8));
#18339=CARTESIAN_POINT('Origin',(17.58,3.74999999888241,-0.400000000000001));
#18340=CARTESIAN_POINT('',(17.58,3.74999999888241,-0.400000000000001));
#18341=CARTESIAN_POINT('',(17.58,3.74999999888241,-0.400000000000001));
#18342=CARTESIAN_POINT('',(17.58,3.74999999888241,-0.400000000000001));
#18343=CARTESIAN_POINT('Origin',(17.58,0.,-0.2));
#18344=CARTESIAN_POINT('Origin',(17.58,3.14999999888241,-0.399999999999999));
#18345=CARTESIAN_POINT('',(17.58,3.34999999888241,-0.4));
#18346=CARTESIAN_POINT('',(17.58,3.34999999888241,-0.4));
#18347=CARTESIAN_POINT('',(17.58,3.14999999888241,-0.2));
#18348=CARTESIAN_POINT('Origin',(17.58,3.14999999888241,-0.4));
#18349=CARTESIAN_POINT('',(17.58,0.,-0.2));
#18350=CARTESIAN_POINT('Origin',(17.78,3.54999999888241,-5.8));
#18351=CARTESIAN_POINT('Origin',(17.98,3.34999999888241,-0.4));
#18352=CARTESIAN_POINT('',(17.98,3.34999999888241,-0.4));
#18353=CARTESIAN_POINT('Origin',(17.78,3.14999999888241,-0.399999999999999));
#18354=CARTESIAN_POINT('Origin',(17.78,3.14999999888241,-0.399999999999999));
#18355=CARTESIAN_POINT('',(17.98,3.14999999888241,-0.2));
#18356=CARTESIAN_POINT('Origin',(17.98,0.,-0.2));
#18357=CARTESIAN_POINT('Origin',(19.1875,0.0625,0.1));
#18358=CARTESIAN_POINT('',(19.125,0.,0.0750000000000001));
#18359=CARTESIAN_POINT('',(19.125,0.,-0.0750000000000001));
#18360=CARTESIAN_POINT('',(19.125,0.,0.1));
#18361=CARTESIAN_POINT('',(19.25,0.125,-0.2));
#18362=CARTESIAN_POINT('',(19.125,0.,-0.0750000000000001));
#18363=CARTESIAN_POINT('',(19.25,0.125,0.2));
#18364=CARTESIAN_POINT('',(19.25,0.125,0.1));
#18365=CARTESIAN_POINT('',(19.25,0.125,0.2));
#18366=CARTESIAN_POINT('Origin',(19.15,0.0625,-0.1375));
#18367=CARTESIAN_POINT('',(18.85,0.125,-0.2));
#18368=CARTESIAN_POINT('',(19.15,0.125,-0.2));
#18369=CARTESIAN_POINT('',(18.975,0.,-0.0750000000000001));
#18370=CARTESIAN_POINT('',(19.15,0.,-0.0750000000000001));
#18371=CARTESIAN_POINT('',(18.975,0.,-0.0750000000000001));
#18372=CARTESIAN_POINT('Origin',(18.9125,0.0625,-0.1));
#18373=CARTESIAN_POINT('',(18.85,0.125,0.2));
#18374=CARTESIAN_POINT('',(18.85,0.125,-0.1));
#18375=CARTESIAN_POINT('',(18.975,0.,0.0750000000000001));
#18376=CARTESIAN_POINT('',(18.975,0.,-0.1));
#18377=CARTESIAN_POINT('',(18.975,0.,0.0750000000000001));
#18378=CARTESIAN_POINT('Origin',(18.95,0.0625,0.1375));
#18379=CARTESIAN_POINT('',(18.95,0.125,0.2));
#18380=CARTESIAN_POINT('',(18.95,0.,0.0750000000000001));
#18381=CARTESIAN_POINT('Origin',(18.85,0.,0.2));
#18382=CARTESIAN_POINT('',(19.25,3.14999999888241,0.2));
#18383=CARTESIAN_POINT('',(19.25,0.,0.2));
#18384=CARTESIAN_POINT('',(18.85,3.14999999888241,0.2));
#18385=CARTESIAN_POINT('',(18.85,3.14999999888241,0.2));
#18386=CARTESIAN_POINT('',(18.85,0.,0.2));
#18387=CARTESIAN_POINT('Origin',(19.25,0.,0.2));
#18388=CARTESIAN_POINT('',(19.25,3.14999999888241,-0.2));
#18389=CARTESIAN_POINT('',(19.25,0.,-0.2));
#18390=CARTESIAN_POINT('',(19.25,3.34999999888241,-0.4));
#18391=CARTESIAN_POINT('Origin',(19.25,3.14999999888241,-0.4));
#18392=CARTESIAN_POINT('',(19.25,3.34999999888241,-5.675));
#18393=CARTESIAN_POINT('',(19.25,3.34999999888241,-0.4));
#18394=CARTESIAN_POINT('',(19.25,3.74999999888241,-5.675));
#18395=CARTESIAN_POINT('',(19.25,1.7749999994412,-5.67499999999999));
#18396=CARTESIAN_POINT('',(19.25,3.74999999888241,-0.400000000000001));
#18397=CARTESIAN_POINT('',(19.25,3.74999999888241,-0.400000000000001));
#18398=CARTESIAN_POINT('Origin',(19.25,3.14999999888241,-0.399999999999999));
#18399=CARTESIAN_POINT('Origin',(19.05,0.,0.));
#18400=CARTESIAN_POINT('Origin',(18.9125,1.7749999994412,-5.73749999999999));
#18401=CARTESIAN_POINT('',(18.975,3.62499999888241,-5.8));
#18402=CARTESIAN_POINT('',(18.975,3.47499999888241,-5.8));
#18403=CARTESIAN_POINT('',(18.975,1.7749999994412,-5.79999999999999));
#18404=CARTESIAN_POINT('',(18.85,3.34999999888241,-5.675));
#18405=CARTESIAN_POINT('',(18.975,3.47499999888241,-5.8));
#18406=CARTESIAN_POINT('',(18.85,3.74999999888241,-5.675));
#18407=CARTESIAN_POINT('',(18.85,1.7749999994412,-5.67499999999999));
#18408=CARTESIAN_POINT('',(18.975,3.62499999888241,-5.8));
#18409=CARTESIAN_POINT('Origin',(19.15,3.41249999888241,-5.7375));
#18410=CARTESIAN_POINT('',(19.125,3.47499999888241,-5.8));
#18411=CARTESIAN_POINT('',(19.15,3.47499999888241,-5.8));
#18412=CARTESIAN_POINT('',(19.125,3.47499999888241,-5.8));
#18413=CARTESIAN_POINT('',(19.15,3.34999999888241,-5.675));
#18414=CARTESIAN_POINT('Origin',(19.1875,1.7749999994412,-5.73749999999999));
#18415=CARTESIAN_POINT('',(19.125,3.62499999888241,-5.8));
#18416=CARTESIAN_POINT('',(19.125,1.7749999994412,-5.79999999999999));
#18417=CARTESIAN_POINT('',(19.125,3.62499999888241,-5.8));
#18418=CARTESIAN_POINT('Origin',(18.95,3.68749999888241,-5.7375));
#18419=CARTESIAN_POINT('',(18.95,3.74999999888241,-5.675));
#18420=CARTESIAN_POINT('',(18.95,3.62499999888241,-5.8));
#18421=CARTESIAN_POINT('Origin',(18.85,3.74999999888241,-0.400000000000001));
#18422=CARTESIAN_POINT('',(18.85,3.74999999888241,-0.400000000000001));
#18423=CARTESIAN_POINT('',(18.85,3.74999999888241,-0.400000000000001));
#18424=CARTESIAN_POINT('',(18.85,3.74999999888241,-0.400000000000001));
#18425=CARTESIAN_POINT('Origin',(18.85,0.,-0.2));
#18426=CARTESIAN_POINT('Origin',(18.85,3.14999999888241,-0.399999999999999));
#18427=CARTESIAN_POINT('',(18.85,3.34999999888241,-0.4));
#18428=CARTESIAN_POINT('',(18.85,3.34999999888241,-0.4));
#18429=CARTESIAN_POINT('',(18.85,3.14999999888241,-0.2));
#18430=CARTESIAN_POINT('Origin',(18.85,3.14999999888241,-0.4));
#18431=CARTESIAN_POINT('',(18.85,0.,-0.2));
#18432=CARTESIAN_POINT('Origin',(19.05,3.54999999888241,-5.8));
#18433=CARTESIAN_POINT('Origin',(19.25,3.34999999888241,-0.4));
#18434=CARTESIAN_POINT('',(19.25,3.34999999888241,-0.4));
#18435=CARTESIAN_POINT('Origin',(19.05,3.14999999888241,-0.399999999999999));
#18436=CARTESIAN_POINT('Origin',(19.05,3.14999999888241,-0.399999999999999));
#18437=CARTESIAN_POINT('',(19.25,3.14999999888241,-0.2));
#18438=CARTESIAN_POINT('Origin',(19.25,0.,-0.2));
#18439=CARTESIAN_POINT('Origin',(20.4575,0.0625,0.1));
#18440=CARTESIAN_POINT('',(20.395,0.,0.0750000000000001));
#18441=CARTESIAN_POINT('',(20.395,0.,-0.0750000000000001));
#18442=CARTESIAN_POINT('',(20.395,0.,0.1));
#18443=CARTESIAN_POINT('',(20.52,0.125,-0.2));
#18444=CARTESIAN_POINT('',(20.395,0.,-0.0750000000000001));
#18445=CARTESIAN_POINT('',(20.52,0.125,0.2));
#18446=CARTESIAN_POINT('',(20.52,0.125,0.1));
#18447=CARTESIAN_POINT('',(20.52,0.125,0.2));
#18448=CARTESIAN_POINT('Origin',(20.42,0.0625,-0.1375));
#18449=CARTESIAN_POINT('',(20.12,0.125,-0.2));
#18450=CARTESIAN_POINT('',(20.42,0.125,-0.2));
#18451=CARTESIAN_POINT('',(20.245,0.,-0.0750000000000001));
#18452=CARTESIAN_POINT('',(20.42,0.,-0.0750000000000001));
#18453=CARTESIAN_POINT('',(20.245,0.,-0.0750000000000001));
#18454=CARTESIAN_POINT('Origin',(20.1825,0.0625,-0.1));
#18455=CARTESIAN_POINT('',(20.12,0.125,0.2));
#18456=CARTESIAN_POINT('',(20.12,0.125,-0.1));
#18457=CARTESIAN_POINT('',(20.245,0.,0.0750000000000001));
#18458=CARTESIAN_POINT('',(20.245,0.,-0.1));
#18459=CARTESIAN_POINT('',(20.245,0.,0.0750000000000001));
#18460=CARTESIAN_POINT('Origin',(20.22,0.0625,0.1375));
#18461=CARTESIAN_POINT('',(20.22,0.125,0.2));
#18462=CARTESIAN_POINT('',(20.22,0.,0.0750000000000001));
#18463=CARTESIAN_POINT('Origin',(20.12,0.,0.2));
#18464=CARTESIAN_POINT('',(20.52,3.14999999888241,0.2));
#18465=CARTESIAN_POINT('',(20.52,0.,0.2));
#18466=CARTESIAN_POINT('',(20.12,3.14999999888241,0.2));
#18467=CARTESIAN_POINT('',(20.12,3.14999999888241,0.2));
#18468=CARTESIAN_POINT('',(20.12,0.,0.2));
#18469=CARTESIAN_POINT('Origin',(20.52,0.,0.2));
#18470=CARTESIAN_POINT('',(20.52,3.14999999888241,-0.2));
#18471=CARTESIAN_POINT('',(20.52,0.,-0.2));
#18472=CARTESIAN_POINT('',(20.52,3.34999999888241,-0.4));
#18473=CARTESIAN_POINT('Origin',(20.52,3.14999999888241,-0.4));
#18474=CARTESIAN_POINT('',(20.52,3.34999999888241,-5.675));
#18475=CARTESIAN_POINT('',(20.52,3.34999999888241,-0.4));
#18476=CARTESIAN_POINT('',(20.52,3.74999999888241,-5.675));
#18477=CARTESIAN_POINT('',(20.52,1.7749999994412,-5.67499999999999));
#18478=CARTESIAN_POINT('',(20.52,3.74999999888241,-0.400000000000001));
#18479=CARTESIAN_POINT('',(20.52,3.74999999888241,-0.400000000000001));
#18480=CARTESIAN_POINT('Origin',(20.52,3.14999999888241,-0.399999999999999));
#18481=CARTESIAN_POINT('Origin',(20.32,0.,0.));
#18482=CARTESIAN_POINT('Origin',(20.1825,1.7749999994412,-5.73749999999999));
#18483=CARTESIAN_POINT('',(20.245,3.62499999888241,-5.8));
#18484=CARTESIAN_POINT('',(20.245,3.47499999888241,-5.8));
#18485=CARTESIAN_POINT('',(20.245,1.7749999994412,-5.79999999999999));
#18486=CARTESIAN_POINT('',(20.12,3.34999999888241,-5.675));
#18487=CARTESIAN_POINT('',(20.245,3.47499999888241,-5.8));
#18488=CARTESIAN_POINT('',(20.12,3.74999999888241,-5.675));
#18489=CARTESIAN_POINT('',(20.12,1.7749999994412,-5.67499999999999));
#18490=CARTESIAN_POINT('',(20.245,3.62499999888241,-5.8));
#18491=CARTESIAN_POINT('Origin',(20.42,3.41249999888241,-5.7375));
#18492=CARTESIAN_POINT('',(20.395,3.47499999888241,-5.8));
#18493=CARTESIAN_POINT('',(20.42,3.47499999888241,-5.8));
#18494=CARTESIAN_POINT('',(20.395,3.47499999888241,-5.8));
#18495=CARTESIAN_POINT('',(20.42,3.34999999888241,-5.675));
#18496=CARTESIAN_POINT('Origin',(20.4575,1.7749999994412,-5.73749999999999));
#18497=CARTESIAN_POINT('',(20.395,3.62499999888241,-5.8));
#18498=CARTESIAN_POINT('',(20.395,1.7749999994412,-5.79999999999999));
#18499=CARTESIAN_POINT('',(20.395,3.62499999888241,-5.8));
#18500=CARTESIAN_POINT('Origin',(20.22,3.68749999888241,-5.7375));
#18501=CARTESIAN_POINT('',(20.22,3.74999999888241,-5.675));
#18502=CARTESIAN_POINT('',(20.22,3.62499999888241,-5.8));
#18503=CARTESIAN_POINT('Origin',(20.12,3.74999999888241,-0.400000000000001));
#18504=CARTESIAN_POINT('',(20.12,3.74999999888241,-0.400000000000001));
#18505=CARTESIAN_POINT('',(20.12,3.74999999888241,-0.400000000000001));
#18506=CARTESIAN_POINT('',(20.12,3.74999999888241,-0.400000000000001));
#18507=CARTESIAN_POINT('Origin',(20.12,0.,-0.2));
#18508=CARTESIAN_POINT('Origin',(20.12,3.14999999888241,-0.399999999999999));
#18509=CARTESIAN_POINT('',(20.12,3.34999999888241,-0.4));
#18510=CARTESIAN_POINT('',(20.12,3.34999999888241,-0.4));
#18511=CARTESIAN_POINT('',(20.12,3.14999999888241,-0.2));
#18512=CARTESIAN_POINT('Origin',(20.12,3.14999999888241,-0.4));
#18513=CARTESIAN_POINT('',(20.12,0.,-0.2));
#18514=CARTESIAN_POINT('Origin',(20.32,3.54999999888241,-5.8));
#18515=CARTESIAN_POINT('Origin',(20.52,3.34999999888241,-0.4));
#18516=CARTESIAN_POINT('',(20.52,3.34999999888241,-0.4));
#18517=CARTESIAN_POINT('Origin',(20.32,3.14999999888241,-0.399999999999999));
#18518=CARTESIAN_POINT('Origin',(20.32,3.14999999888241,-0.399999999999999));
#18519=CARTESIAN_POINT('',(20.52,3.14999999888241,-0.2));
#18520=CARTESIAN_POINT('Origin',(20.52,0.,-0.2));
#18521=CARTESIAN_POINT('Origin',(21.7275,0.0625,0.1));
#18522=CARTESIAN_POINT('',(21.665,0.,0.0750000000000001));
#18523=CARTESIAN_POINT('',(21.665,0.,-0.0750000000000001));
#18524=CARTESIAN_POINT('',(21.665,0.,0.1));
#18525=CARTESIAN_POINT('',(21.79,0.125,-0.2));
#18526=CARTESIAN_POINT('',(21.665,0.,-0.0750000000000001));
#18527=CARTESIAN_POINT('',(21.79,0.125,0.2));
#18528=CARTESIAN_POINT('',(21.79,0.125,0.1));
#18529=CARTESIAN_POINT('',(21.79,0.125,0.2));
#18530=CARTESIAN_POINT('Origin',(21.69,0.0625,-0.1375));
#18531=CARTESIAN_POINT('',(21.39,0.125,-0.2));
#18532=CARTESIAN_POINT('',(21.69,0.125,-0.2));
#18533=CARTESIAN_POINT('',(21.515,0.,-0.0750000000000001));
#18534=CARTESIAN_POINT('',(21.69,0.,-0.0750000000000001));
#18535=CARTESIAN_POINT('',(21.515,0.,-0.0750000000000001));
#18536=CARTESIAN_POINT('Origin',(21.4525,0.0625,-0.1));
#18537=CARTESIAN_POINT('',(21.39,0.125,0.2));
#18538=CARTESIAN_POINT('',(21.39,0.125,-0.1));
#18539=CARTESIAN_POINT('',(21.515,0.,0.0750000000000001));
#18540=CARTESIAN_POINT('',(21.515,0.,-0.1));
#18541=CARTESIAN_POINT('',(21.515,0.,0.0750000000000001));
#18542=CARTESIAN_POINT('Origin',(21.49,0.0625,0.1375));
#18543=CARTESIAN_POINT('',(21.49,0.125,0.2));
#18544=CARTESIAN_POINT('',(21.49,0.,0.0750000000000001));
#18545=CARTESIAN_POINT('Origin',(21.39,0.,0.2));
#18546=CARTESIAN_POINT('',(21.79,3.14999999888241,0.2));
#18547=CARTESIAN_POINT('',(21.79,0.,0.2));
#18548=CARTESIAN_POINT('',(21.39,3.14999999888241,0.2));
#18549=CARTESIAN_POINT('',(21.39,3.14999999888241,0.2));
#18550=CARTESIAN_POINT('',(21.39,0.,0.2));
#18551=CARTESIAN_POINT('Origin',(21.79,0.,0.2));
#18552=CARTESIAN_POINT('',(21.79,3.14999999888241,-0.2));
#18553=CARTESIAN_POINT('',(21.79,0.,-0.2));
#18554=CARTESIAN_POINT('',(21.79,3.34999999888241,-0.4));
#18555=CARTESIAN_POINT('Origin',(21.79,3.14999999888241,-0.4));
#18556=CARTESIAN_POINT('',(21.79,3.34999999888241,-5.675));
#18557=CARTESIAN_POINT('',(21.79,3.34999999888241,-0.4));
#18558=CARTESIAN_POINT('',(21.79,3.74999999888241,-5.675));
#18559=CARTESIAN_POINT('',(21.79,1.7749999994412,-5.67499999999999));
#18560=CARTESIAN_POINT('',(21.79,3.74999999888241,-0.400000000000001));
#18561=CARTESIAN_POINT('',(21.79,3.74999999888241,-0.400000000000001));
#18562=CARTESIAN_POINT('Origin',(21.79,3.14999999888241,-0.399999999999999));
#18563=CARTESIAN_POINT('Origin',(21.59,0.,0.));
#18564=CARTESIAN_POINT('Origin',(21.4525,1.7749999994412,-5.73749999999999));
#18565=CARTESIAN_POINT('',(21.515,3.62499999888241,-5.8));
#18566=CARTESIAN_POINT('',(21.515,3.47499999888241,-5.8));
#18567=CARTESIAN_POINT('',(21.515,1.7749999994412,-5.79999999999999));
#18568=CARTESIAN_POINT('',(21.39,3.34999999888241,-5.675));
#18569=CARTESIAN_POINT('',(21.515,3.47499999888241,-5.8));
#18570=CARTESIAN_POINT('',(21.39,3.74999999888241,-5.675));
#18571=CARTESIAN_POINT('',(21.39,1.7749999994412,-5.67499999999999));
#18572=CARTESIAN_POINT('',(21.515,3.62499999888241,-5.8));
#18573=CARTESIAN_POINT('Origin',(21.69,3.41249999888241,-5.7375));
#18574=CARTESIAN_POINT('',(21.665,3.47499999888241,-5.8));
#18575=CARTESIAN_POINT('',(21.69,3.47499999888241,-5.8));
#18576=CARTESIAN_POINT('',(21.665,3.47499999888241,-5.8));
#18577=CARTESIAN_POINT('',(21.69,3.34999999888241,-5.675));
#18578=CARTESIAN_POINT('Origin',(21.7275,1.7749999994412,-5.73749999999999));
#18579=CARTESIAN_POINT('',(21.665,3.62499999888241,-5.8));
#18580=CARTESIAN_POINT('',(21.665,1.7749999994412,-5.79999999999999));
#18581=CARTESIAN_POINT('',(21.665,3.62499999888241,-5.8));
#18582=CARTESIAN_POINT('Origin',(21.49,3.68749999888241,-5.7375));
#18583=CARTESIAN_POINT('',(21.49,3.74999999888241,-5.675));
#18584=CARTESIAN_POINT('',(21.49,3.62499999888241,-5.8));
#18585=CARTESIAN_POINT('Origin',(21.39,3.74999999888241,-0.400000000000001));
#18586=CARTESIAN_POINT('',(21.39,3.74999999888241,-0.400000000000001));
#18587=CARTESIAN_POINT('',(21.39,3.74999999888241,-0.400000000000001));
#18588=CARTESIAN_POINT('',(21.39,3.74999999888241,-0.400000000000001));
#18589=CARTESIAN_POINT('Origin',(21.39,0.,-0.2));
#18590=CARTESIAN_POINT('Origin',(21.39,3.14999999888241,-0.399999999999999));
#18591=CARTESIAN_POINT('',(21.39,3.34999999888241,-0.4));
#18592=CARTESIAN_POINT('',(21.39,3.34999999888241,-0.4));
#18593=CARTESIAN_POINT('',(21.39,3.14999999888241,-0.2));
#18594=CARTESIAN_POINT('Origin',(21.39,3.14999999888241,-0.4));
#18595=CARTESIAN_POINT('',(21.39,0.,-0.2));
#18596=CARTESIAN_POINT('Origin',(21.59,3.54999999888241,-5.8));
#18597=CARTESIAN_POINT('Origin',(21.79,3.34999999888241,-0.4));
#18598=CARTESIAN_POINT('',(21.79,3.34999999888241,-0.4));
#18599=CARTESIAN_POINT('Origin',(21.59,3.14999999888241,-0.399999999999999));
#18600=CARTESIAN_POINT('Origin',(21.59,3.14999999888241,-0.399999999999999));
#18601=CARTESIAN_POINT('',(21.79,3.14999999888241,-0.2));
#18602=CARTESIAN_POINT('Origin',(21.79,0.,-0.2));
#18603=CARTESIAN_POINT('Origin',(22.9975,0.0625,0.1));
#18604=CARTESIAN_POINT('',(22.935,0.,0.0750000000000001));
#18605=CARTESIAN_POINT('',(22.935,0.,-0.0750000000000001));
#18606=CARTESIAN_POINT('',(22.935,0.,0.1));
#18607=CARTESIAN_POINT('',(23.06,0.125,-0.2));
#18608=CARTESIAN_POINT('',(22.935,0.,-0.0750000000000001));
#18609=CARTESIAN_POINT('',(23.06,0.125,0.2));
#18610=CARTESIAN_POINT('',(23.06,0.125,0.1));
#18611=CARTESIAN_POINT('',(23.06,0.125,0.2));
#18612=CARTESIAN_POINT('Origin',(22.96,0.0625,-0.1375));
#18613=CARTESIAN_POINT('',(22.66,0.125,-0.2));
#18614=CARTESIAN_POINT('',(22.96,0.125,-0.2));
#18615=CARTESIAN_POINT('',(22.785,0.,-0.0750000000000001));
#18616=CARTESIAN_POINT('',(22.96,0.,-0.0750000000000001));
#18617=CARTESIAN_POINT('',(22.785,0.,-0.0750000000000001));
#18618=CARTESIAN_POINT('Origin',(22.7225,0.0625,-0.1));
#18619=CARTESIAN_POINT('',(22.66,0.125,0.2));
#18620=CARTESIAN_POINT('',(22.66,0.125,-0.1));
#18621=CARTESIAN_POINT('',(22.785,0.,0.0750000000000001));
#18622=CARTESIAN_POINT('',(22.785,0.,-0.1));
#18623=CARTESIAN_POINT('',(22.785,0.,0.0750000000000001));
#18624=CARTESIAN_POINT('Origin',(22.76,0.0625,0.1375));
#18625=CARTESIAN_POINT('',(22.76,0.125,0.2));
#18626=CARTESIAN_POINT('',(22.76,0.,0.0750000000000001));
#18627=CARTESIAN_POINT('Origin',(22.66,0.,0.2));
#18628=CARTESIAN_POINT('',(23.06,3.14999999888241,0.2));
#18629=CARTESIAN_POINT('',(23.06,0.,0.2));
#18630=CARTESIAN_POINT('',(22.66,3.14999999888241,0.2));
#18631=CARTESIAN_POINT('',(22.66,3.14999999888241,0.2));
#18632=CARTESIAN_POINT('',(22.66,0.,0.2));
#18633=CARTESIAN_POINT('Origin',(23.06,0.,0.2));
#18634=CARTESIAN_POINT('',(23.06,3.14999999888241,-0.2));
#18635=CARTESIAN_POINT('',(23.06,0.,-0.2));
#18636=CARTESIAN_POINT('',(23.06,3.34999999888241,-0.4));
#18637=CARTESIAN_POINT('Origin',(23.06,3.14999999888241,-0.4));
#18638=CARTESIAN_POINT('',(23.06,3.34999999888241,-5.675));
#18639=CARTESIAN_POINT('',(23.06,3.34999999888241,-0.4));
#18640=CARTESIAN_POINT('',(23.06,3.74999999888241,-5.675));
#18641=CARTESIAN_POINT('',(23.06,1.7749999994412,-5.67499999999999));
#18642=CARTESIAN_POINT('',(23.06,3.74999999888241,-0.400000000000001));
#18643=CARTESIAN_POINT('',(23.06,3.74999999888241,-0.400000000000001));
#18644=CARTESIAN_POINT('Origin',(23.06,3.14999999888241,-0.399999999999999));
#18645=CARTESIAN_POINT('Origin',(22.86,0.,0.));
#18646=CARTESIAN_POINT('Origin',(22.7225,1.7749999994412,-5.73749999999999));
#18647=CARTESIAN_POINT('',(22.785,3.62499999888241,-5.8));
#18648=CARTESIAN_POINT('',(22.785,3.47499999888241,-5.8));
#18649=CARTESIAN_POINT('',(22.785,1.7749999994412,-5.79999999999999));
#18650=CARTESIAN_POINT('',(22.66,3.34999999888241,-5.675));
#18651=CARTESIAN_POINT('',(22.785,3.47499999888241,-5.8));
#18652=CARTESIAN_POINT('',(22.66,3.74999999888241,-5.675));
#18653=CARTESIAN_POINT('',(22.66,1.7749999994412,-5.67499999999999));
#18654=CARTESIAN_POINT('',(22.785,3.62499999888241,-5.8));
#18655=CARTESIAN_POINT('Origin',(22.96,3.41249999888241,-5.7375));
#18656=CARTESIAN_POINT('',(22.935,3.47499999888241,-5.8));
#18657=CARTESIAN_POINT('',(22.96,3.47499999888241,-5.8));
#18658=CARTESIAN_POINT('',(22.935,3.47499999888241,-5.8));
#18659=CARTESIAN_POINT('',(22.96,3.34999999888241,-5.675));
#18660=CARTESIAN_POINT('Origin',(22.9975,1.7749999994412,-5.73749999999999));
#18661=CARTESIAN_POINT('',(22.935,3.62499999888241,-5.8));
#18662=CARTESIAN_POINT('',(22.935,1.7749999994412,-5.79999999999999));
#18663=CARTESIAN_POINT('',(22.935,3.62499999888241,-5.8));
#18664=CARTESIAN_POINT('Origin',(22.76,3.68749999888241,-5.7375));
#18665=CARTESIAN_POINT('',(22.76,3.74999999888241,-5.675));
#18666=CARTESIAN_POINT('',(22.76,3.62499999888241,-5.8));
#18667=CARTESIAN_POINT('Origin',(22.66,3.74999999888241,-0.400000000000001));
#18668=CARTESIAN_POINT('',(22.66,3.74999999888241,-0.400000000000001));
#18669=CARTESIAN_POINT('',(22.66,3.74999999888241,-0.400000000000001));
#18670=CARTESIAN_POINT('',(22.66,3.74999999888241,-0.400000000000001));
#18671=CARTESIAN_POINT('Origin',(22.66,0.,-0.2));
#18672=CARTESIAN_POINT('Origin',(22.66,3.14999999888241,-0.399999999999999));
#18673=CARTESIAN_POINT('',(22.66,3.34999999888241,-0.4));
#18674=CARTESIAN_POINT('',(22.66,3.34999999888241,-0.4));
#18675=CARTESIAN_POINT('',(22.66,3.14999999888241,-0.2));
#18676=CARTESIAN_POINT('Origin',(22.66,3.14999999888241,-0.4));
#18677=CARTESIAN_POINT('',(22.66,0.,-0.2));
#18678=CARTESIAN_POINT('Origin',(22.86,3.54999999888241,-5.8));
#18679=CARTESIAN_POINT('Origin',(23.06,3.34999999888241,-0.4));
#18680=CARTESIAN_POINT('',(23.06,3.34999999888241,-0.4));
#18681=CARTESIAN_POINT('Origin',(22.86,3.14999999888241,-0.399999999999999));
#18682=CARTESIAN_POINT('Origin',(22.86,3.14999999888241,-0.399999999999999));
#18683=CARTESIAN_POINT('',(23.06,3.14999999888241,-0.2));
#18684=CARTESIAN_POINT('Origin',(23.06,0.,-0.2));
#18685=CARTESIAN_POINT('Origin',(24.2675,0.0625,0.1));
#18686=CARTESIAN_POINT('',(24.205,0.,0.0750000000000001));
#18687=CARTESIAN_POINT('',(24.205,0.,-0.0750000000000001));
#18688=CARTESIAN_POINT('',(24.205,0.,0.1));
#18689=CARTESIAN_POINT('',(24.33,0.125,-0.2));
#18690=CARTESIAN_POINT('',(24.205,0.,-0.0750000000000001));
#18691=CARTESIAN_POINT('',(24.33,0.125,0.2));
#18692=CARTESIAN_POINT('',(24.33,0.125,0.1));
#18693=CARTESIAN_POINT('',(24.33,0.125,0.2));
#18694=CARTESIAN_POINT('Origin',(24.23,0.0625,-0.1375));
#18695=CARTESIAN_POINT('',(23.93,0.125,-0.2));
#18696=CARTESIAN_POINT('',(24.23,0.125,-0.2));
#18697=CARTESIAN_POINT('',(24.055,0.,-0.0750000000000001));
#18698=CARTESIAN_POINT('',(24.23,0.,-0.0750000000000001));
#18699=CARTESIAN_POINT('',(24.055,0.,-0.0750000000000001));
#18700=CARTESIAN_POINT('Origin',(23.9925,0.0625,-0.1));
#18701=CARTESIAN_POINT('',(23.93,0.125,0.2));
#18702=CARTESIAN_POINT('',(23.93,0.125,-0.1));
#18703=CARTESIAN_POINT('',(24.055,0.,0.0750000000000001));
#18704=CARTESIAN_POINT('',(24.055,0.,-0.1));
#18705=CARTESIAN_POINT('',(24.055,0.,0.0750000000000001));
#18706=CARTESIAN_POINT('Origin',(24.03,0.0625,0.1375));
#18707=CARTESIAN_POINT('',(24.03,0.125,0.2));
#18708=CARTESIAN_POINT('',(24.03,0.,0.0750000000000001));
#18709=CARTESIAN_POINT('Origin',(23.93,0.,0.2));
#18710=CARTESIAN_POINT('',(24.33,3.14999999888241,0.2));
#18711=CARTESIAN_POINT('',(24.33,0.,0.2));
#18712=CARTESIAN_POINT('',(23.93,3.14999999888241,0.2));
#18713=CARTESIAN_POINT('',(23.93,3.14999999888241,0.2));
#18714=CARTESIAN_POINT('',(23.93,0.,0.2));
#18715=CARTESIAN_POINT('Origin',(24.33,0.,0.2));
#18716=CARTESIAN_POINT('',(24.33,3.14999999888241,-0.2));
#18717=CARTESIAN_POINT('',(24.33,0.,-0.2));
#18718=CARTESIAN_POINT('',(24.33,3.34999999888241,-0.4));
#18719=CARTESIAN_POINT('Origin',(24.33,3.14999999888241,-0.4));
#18720=CARTESIAN_POINT('',(24.33,3.34999999888241,-5.675));
#18721=CARTESIAN_POINT('',(24.33,3.34999999888241,-0.4));
#18722=CARTESIAN_POINT('',(24.33,3.74999999888241,-5.675));
#18723=CARTESIAN_POINT('',(24.33,1.7749999994412,-5.67499999999999));
#18724=CARTESIAN_POINT('',(24.33,3.74999999888241,-0.400000000000001));
#18725=CARTESIAN_POINT('',(24.33,3.74999999888241,-0.400000000000001));
#18726=CARTESIAN_POINT('Origin',(24.33,3.14999999888241,-0.399999999999999));
#18727=CARTESIAN_POINT('Origin',(24.13,0.,0.));
#18728=CARTESIAN_POINT('Origin',(23.9925,1.7749999994412,-5.73749999999999));
#18729=CARTESIAN_POINT('',(24.055,3.62499999888241,-5.8));
#18730=CARTESIAN_POINT('',(24.055,3.47499999888241,-5.8));
#18731=CARTESIAN_POINT('',(24.055,1.7749999994412,-5.79999999999999));
#18732=CARTESIAN_POINT('',(23.93,3.34999999888241,-5.675));
#18733=CARTESIAN_POINT('',(24.055,3.47499999888241,-5.8));
#18734=CARTESIAN_POINT('',(23.93,3.74999999888241,-5.675));
#18735=CARTESIAN_POINT('',(23.93,1.7749999994412,-5.67499999999999));
#18736=CARTESIAN_POINT('',(24.055,3.62499999888241,-5.8));
#18737=CARTESIAN_POINT('Origin',(24.23,3.41249999888241,-5.7375));
#18738=CARTESIAN_POINT('',(24.205,3.47499999888241,-5.8));
#18739=CARTESIAN_POINT('',(24.23,3.47499999888241,-5.8));
#18740=CARTESIAN_POINT('',(24.205,3.47499999888241,-5.8));
#18741=CARTESIAN_POINT('',(24.23,3.34999999888241,-5.675));
#18742=CARTESIAN_POINT('Origin',(24.2675,1.7749999994412,-5.73749999999999));
#18743=CARTESIAN_POINT('',(24.205,3.62499999888241,-5.8));
#18744=CARTESIAN_POINT('',(24.205,1.7749999994412,-5.79999999999999));
#18745=CARTESIAN_POINT('',(24.205,3.62499999888241,-5.8));
#18746=CARTESIAN_POINT('Origin',(24.03,3.68749999888241,-5.7375));
#18747=CARTESIAN_POINT('',(24.03,3.74999999888241,-5.675));
#18748=CARTESIAN_POINT('',(24.03,3.62499999888241,-5.8));
#18749=CARTESIAN_POINT('Origin',(23.93,3.74999999888241,-0.400000000000001));
#18750=CARTESIAN_POINT('',(23.93,3.74999999888241,-0.400000000000001));
#18751=CARTESIAN_POINT('',(23.93,3.74999999888241,-0.400000000000001));
#18752=CARTESIAN_POINT('',(23.93,3.74999999888241,-0.400000000000001));
#18753=CARTESIAN_POINT('Origin',(23.93,0.,-0.2));
#18754=CARTESIAN_POINT('Origin',(23.93,3.14999999888241,-0.399999999999999));
#18755=CARTESIAN_POINT('',(23.93,3.34999999888241,-0.4));
#18756=CARTESIAN_POINT('',(23.93,3.34999999888241,-0.4));
#18757=CARTESIAN_POINT('',(23.93,3.14999999888241,-0.2));
#18758=CARTESIAN_POINT('Origin',(23.93,3.14999999888241,-0.4));
#18759=CARTESIAN_POINT('',(23.93,0.,-0.2));
#18760=CARTESIAN_POINT('Origin',(24.13,3.54999999888241,-5.8));
#18761=CARTESIAN_POINT('Origin',(24.33,3.34999999888241,-0.4));
#18762=CARTESIAN_POINT('',(24.33,3.34999999888241,-0.4));
#18763=CARTESIAN_POINT('Origin',(24.13,3.14999999888241,-0.399999999999999));
#18764=CARTESIAN_POINT('Origin',(24.13,3.14999999888241,-0.399999999999999));
#18765=CARTESIAN_POINT('',(24.33,3.14999999888241,-0.2));
#18766=CARTESIAN_POINT('Origin',(24.33,0.,-0.2));
#18767=CARTESIAN_POINT('Origin',(1.905,4.54999999888241,-1.3));
#18768=CARTESIAN_POINT('',(1.905,4.54999999888241,-1.3));
#18769=CARTESIAN_POINT('',(1.905,2.54999999888241,-1.3));
#18770=CARTESIAN_POINT('',(1.905,4.64999999888241,-1.3));
#18771=CARTESIAN_POINT('',(0.635,4.54999999888241,-1.3));
#18772=CARTESIAN_POINT('',(1.905,4.54999999888241,-1.3));
#18773=CARTESIAN_POINT('',(0.635,2.54999999888241,-1.3));
#18774=CARTESIAN_POINT('',(0.635,3.44999999888241,-1.3));
#18775=CARTESIAN_POINT('',(1.905,2.54999999888241,-1.3));
#18776=CARTESIAN_POINT('',(1.07,3.74999999888241,-1.3));
#18777=CARTESIAN_POINT('',(1.07,3.34999999888241,-1.3));
#18778=CARTESIAN_POINT('',(1.07,4.14999999888241,-1.3));
#18779=CARTESIAN_POINT('',(1.47,3.74999999888241,-1.3));
#18780=CARTESIAN_POINT('',(1.6875,3.74999999888241,-1.3));
#18781=CARTESIAN_POINT('',(1.47,3.34999999888241,-1.3));
#18782=CARTESIAN_POINT('',(1.47,3.94999999888241,-1.3));
#18783=CARTESIAN_POINT('',(1.4875,3.34999999888241,-1.3));
#18784=CARTESIAN_POINT('Origin',(1.905,4.54999999888241,-1.1));
#18785=CARTESIAN_POINT('',(1.905,4.54999999888241,-1.1));
#18786=CARTESIAN_POINT('',(1.905,4.54999999888241,-1.1));
#18787=CARTESIAN_POINT('',(0.635,4.54999999888241,-1.1));
#18788=CARTESIAN_POINT('',(1.5875,4.54999999888241,-1.1));
#18789=CARTESIAN_POINT('',(0.635,4.54999999888241,-1.1));
#18790=CARTESIAN_POINT('Origin',(1.905,2.54999999888241,-1.3));
#18791=CARTESIAN_POINT('',(1.905,2.54999999888241,-1.1));
#18792=CARTESIAN_POINT('',(1.905,2.54999999888241,-1.2));
#18793=CARTESIAN_POINT('',(0.635,2.54999999888241,-1.1));
#18794=CARTESIAN_POINT('',(0.635,2.54999999888241,-1.2));
#18795=CARTESIAN_POINT('',(1.5875,2.54999999888241,-1.1));
#18796=CARTESIAN_POINT('Origin',(0.635,2.34999999888241,-1.1));
#18797=CARTESIAN_POINT('',(0.635,4.64999999888241,-1.1));
#18798=CARTESIAN_POINT('',(0.635,4.74999999888241,-1.1));
#18799=CARTESIAN_POINT('',(0.635,4.64999999888241,-2.6));
#18800=CARTESIAN_POINT('',(0.635,4.64999999888241,-1.1));
#18801=CARTESIAN_POINT('',(0.635,2.44999999888241,-2.6));
#18802=CARTESIAN_POINT('',(0.635,4.74999999888241,-2.6));
#18803=CARTESIAN_POINT('',(0.635,2.44999999888241,-1.1));
#18804=CARTESIAN_POINT('',(0.635,2.44999999888241,-1.1));
#18805=CARTESIAN_POINT('',(0.635,4.74999999888241,-1.1));
#18806=CARTESIAN_POINT('Origin',(1.27,3.54999999888241,-1.1));
#18807=CARTESIAN_POINT('',(1.905,4.64999999888241,-1.1));
#18808=CARTESIAN_POINT('',(1.905,2.34999999888241,-1.1));
#18809=CARTESIAN_POINT('',(1.805,4.74999999888241,-1.1));
#18810=CARTESIAN_POINT('',(1.99625,4.55874999888241,-1.1));
#18811=CARTESIAN_POINT('',(0.735,4.74999999888241,-1.1));
#18812=CARTESIAN_POINT('',(1.905,4.74999999888241,-1.1));
#18813=CARTESIAN_POINT('',(0.54375,4.55874999888241,-1.1));
#18814=CARTESIAN_POINT('Origin',(1.47,3.34999999888241,-1.1));
#18815=CARTESIAN_POINT('',(1.47,3.74999999888241,-2.6));
#18816=CARTESIAN_POINT('',(1.47,3.74999999888241,-1.1));
#18817=CARTESIAN_POINT('',(1.47,3.34999999888241,-2.6));
#18818=CARTESIAN_POINT('',(1.47,3.74999999888241,-2.6));
#18819=CARTESIAN_POINT('',(1.47,3.34999999888241,-1.1));
#18820=CARTESIAN_POINT('Origin',(1.47,3.74999999888241,-1.1));
#18821=CARTESIAN_POINT('',(1.07,3.74999999888241,-2.6));
#18822=CARTESIAN_POINT('',(1.07,3.74999999888241,-1.1));
#18823=CARTESIAN_POINT('',(1.07,3.74999999888241,-2.6));
#18824=CARTESIAN_POINT('Origin',(0.685,2.39999999888241,-1.1));
#18825=CARTESIAN_POINT('',(0.735,2.34999999888241,-2.6));
#18826=CARTESIAN_POINT('',(0.54375,2.54124999888241,-2.6));
#18827=CARTESIAN_POINT('',(0.735,2.34999999888241,-1.1));
#18828=CARTESIAN_POINT('',(0.735,2.34999999888241,-1.1));
#18829=CARTESIAN_POINT('',(0.54375,2.54124999888241,-1.1));
#18830=CARTESIAN_POINT('Origin',(1.27,3.54999999888241,-1.1));
#18831=CARTESIAN_POINT('',(1.805,2.34999999888241,-1.1));
#18832=CARTESIAN_POINT('',(0.635,2.34999999888241,-1.1));
#18833=CARTESIAN_POINT('',(1.905,2.44999999888241,-1.1));
#18834=CARTESIAN_POINT('',(1.99625,2.54124999888241,-1.1));
#18835=CARTESIAN_POINT('',(1.905,2.34999999888241,-1.1));
#18836=CARTESIAN_POINT('Origin',(1.855,2.39999999888241,-1.1));
#18837=CARTESIAN_POINT('',(1.805,2.34999999888241,-2.6));
#18838=CARTESIAN_POINT('',(1.905,2.44999999888241,-2.6));
#18839=CARTESIAN_POINT('',(1.99625,2.54124999888241,-2.6));
#18840=CARTESIAN_POINT('',(1.905,2.44999999888241,-1.1));
#18841=CARTESIAN_POINT('',(1.805,2.34999999888241,-1.1));
#18842=CARTESIAN_POINT('Origin',(1.905,4.74999999888241,-1.1));
#18843=CARTESIAN_POINT('',(1.905,4.64999999888241,-2.6));
#18844=CARTESIAN_POINT('',(1.905,2.34999999888241,-2.6));
#18845=CARTESIAN_POINT('',(1.905,4.64999999888241,-1.1));
#18846=CARTESIAN_POINT('Origin',(1.855,4.69999999888241,-1.1));
#18847=CARTESIAN_POINT('',(1.805,4.74999999888241,-2.6));
#18848=CARTESIAN_POINT('',(1.99625,4.55874999888241,-2.6));
#18849=CARTESIAN_POINT('',(1.805,4.74999999888241,-1.1));
#18850=CARTESIAN_POINT('Origin',(0.685,4.69999999888241,-1.1));
#18851=CARTESIAN_POINT('',(0.735,4.74999999888241,-2.6));
#18852=CARTESIAN_POINT('',(0.54375,4.55874999888241,-2.6));
#18853=CARTESIAN_POINT('',(0.735,4.74999999888241,-1.1));
#18854=CARTESIAN_POINT('Origin',(1.07,3.74999999888241,-1.1));
#18855=CARTESIAN_POINT('',(1.07,3.34999999888241,-2.6));
#18856=CARTESIAN_POINT('',(1.07,3.34999999888241,-1.1));
#18857=CARTESIAN_POINT('',(1.07,3.34999999888241,-2.6));
#18858=CARTESIAN_POINT('Origin',(1.07,3.34999999888241,-1.1));
#18859=CARTESIAN_POINT('',(1.47,3.34999999888241,-2.6));
#18860=CARTESIAN_POINT('Origin',(0.635,4.74999999888241,-1.1));
#18861=CARTESIAN_POINT('',(1.905,4.74999999888241,-2.6));
#18862=CARTESIAN_POINT('Origin',(1.905,2.34999999888241,-1.1));
#18863=CARTESIAN_POINT('',(0.635,2.34999999888241,-2.6));
#18864=CARTESIAN_POINT('Origin',(1.27,3.54999999888241,-2.6));
#18865=CARTESIAN_POINT('Origin',(3.175,4.54999999888241,-1.3));
#18866=CARTESIAN_POINT('',(3.175,4.54999999888241,-1.3));
#18867=CARTESIAN_POINT('',(3.175,2.54999999888241,-1.3));
#18868=CARTESIAN_POINT('',(3.175,4.64999999888241,-1.3));
#18869=CARTESIAN_POINT('',(1.905,4.54999999888241,-1.3));
#18870=CARTESIAN_POINT('',(3.175,4.54999999888241,-1.3));
#18871=CARTESIAN_POINT('',(1.905,2.54999999888241,-1.3));
#18872=CARTESIAN_POINT('',(1.905,3.44999999888241,-1.3));
#18873=CARTESIAN_POINT('',(3.175,2.54999999888241,-1.3));
#18874=CARTESIAN_POINT('',(2.34,3.74999999888241,-1.3));
#18875=CARTESIAN_POINT('',(2.34,3.34999999888241,-1.3));
#18876=CARTESIAN_POINT('',(2.34,4.14999999888241,-1.3));
#18877=CARTESIAN_POINT('',(2.74,3.74999999888241,-1.3));
#18878=CARTESIAN_POINT('',(2.9575,3.74999999888241,-1.3));
#18879=CARTESIAN_POINT('',(2.74,3.34999999888241,-1.3));
#18880=CARTESIAN_POINT('',(2.74,3.94999999888241,-1.3));
#18881=CARTESIAN_POINT('',(2.7575,3.34999999888241,-1.3));
#18882=CARTESIAN_POINT('Origin',(3.175,4.54999999888241,-1.1));
#18883=CARTESIAN_POINT('',(3.175,4.54999999888241,-1.1));
#18884=CARTESIAN_POINT('',(3.175,4.54999999888241,-1.1));
#18885=CARTESIAN_POINT('',(1.905,4.54999999888241,-1.1));
#18886=CARTESIAN_POINT('',(2.8575,4.54999999888241,-1.1));
#18887=CARTESIAN_POINT('',(1.905,4.54999999888241,-1.1));
#18888=CARTESIAN_POINT('Origin',(3.175,2.54999999888241,-1.3));
#18889=CARTESIAN_POINT('',(3.175,2.54999999888241,-1.1));
#18890=CARTESIAN_POINT('',(3.175,2.54999999888241,-1.2));
#18891=CARTESIAN_POINT('',(1.905,2.54999999888241,-1.1));
#18892=CARTESIAN_POINT('',(1.905,2.54999999888241,-1.2));
#18893=CARTESIAN_POINT('',(2.8575,2.54999999888241,-1.1));
#18894=CARTESIAN_POINT('Origin',(1.905,2.34999999888241,-1.1));
#18895=CARTESIAN_POINT('',(1.905,4.64999999888241,-1.1));
#18896=CARTESIAN_POINT('',(1.905,4.74999999888241,-1.1));
#18897=CARTESIAN_POINT('',(1.905,4.64999999888241,-2.6));
#18898=CARTESIAN_POINT('',(1.905,4.64999999888241,-1.1));
#18899=CARTESIAN_POINT('',(1.905,2.44999999888241,-2.6));
#18900=CARTESIAN_POINT('',(1.905,4.74999999888241,-2.6));
#18901=CARTESIAN_POINT('',(1.905,2.44999999888241,-1.1));
#18902=CARTESIAN_POINT('',(1.905,2.44999999888241,-1.1));
#18903=CARTESIAN_POINT('',(1.905,4.74999999888241,-1.1));
#18904=CARTESIAN_POINT('Origin',(2.54,3.54999999888241,-1.1));
#18905=CARTESIAN_POINT('',(3.175,4.64999999888241,-1.1));
#18906=CARTESIAN_POINT('',(3.175,2.34999999888241,-1.1));
#18907=CARTESIAN_POINT('',(3.075,4.74999999888241,-1.1));
#18908=CARTESIAN_POINT('',(3.26625,4.55874999888241,-1.1));
#18909=CARTESIAN_POINT('',(2.005,4.74999999888241,-1.1));
#18910=CARTESIAN_POINT('',(3.175,4.74999999888241,-1.1));
#18911=CARTESIAN_POINT('',(1.81375,4.55874999888241,-1.1));
#18912=CARTESIAN_POINT('Origin',(2.74,3.34999999888241,-1.1));
#18913=CARTESIAN_POINT('',(2.74,3.74999999888241,-2.6));
#18914=CARTESIAN_POINT('',(2.74,3.74999999888241,-1.1));
#18915=CARTESIAN_POINT('',(2.74,3.34999999888241,-2.6));
#18916=CARTESIAN_POINT('',(2.74,3.74999999888241,-2.6));
#18917=CARTESIAN_POINT('',(2.74,3.34999999888241,-1.1));
#18918=CARTESIAN_POINT('Origin',(2.74,3.74999999888241,-1.1));
#18919=CARTESIAN_POINT('',(2.34,3.74999999888241,-2.6));
#18920=CARTESIAN_POINT('',(2.34,3.74999999888241,-1.1));
#18921=CARTESIAN_POINT('',(2.34,3.74999999888241,-2.6));
#18922=CARTESIAN_POINT('Origin',(1.955,2.39999999888241,-1.1));
#18923=CARTESIAN_POINT('',(2.005,2.34999999888241,-2.6));
#18924=CARTESIAN_POINT('',(1.81375,2.54124999888241,-2.6));
#18925=CARTESIAN_POINT('',(2.005,2.34999999888241,-1.1));
#18926=CARTESIAN_POINT('',(2.005,2.34999999888241,-1.1));
#18927=CARTESIAN_POINT('',(1.81375,2.54124999888241,-1.1));
#18928=CARTESIAN_POINT('Origin',(2.54,3.54999999888241,-1.1));
#18929=CARTESIAN_POINT('',(3.075,2.34999999888241,-1.1));
#18930=CARTESIAN_POINT('',(1.905,2.34999999888241,-1.1));
#18931=CARTESIAN_POINT('',(3.175,2.44999999888241,-1.1));
#18932=CARTESIAN_POINT('',(3.26625,2.54124999888241,-1.1));
#18933=CARTESIAN_POINT('',(3.175,2.34999999888241,-1.1));
#18934=CARTESIAN_POINT('Origin',(3.125,2.39999999888241,-1.1));
#18935=CARTESIAN_POINT('',(3.075,2.34999999888241,-2.6));
#18936=CARTESIAN_POINT('',(3.175,2.44999999888241,-2.6));
#18937=CARTESIAN_POINT('',(3.26625,2.54124999888241,-2.6));
#18938=CARTESIAN_POINT('',(3.175,2.44999999888241,-1.1));
#18939=CARTESIAN_POINT('',(3.075,2.34999999888241,-1.1));
#18940=CARTESIAN_POINT('Origin',(3.175,4.74999999888241,-1.1));
#18941=CARTESIAN_POINT('',(3.175,4.64999999888241,-2.6));
#18942=CARTESIAN_POINT('',(3.175,2.34999999888241,-2.6));
#18943=CARTESIAN_POINT('',(3.175,4.64999999888241,-1.1));
#18944=CARTESIAN_POINT('Origin',(3.125,4.69999999888241,-1.1));
#18945=CARTESIAN_POINT('',(3.075,4.74999999888241,-2.6));
#18946=CARTESIAN_POINT('',(3.26625,4.55874999888241,-2.6));
#18947=CARTESIAN_POINT('',(3.075,4.74999999888241,-1.1));
#18948=CARTESIAN_POINT('Origin',(1.955,4.69999999888241,-1.1));
#18949=CARTESIAN_POINT('',(2.005,4.74999999888241,-2.6));
#18950=CARTESIAN_POINT('',(1.81375,4.55874999888241,-2.6));
#18951=CARTESIAN_POINT('',(2.005,4.74999999888241,-1.1));
#18952=CARTESIAN_POINT('Origin',(2.34,3.74999999888241,-1.1));
#18953=CARTESIAN_POINT('',(2.34,3.34999999888241,-2.6));
#18954=CARTESIAN_POINT('',(2.34,3.34999999888241,-1.1));
#18955=CARTESIAN_POINT('',(2.34,3.34999999888241,-2.6));
#18956=CARTESIAN_POINT('Origin',(2.34,3.34999999888241,-1.1));
#18957=CARTESIAN_POINT('',(2.74,3.34999999888241,-2.6));
#18958=CARTESIAN_POINT('Origin',(1.905,4.74999999888241,-1.1));
#18959=CARTESIAN_POINT('',(3.175,4.74999999888241,-2.6));
#18960=CARTESIAN_POINT('Origin',(3.175,2.34999999888241,-1.1));
#18961=CARTESIAN_POINT('',(1.905,2.34999999888241,-2.6));
#18962=CARTESIAN_POINT('Origin',(2.54,3.54999999888241,-2.6));
#18963=CARTESIAN_POINT('Origin',(4.445,4.54999999888241,-1.3));
#18964=CARTESIAN_POINT('',(4.445,4.54999999888241,-1.3));
#18965=CARTESIAN_POINT('',(4.445,2.54999999888241,-1.3));
#18966=CARTESIAN_POINT('',(4.445,4.64999999888241,-1.3));
#18967=CARTESIAN_POINT('',(3.175,4.54999999888241,-1.3));
#18968=CARTESIAN_POINT('',(4.445,4.54999999888241,-1.3));
#18969=CARTESIAN_POINT('',(3.175,2.54999999888241,-1.3));
#18970=CARTESIAN_POINT('',(3.175,3.44999999888241,-1.3));
#18971=CARTESIAN_POINT('',(4.445,2.54999999888241,-1.3));
#18972=CARTESIAN_POINT('',(3.61,3.74999999888241,-1.3));
#18973=CARTESIAN_POINT('',(3.61,3.34999999888241,-1.3));
#18974=CARTESIAN_POINT('',(3.61,4.14999999888241,-1.3));
#18975=CARTESIAN_POINT('',(4.01,3.74999999888241,-1.3));
#18976=CARTESIAN_POINT('',(4.2275,3.74999999888241,-1.3));
#18977=CARTESIAN_POINT('',(4.01,3.34999999888241,-1.3));
#18978=CARTESIAN_POINT('',(4.01,3.94999999888241,-1.3));
#18979=CARTESIAN_POINT('',(4.0275,3.34999999888241,-1.3));
#18980=CARTESIAN_POINT('Origin',(4.445,4.54999999888241,-1.1));
#18981=CARTESIAN_POINT('',(4.445,4.54999999888241,-1.1));
#18982=CARTESIAN_POINT('',(4.445,4.54999999888241,-1.1));
#18983=CARTESIAN_POINT('',(3.175,4.54999999888241,-1.1));
#18984=CARTESIAN_POINT('',(4.1275,4.54999999888241,-1.1));
#18985=CARTESIAN_POINT('',(3.175,4.54999999888241,-1.1));
#18986=CARTESIAN_POINT('Origin',(4.445,2.54999999888241,-1.3));
#18987=CARTESIAN_POINT('',(4.445,2.54999999888241,-1.1));
#18988=CARTESIAN_POINT('',(4.445,2.54999999888241,-1.2));
#18989=CARTESIAN_POINT('',(3.175,2.54999999888241,-1.1));
#18990=CARTESIAN_POINT('',(3.175,2.54999999888241,-1.2));
#18991=CARTESIAN_POINT('',(4.1275,2.54999999888241,-1.1));
#18992=CARTESIAN_POINT('Origin',(3.175,2.34999999888241,-1.1));
#18993=CARTESIAN_POINT('',(3.175,4.64999999888241,-1.1));
#18994=CARTESIAN_POINT('',(3.175,4.74999999888241,-1.1));
#18995=CARTESIAN_POINT('',(3.175,4.64999999888241,-2.6));
#18996=CARTESIAN_POINT('',(3.175,4.64999999888241,-1.1));
#18997=CARTESIAN_POINT('',(3.175,2.44999999888241,-2.6));
#18998=CARTESIAN_POINT('',(3.175,4.74999999888241,-2.6));
#18999=CARTESIAN_POINT('',(3.175,2.44999999888241,-1.1));
#19000=CARTESIAN_POINT('',(3.175,2.44999999888241,-1.1));
#19001=CARTESIAN_POINT('',(3.175,4.74999999888241,-1.1));
#19002=CARTESIAN_POINT('Origin',(3.81,3.54999999888241,-1.1));
#19003=CARTESIAN_POINT('',(4.445,4.64999999888241,-1.1));
#19004=CARTESIAN_POINT('',(4.445,2.34999999888241,-1.1));
#19005=CARTESIAN_POINT('',(4.345,4.74999999888241,-1.1));
#19006=CARTESIAN_POINT('',(4.53625,4.55874999888241,-1.1));
#19007=CARTESIAN_POINT('',(3.275,4.74999999888241,-1.1));
#19008=CARTESIAN_POINT('',(4.445,4.74999999888241,-1.1));
#19009=CARTESIAN_POINT('',(3.08375,4.55874999888241,-1.1));
#19010=CARTESIAN_POINT('Origin',(4.01,3.34999999888241,-1.1));
#19011=CARTESIAN_POINT('',(4.01,3.74999999888241,-2.6));
#19012=CARTESIAN_POINT('',(4.01,3.74999999888241,-1.1));
#19013=CARTESIAN_POINT('',(4.01,3.34999999888241,-2.6));
#19014=CARTESIAN_POINT('',(4.01,3.74999999888241,-2.6));
#19015=CARTESIAN_POINT('',(4.01,3.34999999888241,-1.1));
#19016=CARTESIAN_POINT('Origin',(4.01,3.74999999888241,-1.1));
#19017=CARTESIAN_POINT('',(3.61,3.74999999888241,-2.6));
#19018=CARTESIAN_POINT('',(3.61,3.74999999888241,-1.1));
#19019=CARTESIAN_POINT('',(3.61,3.74999999888241,-2.6));
#19020=CARTESIAN_POINT('Origin',(3.225,2.39999999888241,-1.1));
#19021=CARTESIAN_POINT('',(3.275,2.34999999888241,-2.6));
#19022=CARTESIAN_POINT('',(3.08375,2.54124999888241,-2.6));
#19023=CARTESIAN_POINT('',(3.275,2.34999999888241,-1.1));
#19024=CARTESIAN_POINT('',(3.275,2.34999999888241,-1.1));
#19025=CARTESIAN_POINT('',(3.08375,2.54124999888241,-1.1));
#19026=CARTESIAN_POINT('Origin',(3.81,3.54999999888241,-1.1));
#19027=CARTESIAN_POINT('',(4.345,2.34999999888241,-1.1));
#19028=CARTESIAN_POINT('',(3.175,2.34999999888241,-1.1));
#19029=CARTESIAN_POINT('',(4.445,2.44999999888241,-1.1));
#19030=CARTESIAN_POINT('',(4.53625,2.54124999888241,-1.1));
#19031=CARTESIAN_POINT('',(4.445,2.34999999888241,-1.1));
#19032=CARTESIAN_POINT('Origin',(4.395,2.39999999888241,-1.1));
#19033=CARTESIAN_POINT('',(4.345,2.34999999888241,-2.6));
#19034=CARTESIAN_POINT('',(4.445,2.44999999888241,-2.6));
#19035=CARTESIAN_POINT('',(4.53625,2.54124999888241,-2.6));
#19036=CARTESIAN_POINT('',(4.445,2.44999999888241,-1.1));
#19037=CARTESIAN_POINT('',(4.345,2.34999999888241,-1.1));
#19038=CARTESIAN_POINT('Origin',(4.445,4.74999999888241,-1.1));
#19039=CARTESIAN_POINT('',(4.445,4.64999999888241,-2.6));
#19040=CARTESIAN_POINT('',(4.445,2.34999999888241,-2.6));
#19041=CARTESIAN_POINT('',(4.445,4.64999999888241,-1.1));
#19042=CARTESIAN_POINT('Origin',(4.395,4.69999999888241,-1.1));
#19043=CARTESIAN_POINT('',(4.345,4.74999999888241,-2.6));
#19044=CARTESIAN_POINT('',(4.53625,4.55874999888241,-2.6));
#19045=CARTESIAN_POINT('',(4.345,4.74999999888241,-1.1));
#19046=CARTESIAN_POINT('Origin',(3.225,4.69999999888241,-1.1));
#19047=CARTESIAN_POINT('',(3.275,4.74999999888241,-2.6));
#19048=CARTESIAN_POINT('',(3.08375,4.55874999888241,-2.6));
#19049=CARTESIAN_POINT('',(3.275,4.74999999888241,-1.1));
#19050=CARTESIAN_POINT('Origin',(3.61,3.74999999888241,-1.1));
#19051=CARTESIAN_POINT('',(3.61,3.34999999888241,-2.6));
#19052=CARTESIAN_POINT('',(3.61,3.34999999888241,-1.1));
#19053=CARTESIAN_POINT('',(3.61,3.34999999888241,-2.6));
#19054=CARTESIAN_POINT('Origin',(3.61,3.34999999888241,-1.1));
#19055=CARTESIAN_POINT('',(4.01,3.34999999888241,-2.6));
#19056=CARTESIAN_POINT('Origin',(3.175,4.74999999888241,-1.1));
#19057=CARTESIAN_POINT('',(4.445,4.74999999888241,-2.6));
#19058=CARTESIAN_POINT('Origin',(4.445,2.34999999888241,-1.1));
#19059=CARTESIAN_POINT('',(3.175,2.34999999888241,-2.6));
#19060=CARTESIAN_POINT('Origin',(3.81,3.54999999888241,-2.6));
#19061=CARTESIAN_POINT('Origin',(5.715,4.54999999888241,-1.3));
#19062=CARTESIAN_POINT('',(5.715,4.54999999888241,-1.3));
#19063=CARTESIAN_POINT('',(5.715,2.54999999888241,-1.3));
#19064=CARTESIAN_POINT('',(5.715,4.64999999888241,-1.3));
#19065=CARTESIAN_POINT('',(4.445,4.54999999888241,-1.3));
#19066=CARTESIAN_POINT('',(5.715,4.54999999888241,-1.3));
#19067=CARTESIAN_POINT('',(4.445,2.54999999888241,-1.3));
#19068=CARTESIAN_POINT('',(4.445,3.44999999888241,-1.3));
#19069=CARTESIAN_POINT('',(5.715,2.54999999888241,-1.3));
#19070=CARTESIAN_POINT('',(4.88,3.74999999888241,-1.3));
#19071=CARTESIAN_POINT('',(4.88,3.34999999888241,-1.3));
#19072=CARTESIAN_POINT('',(4.88,4.14999999888241,-1.3));
#19073=CARTESIAN_POINT('',(5.28,3.74999999888241,-1.3));
#19074=CARTESIAN_POINT('',(5.4975,3.74999999888241,-1.3));
#19075=CARTESIAN_POINT('',(5.28,3.34999999888241,-1.3));
#19076=CARTESIAN_POINT('',(5.28,3.94999999888241,-1.3));
#19077=CARTESIAN_POINT('',(5.2975,3.34999999888241,-1.3));
#19078=CARTESIAN_POINT('Origin',(5.715,4.54999999888241,-1.1));
#19079=CARTESIAN_POINT('',(5.715,4.54999999888241,-1.1));
#19080=CARTESIAN_POINT('',(5.715,4.54999999888241,-1.1));
#19081=CARTESIAN_POINT('',(4.445,4.54999999888241,-1.1));
#19082=CARTESIAN_POINT('',(5.3975,4.54999999888241,-1.1));
#19083=CARTESIAN_POINT('',(4.445,4.54999999888241,-1.1));
#19084=CARTESIAN_POINT('Origin',(5.715,2.54999999888241,-1.3));
#19085=CARTESIAN_POINT('',(5.715,2.54999999888241,-1.1));
#19086=CARTESIAN_POINT('',(5.715,2.54999999888241,-1.2));
#19087=CARTESIAN_POINT('',(4.445,2.54999999888241,-1.1));
#19088=CARTESIAN_POINT('',(4.445,2.54999999888241,-1.2));
#19089=CARTESIAN_POINT('',(5.3975,2.54999999888241,-1.1));
#19090=CARTESIAN_POINT('Origin',(4.445,2.34999999888241,-1.1));
#19091=CARTESIAN_POINT('',(4.445,4.64999999888241,-1.1));
#19092=CARTESIAN_POINT('',(4.445,4.74999999888241,-1.1));
#19093=CARTESIAN_POINT('',(4.445,4.64999999888241,-2.6));
#19094=CARTESIAN_POINT('',(4.445,4.64999999888241,-1.1));
#19095=CARTESIAN_POINT('',(4.445,2.44999999888241,-2.6));
#19096=CARTESIAN_POINT('',(4.445,4.74999999888241,-2.6));
#19097=CARTESIAN_POINT('',(4.445,2.44999999888241,-1.1));
#19098=CARTESIAN_POINT('',(4.445,2.44999999888241,-1.1));
#19099=CARTESIAN_POINT('',(4.445,4.74999999888241,-1.1));
#19100=CARTESIAN_POINT('Origin',(5.08,3.54999999888241,-1.1));
#19101=CARTESIAN_POINT('',(5.715,4.64999999888241,-1.1));
#19102=CARTESIAN_POINT('',(5.715,2.34999999888241,-1.1));
#19103=CARTESIAN_POINT('',(5.615,4.74999999888241,-1.1));
#19104=CARTESIAN_POINT('',(5.80625,4.55874999888241,-1.1));
#19105=CARTESIAN_POINT('',(4.545,4.74999999888241,-1.1));
#19106=CARTESIAN_POINT('',(5.715,4.74999999888241,-1.1));
#19107=CARTESIAN_POINT('',(4.35375,4.55874999888241,-1.1));
#19108=CARTESIAN_POINT('Origin',(5.28,3.34999999888241,-1.1));
#19109=CARTESIAN_POINT('',(5.28,3.74999999888241,-2.6));
#19110=CARTESIAN_POINT('',(5.28,3.74999999888241,-1.1));
#19111=CARTESIAN_POINT('',(5.28,3.34999999888241,-2.6));
#19112=CARTESIAN_POINT('',(5.28,3.74999999888241,-2.6));
#19113=CARTESIAN_POINT('',(5.28,3.34999999888241,-1.1));
#19114=CARTESIAN_POINT('Origin',(5.28,3.74999999888241,-1.1));
#19115=CARTESIAN_POINT('',(4.88,3.74999999888241,-2.6));
#19116=CARTESIAN_POINT('',(4.88,3.74999999888241,-1.1));
#19117=CARTESIAN_POINT('',(4.88,3.74999999888241,-2.6));
#19118=CARTESIAN_POINT('Origin',(4.495,2.39999999888241,-1.1));
#19119=CARTESIAN_POINT('',(4.545,2.34999999888241,-2.6));
#19120=CARTESIAN_POINT('',(4.35375,2.54124999888241,-2.6));
#19121=CARTESIAN_POINT('',(4.545,2.34999999888241,-1.1));
#19122=CARTESIAN_POINT('',(4.545,2.34999999888241,-1.1));
#19123=CARTESIAN_POINT('',(4.35375,2.54124999888241,-1.1));
#19124=CARTESIAN_POINT('Origin',(5.08,3.54999999888241,-1.1));
#19125=CARTESIAN_POINT('',(5.615,2.34999999888241,-1.1));
#19126=CARTESIAN_POINT('',(4.445,2.34999999888241,-1.1));
#19127=CARTESIAN_POINT('',(5.715,2.44999999888241,-1.1));
#19128=CARTESIAN_POINT('',(5.80625,2.54124999888241,-1.1));
#19129=CARTESIAN_POINT('',(5.715,2.34999999888241,-1.1));
#19130=CARTESIAN_POINT('Origin',(5.665,2.39999999888241,-1.1));
#19131=CARTESIAN_POINT('',(5.615,2.34999999888241,-2.6));
#19132=CARTESIAN_POINT('',(5.715,2.44999999888241,-2.6));
#19133=CARTESIAN_POINT('',(5.80625,2.54124999888241,-2.6));
#19134=CARTESIAN_POINT('',(5.715,2.44999999888241,-1.1));
#19135=CARTESIAN_POINT('',(5.615,2.34999999888241,-1.1));
#19136=CARTESIAN_POINT('Origin',(5.715,4.74999999888241,-1.1));
#19137=CARTESIAN_POINT('',(5.715,4.64999999888241,-2.6));
#19138=CARTESIAN_POINT('',(5.715,2.34999999888241,-2.6));
#19139=CARTESIAN_POINT('',(5.715,4.64999999888241,-1.1));
#19140=CARTESIAN_POINT('Origin',(5.665,4.69999999888241,-1.1));
#19141=CARTESIAN_POINT('',(5.615,4.74999999888241,-2.6));
#19142=CARTESIAN_POINT('',(5.80625,4.55874999888241,-2.6));
#19143=CARTESIAN_POINT('',(5.615,4.74999999888241,-1.1));
#19144=CARTESIAN_POINT('Origin',(4.495,4.69999999888241,-1.1));
#19145=CARTESIAN_POINT('',(4.545,4.74999999888241,-2.6));
#19146=CARTESIAN_POINT('',(4.35375,4.55874999888241,-2.6));
#19147=CARTESIAN_POINT('',(4.545,4.74999999888241,-1.1));
#19148=CARTESIAN_POINT('Origin',(4.88,3.74999999888241,-1.1));
#19149=CARTESIAN_POINT('',(4.88,3.34999999888241,-2.6));
#19150=CARTESIAN_POINT('',(4.88,3.34999999888241,-1.1));
#19151=CARTESIAN_POINT('',(4.88,3.34999999888241,-2.6));
#19152=CARTESIAN_POINT('Origin',(4.88,3.34999999888241,-1.1));
#19153=CARTESIAN_POINT('',(5.28,3.34999999888241,-2.6));
#19154=CARTESIAN_POINT('Origin',(4.445,4.74999999888241,-1.1));
#19155=CARTESIAN_POINT('',(5.715,4.74999999888241,-2.6));
#19156=CARTESIAN_POINT('Origin',(5.715,2.34999999888241,-1.1));
#19157=CARTESIAN_POINT('',(4.445,2.34999999888241,-2.6));
#19158=CARTESIAN_POINT('Origin',(5.08,3.54999999888241,-2.6));
#19159=CARTESIAN_POINT('Origin',(6.985,4.54999999888241,-1.3));
#19160=CARTESIAN_POINT('',(6.985,4.54999999888241,-1.3));
#19161=CARTESIAN_POINT('',(6.985,2.54999999888241,-1.3));
#19162=CARTESIAN_POINT('',(6.985,4.64999999888241,-1.3));
#19163=CARTESIAN_POINT('',(5.715,4.54999999888241,-1.3));
#19164=CARTESIAN_POINT('',(6.985,4.54999999888241,-1.3));
#19165=CARTESIAN_POINT('',(5.715,2.54999999888241,-1.3));
#19166=CARTESIAN_POINT('',(5.715,3.44999999888241,-1.3));
#19167=CARTESIAN_POINT('',(6.985,2.54999999888241,-1.3));
#19168=CARTESIAN_POINT('',(6.15,3.74999999888241,-1.3));
#19169=CARTESIAN_POINT('',(6.15,3.34999999888241,-1.3));
#19170=CARTESIAN_POINT('',(6.15,4.14999999888241,-1.3));
#19171=CARTESIAN_POINT('',(6.55,3.74999999888241,-1.3));
#19172=CARTESIAN_POINT('',(6.7675,3.74999999888241,-1.3));
#19173=CARTESIAN_POINT('',(6.55,3.34999999888241,-1.3));
#19174=CARTESIAN_POINT('',(6.55,3.94999999888241,-1.3));
#19175=CARTESIAN_POINT('',(6.5675,3.34999999888241,-1.3));
#19176=CARTESIAN_POINT('Origin',(6.985,4.54999999888241,-1.1));
#19177=CARTESIAN_POINT('',(6.985,4.54999999888241,-1.1));
#19178=CARTESIAN_POINT('',(6.985,4.54999999888241,-1.1));
#19179=CARTESIAN_POINT('',(5.715,4.54999999888241,-1.1));
#19180=CARTESIAN_POINT('',(6.6675,4.54999999888241,-1.1));
#19181=CARTESIAN_POINT('',(5.715,4.54999999888241,-1.1));
#19182=CARTESIAN_POINT('Origin',(6.985,2.54999999888241,-1.3));
#19183=CARTESIAN_POINT('',(6.985,2.54999999888241,-1.1));
#19184=CARTESIAN_POINT('',(6.985,2.54999999888241,-1.2));
#19185=CARTESIAN_POINT('',(5.715,2.54999999888241,-1.1));
#19186=CARTESIAN_POINT('',(5.715,2.54999999888241,-1.2));
#19187=CARTESIAN_POINT('',(6.6675,2.54999999888241,-1.1));
#19188=CARTESIAN_POINT('Origin',(5.715,2.34999999888241,-1.1));
#19189=CARTESIAN_POINT('',(5.715,4.64999999888241,-1.1));
#19190=CARTESIAN_POINT('',(5.715,4.74999999888241,-1.1));
#19191=CARTESIAN_POINT('',(5.715,4.64999999888241,-2.6));
#19192=CARTESIAN_POINT('',(5.715,4.64999999888241,-1.1));
#19193=CARTESIAN_POINT('',(5.715,2.44999999888241,-2.6));
#19194=CARTESIAN_POINT('',(5.715,4.74999999888241,-2.6));
#19195=CARTESIAN_POINT('',(5.715,2.44999999888241,-1.1));
#19196=CARTESIAN_POINT('',(5.715,2.44999999888241,-1.1));
#19197=CARTESIAN_POINT('',(5.715,4.74999999888241,-1.1));
#19198=CARTESIAN_POINT('Origin',(6.35,3.54999999888241,-1.1));
#19199=CARTESIAN_POINT('',(6.985,4.64999999888241,-1.1));
#19200=CARTESIAN_POINT('',(6.985,2.34999999888241,-1.1));
#19201=CARTESIAN_POINT('',(6.885,4.74999999888241,-1.1));
#19202=CARTESIAN_POINT('',(7.07625,4.55874999888241,-1.1));
#19203=CARTESIAN_POINT('',(5.815,4.74999999888241,-1.1));
#19204=CARTESIAN_POINT('',(6.985,4.74999999888241,-1.1));
#19205=CARTESIAN_POINT('',(5.62375,4.55874999888241,-1.1));
#19206=CARTESIAN_POINT('Origin',(6.55,3.34999999888241,-1.1));
#19207=CARTESIAN_POINT('',(6.55,3.74999999888241,-2.6));
#19208=CARTESIAN_POINT('',(6.55,3.74999999888241,-1.1));
#19209=CARTESIAN_POINT('',(6.55,3.34999999888241,-2.6));
#19210=CARTESIAN_POINT('',(6.55,3.74999999888241,-2.6));
#19211=CARTESIAN_POINT('',(6.55,3.34999999888241,-1.1));
#19212=CARTESIAN_POINT('Origin',(6.55,3.74999999888241,-1.1));
#19213=CARTESIAN_POINT('',(6.15,3.74999999888241,-2.6));
#19214=CARTESIAN_POINT('',(6.15,3.74999999888241,-1.1));
#19215=CARTESIAN_POINT('',(6.15,3.74999999888241,-2.6));
#19216=CARTESIAN_POINT('Origin',(5.765,2.39999999888241,-1.1));
#19217=CARTESIAN_POINT('',(5.815,2.34999999888241,-2.6));
#19218=CARTESIAN_POINT('',(5.62375,2.54124999888241,-2.6));
#19219=CARTESIAN_POINT('',(5.815,2.34999999888241,-1.1));
#19220=CARTESIAN_POINT('',(5.815,2.34999999888241,-1.1));
#19221=CARTESIAN_POINT('',(5.62375,2.54124999888241,-1.1));
#19222=CARTESIAN_POINT('Origin',(6.35,3.54999999888241,-1.1));
#19223=CARTESIAN_POINT('',(6.885,2.34999999888241,-1.1));
#19224=CARTESIAN_POINT('',(5.715,2.34999999888241,-1.1));
#19225=CARTESIAN_POINT('',(6.985,2.44999999888241,-1.1));
#19226=CARTESIAN_POINT('',(7.07625,2.54124999888241,-1.1));
#19227=CARTESIAN_POINT('',(6.985,2.34999999888241,-1.1));
#19228=CARTESIAN_POINT('Origin',(6.935,2.39999999888241,-1.1));
#19229=CARTESIAN_POINT('',(6.885,2.34999999888241,-2.6));
#19230=CARTESIAN_POINT('',(6.985,2.44999999888241,-2.6));
#19231=CARTESIAN_POINT('',(7.07625,2.54124999888241,-2.6));
#19232=CARTESIAN_POINT('',(6.985,2.44999999888241,-1.1));
#19233=CARTESIAN_POINT('',(6.885,2.34999999888241,-1.1));
#19234=CARTESIAN_POINT('Origin',(6.985,4.74999999888241,-1.1));
#19235=CARTESIAN_POINT('',(6.985,4.64999999888241,-2.6));
#19236=CARTESIAN_POINT('',(6.985,2.34999999888241,-2.6));
#19237=CARTESIAN_POINT('',(6.985,4.64999999888241,-1.1));
#19238=CARTESIAN_POINT('Origin',(6.935,4.69999999888241,-1.1));
#19239=CARTESIAN_POINT('',(6.885,4.74999999888241,-2.6));
#19240=CARTESIAN_POINT('',(7.07625,4.55874999888241,-2.6));
#19241=CARTESIAN_POINT('',(6.885,4.74999999888241,-1.1));
#19242=CARTESIAN_POINT('Origin',(5.765,4.69999999888241,-1.1));
#19243=CARTESIAN_POINT('',(5.815,4.74999999888241,-2.6));
#19244=CARTESIAN_POINT('',(5.62375,4.55874999888241,-2.6));
#19245=CARTESIAN_POINT('',(5.815,4.74999999888241,-1.1));
#19246=CARTESIAN_POINT('Origin',(6.15,3.74999999888241,-1.1));
#19247=CARTESIAN_POINT('',(6.15,3.34999999888241,-2.6));
#19248=CARTESIAN_POINT('',(6.15,3.34999999888241,-1.1));
#19249=CARTESIAN_POINT('',(6.15,3.34999999888241,-2.6));
#19250=CARTESIAN_POINT('Origin',(6.15,3.34999999888241,-1.1));
#19251=CARTESIAN_POINT('',(6.55,3.34999999888241,-2.6));
#19252=CARTESIAN_POINT('Origin',(5.715,4.74999999888241,-1.1));
#19253=CARTESIAN_POINT('',(6.985,4.74999999888241,-2.6));
#19254=CARTESIAN_POINT('Origin',(6.985,2.34999999888241,-1.1));
#19255=CARTESIAN_POINT('',(5.715,2.34999999888241,-2.6));
#19256=CARTESIAN_POINT('Origin',(6.35,3.54999999888241,-2.6));
#19257=CARTESIAN_POINT('Origin',(8.255,4.54999999888241,-1.3));
#19258=CARTESIAN_POINT('',(8.255,4.54999999888241,-1.3));
#19259=CARTESIAN_POINT('',(8.255,2.54999999888241,-1.3));
#19260=CARTESIAN_POINT('',(8.255,4.64999999888241,-1.3));
#19261=CARTESIAN_POINT('',(6.985,4.54999999888241,-1.3));
#19262=CARTESIAN_POINT('',(8.255,4.54999999888241,-1.3));
#19263=CARTESIAN_POINT('',(6.985,2.54999999888241,-1.3));
#19264=CARTESIAN_POINT('',(6.985,3.44999999888241,-1.3));
#19265=CARTESIAN_POINT('',(8.255,2.54999999888241,-1.3));
#19266=CARTESIAN_POINT('',(7.42,3.74999999888241,-1.3));
#19267=CARTESIAN_POINT('',(7.42,3.34999999888241,-1.3));
#19268=CARTESIAN_POINT('',(7.42,4.14999999888241,-1.3));
#19269=CARTESIAN_POINT('',(7.82,3.74999999888241,-1.3));
#19270=CARTESIAN_POINT('',(8.0375,3.74999999888241,-1.3));
#19271=CARTESIAN_POINT('',(7.82,3.34999999888241,-1.3));
#19272=CARTESIAN_POINT('',(7.82,3.94999999888241,-1.3));
#19273=CARTESIAN_POINT('',(7.8375,3.34999999888241,-1.3));
#19274=CARTESIAN_POINT('Origin',(8.255,4.54999999888241,-1.1));
#19275=CARTESIAN_POINT('',(8.255,4.54999999888241,-1.1));
#19276=CARTESIAN_POINT('',(8.255,4.54999999888241,-1.1));
#19277=CARTESIAN_POINT('',(6.985,4.54999999888241,-1.1));
#19278=CARTESIAN_POINT('',(7.9375,4.54999999888241,-1.1));
#19279=CARTESIAN_POINT('',(6.985,4.54999999888241,-1.1));
#19280=CARTESIAN_POINT('Origin',(8.255,2.54999999888241,-1.3));
#19281=CARTESIAN_POINT('',(8.255,2.54999999888241,-1.1));
#19282=CARTESIAN_POINT('',(8.255,2.54999999888241,-1.2));
#19283=CARTESIAN_POINT('',(6.985,2.54999999888241,-1.1));
#19284=CARTESIAN_POINT('',(6.985,2.54999999888241,-1.2));
#19285=CARTESIAN_POINT('',(7.9375,2.54999999888241,-1.1));
#19286=CARTESIAN_POINT('Origin',(6.985,2.34999999888241,-1.1));
#19287=CARTESIAN_POINT('',(6.985,4.64999999888241,-1.1));
#19288=CARTESIAN_POINT('',(6.985,4.74999999888241,-1.1));
#19289=CARTESIAN_POINT('',(6.985,4.64999999888241,-2.6));
#19290=CARTESIAN_POINT('',(6.985,4.64999999888241,-1.1));
#19291=CARTESIAN_POINT('',(6.985,2.44999999888241,-2.6));
#19292=CARTESIAN_POINT('',(6.985,4.74999999888241,-2.6));
#19293=CARTESIAN_POINT('',(6.985,2.44999999888241,-1.1));
#19294=CARTESIAN_POINT('',(6.985,2.44999999888241,-1.1));
#19295=CARTESIAN_POINT('',(6.985,4.74999999888241,-1.1));
#19296=CARTESIAN_POINT('Origin',(7.62,3.54999999888241,-1.1));
#19297=CARTESIAN_POINT('',(8.255,4.64999999888241,-1.1));
#19298=CARTESIAN_POINT('',(8.255,2.34999999888241,-1.1));
#19299=CARTESIAN_POINT('',(8.155,4.74999999888241,-1.1));
#19300=CARTESIAN_POINT('',(8.34625,4.55874999888241,-1.1));
#19301=CARTESIAN_POINT('',(7.085,4.74999999888241,-1.1));
#19302=CARTESIAN_POINT('',(8.255,4.74999999888241,-1.1));
#19303=CARTESIAN_POINT('',(6.89375,4.55874999888241,-1.1));
#19304=CARTESIAN_POINT('Origin',(7.82,3.34999999888241,-1.1));
#19305=CARTESIAN_POINT('',(7.82,3.74999999888241,-2.6));
#19306=CARTESIAN_POINT('',(7.82,3.74999999888241,-1.1));
#19307=CARTESIAN_POINT('',(7.82,3.34999999888241,-2.6));
#19308=CARTESIAN_POINT('',(7.82,3.74999999888241,-2.6));
#19309=CARTESIAN_POINT('',(7.82,3.34999999888241,-1.1));
#19310=CARTESIAN_POINT('Origin',(7.82,3.74999999888241,-1.1));
#19311=CARTESIAN_POINT('',(7.42,3.74999999888241,-2.6));
#19312=CARTESIAN_POINT('',(7.42,3.74999999888241,-1.1));
#19313=CARTESIAN_POINT('',(7.42,3.74999999888241,-2.6));
#19314=CARTESIAN_POINT('Origin',(7.035,2.39999999888241,-1.1));
#19315=CARTESIAN_POINT('',(7.085,2.34999999888241,-2.6));
#19316=CARTESIAN_POINT('',(6.89375,2.54124999888241,-2.6));
#19317=CARTESIAN_POINT('',(7.085,2.34999999888241,-1.1));
#19318=CARTESIAN_POINT('',(7.085,2.34999999888241,-1.1));
#19319=CARTESIAN_POINT('',(6.89375,2.54124999888241,-1.1));
#19320=CARTESIAN_POINT('Origin',(7.62,3.54999999888241,-1.1));
#19321=CARTESIAN_POINT('',(8.155,2.34999999888241,-1.1));
#19322=CARTESIAN_POINT('',(6.985,2.34999999888241,-1.1));
#19323=CARTESIAN_POINT('',(8.255,2.44999999888241,-1.1));
#19324=CARTESIAN_POINT('',(8.34625,2.54124999888241,-1.1));
#19325=CARTESIAN_POINT('',(8.255,2.34999999888241,-1.1));
#19326=CARTESIAN_POINT('Origin',(8.205,2.39999999888241,-1.1));
#19327=CARTESIAN_POINT('',(8.155,2.34999999888241,-2.6));
#19328=CARTESIAN_POINT('',(8.255,2.44999999888241,-2.6));
#19329=CARTESIAN_POINT('',(8.34625,2.54124999888241,-2.6));
#19330=CARTESIAN_POINT('',(8.255,2.44999999888241,-1.1));
#19331=CARTESIAN_POINT('',(8.155,2.34999999888241,-1.1));
#19332=CARTESIAN_POINT('Origin',(8.255,4.74999999888241,-1.1));
#19333=CARTESIAN_POINT('',(8.255,4.64999999888241,-2.6));
#19334=CARTESIAN_POINT('',(8.255,2.34999999888241,-2.6));
#19335=CARTESIAN_POINT('',(8.255,4.64999999888241,-1.1));
#19336=CARTESIAN_POINT('Origin',(8.205,4.69999999888241,-1.1));
#19337=CARTESIAN_POINT('',(8.155,4.74999999888241,-2.6));
#19338=CARTESIAN_POINT('',(8.34625,4.55874999888241,-2.6));
#19339=CARTESIAN_POINT('',(8.155,4.74999999888241,-1.1));
#19340=CARTESIAN_POINT('Origin',(7.035,4.69999999888241,-1.1));
#19341=CARTESIAN_POINT('',(7.085,4.74999999888241,-2.6));
#19342=CARTESIAN_POINT('',(6.89375,4.55874999888241,-2.6));
#19343=CARTESIAN_POINT('',(7.085,4.74999999888241,-1.1));
#19344=CARTESIAN_POINT('Origin',(7.42,3.74999999888241,-1.1));
#19345=CARTESIAN_POINT('',(7.42,3.34999999888241,-2.6));
#19346=CARTESIAN_POINT('',(7.42,3.34999999888241,-1.1));
#19347=CARTESIAN_POINT('',(7.42,3.34999999888241,-2.6));
#19348=CARTESIAN_POINT('Origin',(7.42,3.34999999888241,-1.1));
#19349=CARTESIAN_POINT('',(7.82,3.34999999888241,-2.6));
#19350=CARTESIAN_POINT('Origin',(6.985,4.74999999888241,-1.1));
#19351=CARTESIAN_POINT('',(8.255,4.74999999888241,-2.6));
#19352=CARTESIAN_POINT('Origin',(8.255,2.34999999888241,-1.1));
#19353=CARTESIAN_POINT('',(6.985,2.34999999888241,-2.6));
#19354=CARTESIAN_POINT('Origin',(7.62,3.54999999888241,-2.6));
#19355=CARTESIAN_POINT('Origin',(9.525,4.54999999888241,-1.3));
#19356=CARTESIAN_POINT('',(9.525,4.54999999888241,-1.3));
#19357=CARTESIAN_POINT('',(9.525,2.54999999888241,-1.3));
#19358=CARTESIAN_POINT('',(9.525,4.64999999888241,-1.3));
#19359=CARTESIAN_POINT('',(8.255,4.54999999888241,-1.3));
#19360=CARTESIAN_POINT('',(9.525,4.54999999888241,-1.3));
#19361=CARTESIAN_POINT('',(8.255,2.54999999888241,-1.3));
#19362=CARTESIAN_POINT('',(8.255,3.44999999888241,-1.3));
#19363=CARTESIAN_POINT('',(9.525,2.54999999888241,-1.3));
#19364=CARTESIAN_POINT('',(8.69,3.74999999888241,-1.3));
#19365=CARTESIAN_POINT('',(8.69,3.34999999888241,-1.3));
#19366=CARTESIAN_POINT('',(8.69,4.14999999888241,-1.3));
#19367=CARTESIAN_POINT('',(9.09,3.74999999888241,-1.3));
#19368=CARTESIAN_POINT('',(9.3075,3.74999999888241,-1.3));
#19369=CARTESIAN_POINT('',(9.09,3.34999999888241,-1.3));
#19370=CARTESIAN_POINT('',(9.09,3.94999999888241,-1.3));
#19371=CARTESIAN_POINT('',(9.1075,3.34999999888241,-1.3));
#19372=CARTESIAN_POINT('Origin',(9.525,4.54999999888241,-1.1));
#19373=CARTESIAN_POINT('',(9.525,4.54999999888241,-1.1));
#19374=CARTESIAN_POINT('',(9.525,4.54999999888241,-1.1));
#19375=CARTESIAN_POINT('',(8.255,4.54999999888241,-1.1));
#19376=CARTESIAN_POINT('',(9.2075,4.54999999888241,-1.1));
#19377=CARTESIAN_POINT('',(8.255,4.54999999888241,-1.1));
#19378=CARTESIAN_POINT('Origin',(9.525,2.54999999888241,-1.3));
#19379=CARTESIAN_POINT('',(9.525,2.54999999888241,-1.1));
#19380=CARTESIAN_POINT('',(9.525,2.54999999888241,-1.2));
#19381=CARTESIAN_POINT('',(8.255,2.54999999888241,-1.1));
#19382=CARTESIAN_POINT('',(8.255,2.54999999888241,-1.2));
#19383=CARTESIAN_POINT('',(9.2075,2.54999999888241,-1.1));
#19384=CARTESIAN_POINT('Origin',(8.255,2.34999999888241,-1.1));
#19385=CARTESIAN_POINT('',(8.255,4.64999999888241,-1.1));
#19386=CARTESIAN_POINT('',(8.255,4.74999999888241,-1.1));
#19387=CARTESIAN_POINT('',(8.255,4.64999999888241,-2.6));
#19388=CARTESIAN_POINT('',(8.255,4.64999999888241,-1.1));
#19389=CARTESIAN_POINT('',(8.255,2.44999999888241,-2.6));
#19390=CARTESIAN_POINT('',(8.255,4.74999999888241,-2.6));
#19391=CARTESIAN_POINT('',(8.255,2.44999999888241,-1.1));
#19392=CARTESIAN_POINT('',(8.255,2.44999999888241,-1.1));
#19393=CARTESIAN_POINT('',(8.255,4.74999999888241,-1.1));
#19394=CARTESIAN_POINT('Origin',(8.89,3.54999999888241,-1.1));
#19395=CARTESIAN_POINT('',(9.525,4.64999999888241,-1.1));
#19396=CARTESIAN_POINT('',(9.525,2.34999999888241,-1.1));
#19397=CARTESIAN_POINT('',(9.425,4.74999999888241,-1.1));
#19398=CARTESIAN_POINT('',(9.61625,4.55874999888241,-1.1));
#19399=CARTESIAN_POINT('',(8.355,4.74999999888241,-1.1));
#19400=CARTESIAN_POINT('',(9.525,4.74999999888241,-1.1));
#19401=CARTESIAN_POINT('',(8.16375,4.55874999888241,-1.1));
#19402=CARTESIAN_POINT('Origin',(9.09,3.34999999888241,-1.1));
#19403=CARTESIAN_POINT('',(9.09,3.74999999888241,-2.6));
#19404=CARTESIAN_POINT('',(9.09,3.74999999888241,-1.1));
#19405=CARTESIAN_POINT('',(9.09,3.34999999888241,-2.6));
#19406=CARTESIAN_POINT('',(9.09,3.74999999888241,-2.6));
#19407=CARTESIAN_POINT('',(9.09,3.34999999888241,-1.1));
#19408=CARTESIAN_POINT('Origin',(9.09,3.74999999888241,-1.1));
#19409=CARTESIAN_POINT('',(8.69,3.74999999888241,-2.6));
#19410=CARTESIAN_POINT('',(8.69,3.74999999888241,-1.1));
#19411=CARTESIAN_POINT('',(8.69,3.74999999888241,-2.6));
#19412=CARTESIAN_POINT('Origin',(8.305,2.39999999888241,-1.1));
#19413=CARTESIAN_POINT('',(8.355,2.34999999888241,-2.6));
#19414=CARTESIAN_POINT('',(8.16375,2.54124999888241,-2.6));
#19415=CARTESIAN_POINT('',(8.355,2.34999999888241,-1.1));
#19416=CARTESIAN_POINT('',(8.355,2.34999999888241,-1.1));
#19417=CARTESIAN_POINT('',(8.16375,2.54124999888241,-1.1));
#19418=CARTESIAN_POINT('Origin',(8.89,3.54999999888241,-1.1));
#19419=CARTESIAN_POINT('',(9.425,2.34999999888241,-1.1));
#19420=CARTESIAN_POINT('',(8.255,2.34999999888241,-1.1));
#19421=CARTESIAN_POINT('',(9.525,2.44999999888241,-1.1));
#19422=CARTESIAN_POINT('',(9.61625,2.54124999888241,-1.1));
#19423=CARTESIAN_POINT('',(9.525,2.34999999888241,-1.1));
#19424=CARTESIAN_POINT('Origin',(9.475,2.39999999888241,-1.1));
#19425=CARTESIAN_POINT('',(9.425,2.34999999888241,-2.6));
#19426=CARTESIAN_POINT('',(9.525,2.44999999888241,-2.6));
#19427=CARTESIAN_POINT('',(9.61625,2.54124999888241,-2.6));
#19428=CARTESIAN_POINT('',(9.525,2.44999999888241,-1.1));
#19429=CARTESIAN_POINT('',(9.425,2.34999999888241,-1.1));
#19430=CARTESIAN_POINT('Origin',(9.525,4.74999999888241,-1.1));
#19431=CARTESIAN_POINT('',(9.525,4.64999999888241,-2.6));
#19432=CARTESIAN_POINT('',(9.525,2.34999999888241,-2.6));
#19433=CARTESIAN_POINT('',(9.525,4.64999999888241,-1.1));
#19434=CARTESIAN_POINT('Origin',(9.475,4.69999999888241,-1.1));
#19435=CARTESIAN_POINT('',(9.425,4.74999999888241,-2.6));
#19436=CARTESIAN_POINT('',(9.61625,4.55874999888241,-2.6));
#19437=CARTESIAN_POINT('',(9.425,4.74999999888241,-1.1));
#19438=CARTESIAN_POINT('Origin',(8.305,4.69999999888241,-1.1));
#19439=CARTESIAN_POINT('',(8.355,4.74999999888241,-2.6));
#19440=CARTESIAN_POINT('',(8.16375,4.55874999888241,-2.6));
#19441=CARTESIAN_POINT('',(8.355,4.74999999888241,-1.1));
#19442=CARTESIAN_POINT('Origin',(8.69,3.74999999888241,-1.1));
#19443=CARTESIAN_POINT('',(8.69,3.34999999888241,-2.6));
#19444=CARTESIAN_POINT('',(8.69,3.34999999888241,-1.1));
#19445=CARTESIAN_POINT('',(8.69,3.34999999888241,-2.6));
#19446=CARTESIAN_POINT('Origin',(8.69,3.34999999888241,-1.1));
#19447=CARTESIAN_POINT('',(9.09,3.34999999888241,-2.6));
#19448=CARTESIAN_POINT('Origin',(8.255,4.74999999888241,-1.1));
#19449=CARTESIAN_POINT('',(9.525,4.74999999888241,-2.6));
#19450=CARTESIAN_POINT('Origin',(9.525,2.34999999888241,-1.1));
#19451=CARTESIAN_POINT('',(8.255,2.34999999888241,-2.6));
#19452=CARTESIAN_POINT('Origin',(8.89,3.54999999888241,-2.6));
#19453=CARTESIAN_POINT('Origin',(10.795,4.54999999888241,-1.3));
#19454=CARTESIAN_POINT('',(10.795,4.54999999888241,-1.3));
#19455=CARTESIAN_POINT('',(10.795,2.54999999888241,-1.3));
#19456=CARTESIAN_POINT('',(10.795,4.64999999888241,-1.3));
#19457=CARTESIAN_POINT('',(9.525,4.54999999888241,-1.3));
#19458=CARTESIAN_POINT('',(10.795,4.54999999888241,-1.3));
#19459=CARTESIAN_POINT('',(9.525,2.54999999888241,-1.3));
#19460=CARTESIAN_POINT('',(9.525,3.44999999888241,-1.3));
#19461=CARTESIAN_POINT('',(10.795,2.54999999888241,-1.3));
#19462=CARTESIAN_POINT('',(9.96,3.74999999888241,-1.3));
#19463=CARTESIAN_POINT('',(9.96,3.34999999888241,-1.3));
#19464=CARTESIAN_POINT('',(9.96,4.14999999888241,-1.3));
#19465=CARTESIAN_POINT('',(10.36,3.74999999888241,-1.3));
#19466=CARTESIAN_POINT('',(10.5775,3.74999999888241,-1.3));
#19467=CARTESIAN_POINT('',(10.36,3.34999999888241,-1.3));
#19468=CARTESIAN_POINT('',(10.36,3.94999999888241,-1.3));
#19469=CARTESIAN_POINT('',(10.3775,3.34999999888241,-1.3));
#19470=CARTESIAN_POINT('Origin',(10.795,4.54999999888241,-1.1));
#19471=CARTESIAN_POINT('',(10.795,4.54999999888241,-1.1));
#19472=CARTESIAN_POINT('',(10.795,4.54999999888241,-1.1));
#19473=CARTESIAN_POINT('',(9.525,4.54999999888241,-1.1));
#19474=CARTESIAN_POINT('',(10.4775,4.54999999888241,-1.1));
#19475=CARTESIAN_POINT('',(9.525,4.54999999888241,-1.1));
#19476=CARTESIAN_POINT('Origin',(10.795,2.54999999888241,-1.3));
#19477=CARTESIAN_POINT('',(10.795,2.54999999888241,-1.1));
#19478=CARTESIAN_POINT('',(10.795,2.54999999888241,-1.2));
#19479=CARTESIAN_POINT('',(9.525,2.54999999888241,-1.1));
#19480=CARTESIAN_POINT('',(9.525,2.54999999888241,-1.2));
#19481=CARTESIAN_POINT('',(10.4775,2.54999999888241,-1.1));
#19482=CARTESIAN_POINT('Origin',(9.525,2.34999999888241,-1.1));
#19483=CARTESIAN_POINT('',(9.525,4.64999999888241,-1.1));
#19484=CARTESIAN_POINT('',(9.525,4.74999999888241,-1.1));
#19485=CARTESIAN_POINT('',(9.525,4.64999999888241,-2.6));
#19486=CARTESIAN_POINT('',(9.525,4.64999999888241,-1.1));
#19487=CARTESIAN_POINT('',(9.525,2.44999999888241,-2.6));
#19488=CARTESIAN_POINT('',(9.525,4.74999999888241,-2.6));
#19489=CARTESIAN_POINT('',(9.525,2.44999999888241,-1.1));
#19490=CARTESIAN_POINT('',(9.525,2.44999999888241,-1.1));
#19491=CARTESIAN_POINT('',(9.525,4.74999999888241,-1.1));
#19492=CARTESIAN_POINT('Origin',(10.16,3.54999999888241,-1.1));
#19493=CARTESIAN_POINT('',(10.795,4.64999999888241,-1.1));
#19494=CARTESIAN_POINT('',(10.795,2.34999999888241,-1.1));
#19495=CARTESIAN_POINT('',(10.695,4.74999999888241,-1.1));
#19496=CARTESIAN_POINT('',(10.88625,4.55874999888241,-1.1));
#19497=CARTESIAN_POINT('',(9.625,4.74999999888241,-1.1));
#19498=CARTESIAN_POINT('',(10.795,4.74999999888241,-1.1));
#19499=CARTESIAN_POINT('',(9.43375,4.55874999888241,-1.1));
#19500=CARTESIAN_POINT('Origin',(10.36,3.34999999888241,-1.1));
#19501=CARTESIAN_POINT('',(10.36,3.74999999888241,-2.6));
#19502=CARTESIAN_POINT('',(10.36,3.74999999888241,-1.1));
#19503=CARTESIAN_POINT('',(10.36,3.34999999888241,-2.6));
#19504=CARTESIAN_POINT('',(10.36,3.74999999888241,-2.6));
#19505=CARTESIAN_POINT('',(10.36,3.34999999888241,-1.1));
#19506=CARTESIAN_POINT('Origin',(10.36,3.74999999888241,-1.1));
#19507=CARTESIAN_POINT('',(9.96,3.74999999888241,-2.6));
#19508=CARTESIAN_POINT('',(9.96,3.74999999888241,-1.1));
#19509=CARTESIAN_POINT('',(9.96,3.74999999888241,-2.6));
#19510=CARTESIAN_POINT('Origin',(9.575,2.39999999888241,-1.1));
#19511=CARTESIAN_POINT('',(9.625,2.34999999888241,-2.6));
#19512=CARTESIAN_POINT('',(9.43375,2.54124999888241,-2.6));
#19513=CARTESIAN_POINT('',(9.625,2.34999999888241,-1.1));
#19514=CARTESIAN_POINT('',(9.625,2.34999999888241,-1.1));
#19515=CARTESIAN_POINT('',(9.43375,2.54124999888241,-1.1));
#19516=CARTESIAN_POINT('Origin',(10.16,3.54999999888241,-1.1));
#19517=CARTESIAN_POINT('',(10.695,2.34999999888241,-1.1));
#19518=CARTESIAN_POINT('',(9.525,2.34999999888241,-1.1));
#19519=CARTESIAN_POINT('',(10.795,2.44999999888241,-1.1));
#19520=CARTESIAN_POINT('',(10.88625,2.54124999888241,-1.1));
#19521=CARTESIAN_POINT('',(10.795,2.34999999888241,-1.1));
#19522=CARTESIAN_POINT('Origin',(10.745,2.39999999888241,-1.1));
#19523=CARTESIAN_POINT('',(10.695,2.34999999888241,-2.6));
#19524=CARTESIAN_POINT('',(10.795,2.44999999888241,-2.6));
#19525=CARTESIAN_POINT('',(10.88625,2.54124999888241,-2.6));
#19526=CARTESIAN_POINT('',(10.795,2.44999999888241,-1.1));
#19527=CARTESIAN_POINT('',(10.695,2.34999999888241,-1.1));
#19528=CARTESIAN_POINT('Origin',(10.795,4.74999999888241,-1.1));
#19529=CARTESIAN_POINT('',(10.795,4.64999999888241,-2.6));
#19530=CARTESIAN_POINT('',(10.795,2.34999999888241,-2.6));
#19531=CARTESIAN_POINT('',(10.795,4.64999999888241,-1.1));
#19532=CARTESIAN_POINT('Origin',(10.745,4.69999999888241,-1.1));
#19533=CARTESIAN_POINT('',(10.695,4.74999999888241,-2.6));
#19534=CARTESIAN_POINT('',(10.88625,4.55874999888241,-2.6));
#19535=CARTESIAN_POINT('',(10.695,4.74999999888241,-1.1));
#19536=CARTESIAN_POINT('Origin',(9.575,4.69999999888241,-1.1));
#19537=CARTESIAN_POINT('',(9.625,4.74999999888241,-2.6));
#19538=CARTESIAN_POINT('',(9.43375,4.55874999888241,-2.6));
#19539=CARTESIAN_POINT('',(9.625,4.74999999888241,-1.1));
#19540=CARTESIAN_POINT('Origin',(9.96,3.74999999888241,-1.1));
#19541=CARTESIAN_POINT('',(9.96,3.34999999888241,-2.6));
#19542=CARTESIAN_POINT('',(9.96,3.34999999888241,-1.1));
#19543=CARTESIAN_POINT('',(9.96,3.34999999888241,-2.6));
#19544=CARTESIAN_POINT('Origin',(9.96,3.34999999888241,-1.1));
#19545=CARTESIAN_POINT('',(10.36,3.34999999888241,-2.6));
#19546=CARTESIAN_POINT('Origin',(9.525,4.74999999888241,-1.1));
#19547=CARTESIAN_POINT('',(10.795,4.74999999888241,-2.6));
#19548=CARTESIAN_POINT('Origin',(10.795,2.34999999888241,-1.1));
#19549=CARTESIAN_POINT('',(9.525,2.34999999888241,-2.6));
#19550=CARTESIAN_POINT('Origin',(10.16,3.54999999888241,-2.6));
#19551=CARTESIAN_POINT('Origin',(12.065,4.54999999888241,-1.3));
#19552=CARTESIAN_POINT('',(12.065,4.54999999888241,-1.3));
#19553=CARTESIAN_POINT('',(12.065,2.54999999888241,-1.3));
#19554=CARTESIAN_POINT('',(12.065,4.64999999888241,-1.3));
#19555=CARTESIAN_POINT('',(10.795,4.54999999888241,-1.3));
#19556=CARTESIAN_POINT('',(12.065,4.54999999888241,-1.3));
#19557=CARTESIAN_POINT('',(10.795,2.54999999888241,-1.3));
#19558=CARTESIAN_POINT('',(10.795,3.44999999888241,-1.3));
#19559=CARTESIAN_POINT('',(12.065,2.54999999888241,-1.3));
#19560=CARTESIAN_POINT('',(11.23,3.74999999888241,-1.3));
#19561=CARTESIAN_POINT('',(11.23,3.34999999888241,-1.3));
#19562=CARTESIAN_POINT('',(11.23,4.14999999888241,-1.3));
#19563=CARTESIAN_POINT('',(11.63,3.74999999888241,-1.3));
#19564=CARTESIAN_POINT('',(11.8475,3.74999999888241,-1.3));
#19565=CARTESIAN_POINT('',(11.63,3.34999999888241,-1.3));
#19566=CARTESIAN_POINT('',(11.63,3.94999999888241,-1.3));
#19567=CARTESIAN_POINT('',(11.6475,3.34999999888241,-1.3));
#19568=CARTESIAN_POINT('Origin',(12.065,4.54999999888241,-1.1));
#19569=CARTESIAN_POINT('',(12.065,4.54999999888241,-1.1));
#19570=CARTESIAN_POINT('',(12.065,4.54999999888241,-1.1));
#19571=CARTESIAN_POINT('',(10.795,4.54999999888241,-1.1));
#19572=CARTESIAN_POINT('',(11.7475,4.54999999888241,-1.1));
#19573=CARTESIAN_POINT('',(10.795,4.54999999888241,-1.1));
#19574=CARTESIAN_POINT('Origin',(12.065,2.54999999888241,-1.3));
#19575=CARTESIAN_POINT('',(12.065,2.54999999888241,-1.1));
#19576=CARTESIAN_POINT('',(12.065,2.54999999888241,-1.2));
#19577=CARTESIAN_POINT('',(10.795,2.54999999888241,-1.1));
#19578=CARTESIAN_POINT('',(10.795,2.54999999888241,-1.2));
#19579=CARTESIAN_POINT('',(11.7475,2.54999999888241,-1.1));
#19580=CARTESIAN_POINT('Origin',(10.795,2.34999999888241,-1.1));
#19581=CARTESIAN_POINT('',(10.795,4.64999999888241,-1.1));
#19582=CARTESIAN_POINT('',(10.795,4.74999999888241,-1.1));
#19583=CARTESIAN_POINT('',(10.795,4.64999999888241,-2.6));
#19584=CARTESIAN_POINT('',(10.795,4.64999999888241,-1.1));
#19585=CARTESIAN_POINT('',(10.795,2.44999999888241,-2.6));
#19586=CARTESIAN_POINT('',(10.795,4.74999999888241,-2.6));
#19587=CARTESIAN_POINT('',(10.795,2.44999999888241,-1.1));
#19588=CARTESIAN_POINT('',(10.795,2.44999999888241,-1.1));
#19589=CARTESIAN_POINT('',(10.795,4.74999999888241,-1.1));
#19590=CARTESIAN_POINT('Origin',(11.43,3.54999999888241,-1.1));
#19591=CARTESIAN_POINT('',(12.065,4.64999999888241,-1.1));
#19592=CARTESIAN_POINT('',(12.065,2.34999999888241,-1.1));
#19593=CARTESIAN_POINT('',(11.965,4.74999999888241,-1.1));
#19594=CARTESIAN_POINT('',(12.15625,4.55874999888241,-1.1));
#19595=CARTESIAN_POINT('',(10.895,4.74999999888241,-1.1));
#19596=CARTESIAN_POINT('',(12.065,4.74999999888241,-1.1));
#19597=CARTESIAN_POINT('',(10.70375,4.55874999888241,-1.1));
#19598=CARTESIAN_POINT('Origin',(11.63,3.34999999888241,-1.1));
#19599=CARTESIAN_POINT('',(11.63,3.74999999888241,-2.6));
#19600=CARTESIAN_POINT('',(11.63,3.74999999888241,-1.1));
#19601=CARTESIAN_POINT('',(11.63,3.34999999888241,-2.6));
#19602=CARTESIAN_POINT('',(11.63,3.74999999888241,-2.6));
#19603=CARTESIAN_POINT('',(11.63,3.34999999888241,-1.1));
#19604=CARTESIAN_POINT('Origin',(11.63,3.74999999888241,-1.1));
#19605=CARTESIAN_POINT('',(11.23,3.74999999888241,-2.6));
#19606=CARTESIAN_POINT('',(11.23,3.74999999888241,-1.1));
#19607=CARTESIAN_POINT('',(11.23,3.74999999888241,-2.6));
#19608=CARTESIAN_POINT('Origin',(10.845,2.39999999888241,-1.1));
#19609=CARTESIAN_POINT('',(10.895,2.34999999888241,-2.6));
#19610=CARTESIAN_POINT('',(10.70375,2.54124999888241,-2.6));
#19611=CARTESIAN_POINT('',(10.895,2.34999999888241,-1.1));
#19612=CARTESIAN_POINT('',(10.895,2.34999999888241,-1.1));
#19613=CARTESIAN_POINT('',(10.70375,2.54124999888241,-1.1));
#19614=CARTESIAN_POINT('Origin',(11.43,3.54999999888241,-1.1));
#19615=CARTESIAN_POINT('',(11.965,2.34999999888241,-1.1));
#19616=CARTESIAN_POINT('',(10.795,2.34999999888241,-1.1));
#19617=CARTESIAN_POINT('',(12.065,2.44999999888241,-1.1));
#19618=CARTESIAN_POINT('',(12.15625,2.54124999888241,-1.1));
#19619=CARTESIAN_POINT('',(12.065,2.34999999888241,-1.1));
#19620=CARTESIAN_POINT('Origin',(12.015,2.39999999888241,-1.1));
#19621=CARTESIAN_POINT('',(11.965,2.34999999888241,-2.6));
#19622=CARTESIAN_POINT('',(12.065,2.44999999888241,-2.6));
#19623=CARTESIAN_POINT('',(12.15625,2.54124999888241,-2.6));
#19624=CARTESIAN_POINT('',(12.065,2.44999999888241,-1.1));
#19625=CARTESIAN_POINT('',(11.965,2.34999999888241,-1.1));
#19626=CARTESIAN_POINT('Origin',(12.065,4.74999999888241,-1.1));
#19627=CARTESIAN_POINT('',(12.065,4.64999999888241,-2.6));
#19628=CARTESIAN_POINT('',(12.065,2.34999999888241,-2.6));
#19629=CARTESIAN_POINT('',(12.065,4.64999999888241,-1.1));
#19630=CARTESIAN_POINT('Origin',(12.015,4.69999999888241,-1.1));
#19631=CARTESIAN_POINT('',(11.965,4.74999999888241,-2.6));
#19632=CARTESIAN_POINT('',(12.15625,4.55874999888241,-2.6));
#19633=CARTESIAN_POINT('',(11.965,4.74999999888241,-1.1));
#19634=CARTESIAN_POINT('Origin',(10.845,4.69999999888241,-1.1));
#19635=CARTESIAN_POINT('',(10.895,4.74999999888241,-2.6));
#19636=CARTESIAN_POINT('',(10.70375,4.55874999888241,-2.6));
#19637=CARTESIAN_POINT('',(10.895,4.74999999888241,-1.1));
#19638=CARTESIAN_POINT('Origin',(11.23,3.74999999888241,-1.1));
#19639=CARTESIAN_POINT('',(11.23,3.34999999888241,-2.6));
#19640=CARTESIAN_POINT('',(11.23,3.34999999888241,-1.1));
#19641=CARTESIAN_POINT('',(11.23,3.34999999888241,-2.6));
#19642=CARTESIAN_POINT('Origin',(11.23,3.34999999888241,-1.1));
#19643=CARTESIAN_POINT('',(11.63,3.34999999888241,-2.6));
#19644=CARTESIAN_POINT('Origin',(10.795,4.74999999888241,-1.1));
#19645=CARTESIAN_POINT('',(12.065,4.74999999888241,-2.6));
#19646=CARTESIAN_POINT('Origin',(12.065,2.34999999888241,-1.1));
#19647=CARTESIAN_POINT('',(10.795,2.34999999888241,-2.6));
#19648=CARTESIAN_POINT('Origin',(11.43,3.54999999888241,-2.6));
#19649=CARTESIAN_POINT('Origin',(13.335,4.54999999888241,-1.3));
#19650=CARTESIAN_POINT('',(13.335,4.54999999888241,-1.3));
#19651=CARTESIAN_POINT('',(13.335,2.54999999888241,-1.3));
#19652=CARTESIAN_POINT('',(13.335,4.64999999888241,-1.3));
#19653=CARTESIAN_POINT('',(12.065,4.54999999888241,-1.3));
#19654=CARTESIAN_POINT('',(13.335,4.54999999888241,-1.3));
#19655=CARTESIAN_POINT('',(12.065,2.54999999888241,-1.3));
#19656=CARTESIAN_POINT('',(12.065,3.44999999888241,-1.3));
#19657=CARTESIAN_POINT('',(13.335,2.54999999888241,-1.3));
#19658=CARTESIAN_POINT('',(12.5,3.74999999888241,-1.3));
#19659=CARTESIAN_POINT('',(12.5,3.34999999888241,-1.3));
#19660=CARTESIAN_POINT('',(12.5,4.14999999888241,-1.3));
#19661=CARTESIAN_POINT('',(12.9,3.74999999888241,-1.3));
#19662=CARTESIAN_POINT('',(13.1175,3.74999999888241,-1.3));
#19663=CARTESIAN_POINT('',(12.9,3.34999999888241,-1.3));
#19664=CARTESIAN_POINT('',(12.9,3.94999999888241,-1.3));
#19665=CARTESIAN_POINT('',(12.9175,3.34999999888241,-1.3));
#19666=CARTESIAN_POINT('Origin',(13.335,4.54999999888241,-1.1));
#19667=CARTESIAN_POINT('',(13.335,4.54999999888241,-1.1));
#19668=CARTESIAN_POINT('',(13.335,4.54999999888241,-1.1));
#19669=CARTESIAN_POINT('',(12.065,4.54999999888241,-1.1));
#19670=CARTESIAN_POINT('',(13.0175,4.54999999888241,-1.1));
#19671=CARTESIAN_POINT('',(12.065,4.54999999888241,-1.1));
#19672=CARTESIAN_POINT('Origin',(13.335,2.54999999888241,-1.3));
#19673=CARTESIAN_POINT('',(13.335,2.54999999888241,-1.1));
#19674=CARTESIAN_POINT('',(13.335,2.54999999888241,-1.2));
#19675=CARTESIAN_POINT('',(12.065,2.54999999888241,-1.1));
#19676=CARTESIAN_POINT('',(12.065,2.54999999888241,-1.2));
#19677=CARTESIAN_POINT('',(13.0175,2.54999999888241,-1.1));
#19678=CARTESIAN_POINT('Origin',(12.065,2.34999999888241,-1.1));
#19679=CARTESIAN_POINT('',(12.065,4.64999999888241,-1.1));
#19680=CARTESIAN_POINT('',(12.065,4.74999999888241,-1.1));
#19681=CARTESIAN_POINT('',(12.065,4.64999999888241,-2.6));
#19682=CARTESIAN_POINT('',(12.065,4.64999999888241,-1.1));
#19683=CARTESIAN_POINT('',(12.065,2.44999999888241,-2.6));
#19684=CARTESIAN_POINT('',(12.065,4.74999999888241,-2.6));
#19685=CARTESIAN_POINT('',(12.065,2.44999999888241,-1.1));
#19686=CARTESIAN_POINT('',(12.065,2.44999999888241,-1.1));
#19687=CARTESIAN_POINT('',(12.065,4.74999999888241,-1.1));
#19688=CARTESIAN_POINT('Origin',(12.7,3.54999999888241,-1.1));
#19689=CARTESIAN_POINT('',(13.335,4.64999999888241,-1.1));
#19690=CARTESIAN_POINT('',(13.335,2.34999999888241,-1.1));
#19691=CARTESIAN_POINT('',(13.235,4.74999999888241,-1.1));
#19692=CARTESIAN_POINT('',(13.42625,4.55874999888241,-1.1));
#19693=CARTESIAN_POINT('',(12.165,4.74999999888241,-1.1));
#19694=CARTESIAN_POINT('',(13.335,4.74999999888241,-1.1));
#19695=CARTESIAN_POINT('',(11.97375,4.55874999888241,-1.1));
#19696=CARTESIAN_POINT('Origin',(12.9,3.34999999888241,-1.1));
#19697=CARTESIAN_POINT('',(12.9,3.74999999888241,-2.6));
#19698=CARTESIAN_POINT('',(12.9,3.74999999888241,-1.1));
#19699=CARTESIAN_POINT('',(12.9,3.34999999888241,-2.6));
#19700=CARTESIAN_POINT('',(12.9,3.74999999888241,-2.6));
#19701=CARTESIAN_POINT('',(12.9,3.34999999888241,-1.1));
#19702=CARTESIAN_POINT('Origin',(12.9,3.74999999888241,-1.1));
#19703=CARTESIAN_POINT('',(12.5,3.74999999888241,-2.6));
#19704=CARTESIAN_POINT('',(12.5,3.74999999888241,-1.1));
#19705=CARTESIAN_POINT('',(12.5,3.74999999888241,-2.6));
#19706=CARTESIAN_POINT('Origin',(12.115,2.39999999888241,-1.1));
#19707=CARTESIAN_POINT('',(12.165,2.34999999888241,-2.6));
#19708=CARTESIAN_POINT('',(11.97375,2.54124999888241,-2.6));
#19709=CARTESIAN_POINT('',(12.165,2.34999999888241,-1.1));
#19710=CARTESIAN_POINT('',(12.165,2.34999999888241,-1.1));
#19711=CARTESIAN_POINT('',(11.97375,2.54124999888241,-1.1));
#19712=CARTESIAN_POINT('Origin',(12.7,3.54999999888241,-1.1));
#19713=CARTESIAN_POINT('',(13.235,2.34999999888241,-1.1));
#19714=CARTESIAN_POINT('',(12.065,2.34999999888241,-1.1));
#19715=CARTESIAN_POINT('',(13.335,2.44999999888241,-1.1));
#19716=CARTESIAN_POINT('',(13.42625,2.54124999888241,-1.1));
#19717=CARTESIAN_POINT('',(13.335,2.34999999888241,-1.1));
#19718=CARTESIAN_POINT('Origin',(13.285,2.39999999888241,-1.1));
#19719=CARTESIAN_POINT('',(13.235,2.34999999888241,-2.6));
#19720=CARTESIAN_POINT('',(13.335,2.44999999888241,-2.6));
#19721=CARTESIAN_POINT('',(13.42625,2.54124999888241,-2.6));
#19722=CARTESIAN_POINT('',(13.335,2.44999999888241,-1.1));
#19723=CARTESIAN_POINT('',(13.235,2.34999999888241,-1.1));
#19724=CARTESIAN_POINT('Origin',(13.335,4.74999999888241,-1.1));
#19725=CARTESIAN_POINT('',(13.335,4.64999999888241,-2.6));
#19726=CARTESIAN_POINT('',(13.335,2.34999999888241,-2.6));
#19727=CARTESIAN_POINT('',(13.335,4.64999999888241,-1.1));
#19728=CARTESIAN_POINT('Origin',(13.285,4.69999999888241,-1.1));
#19729=CARTESIAN_POINT('',(13.235,4.74999999888241,-2.6));
#19730=CARTESIAN_POINT('',(13.42625,4.55874999888241,-2.6));
#19731=CARTESIAN_POINT('',(13.235,4.74999999888241,-1.1));
#19732=CARTESIAN_POINT('Origin',(12.115,4.69999999888241,-1.1));
#19733=CARTESIAN_POINT('',(12.165,4.74999999888241,-2.6));
#19734=CARTESIAN_POINT('',(11.97375,4.55874999888241,-2.6));
#19735=CARTESIAN_POINT('',(12.165,4.74999999888241,-1.1));
#19736=CARTESIAN_POINT('Origin',(12.5,3.74999999888241,-1.1));
#19737=CARTESIAN_POINT('',(12.5,3.34999999888241,-2.6));
#19738=CARTESIAN_POINT('',(12.5,3.34999999888241,-1.1));
#19739=CARTESIAN_POINT('',(12.5,3.34999999888241,-2.6));
#19740=CARTESIAN_POINT('Origin',(12.5,3.34999999888241,-1.1));
#19741=CARTESIAN_POINT('',(12.9,3.34999999888241,-2.6));
#19742=CARTESIAN_POINT('Origin',(12.065,4.74999999888241,-1.1));
#19743=CARTESIAN_POINT('',(13.335,4.74999999888241,-2.6));
#19744=CARTESIAN_POINT('Origin',(13.335,2.34999999888241,-1.1));
#19745=CARTESIAN_POINT('',(12.065,2.34999999888241,-2.6));
#19746=CARTESIAN_POINT('Origin',(12.7,3.54999999888241,-2.6));
#19747=CARTESIAN_POINT('Origin',(14.605,4.54999999888241,-1.3));
#19748=CARTESIAN_POINT('',(14.605,4.54999999888241,-1.3));
#19749=CARTESIAN_POINT('',(14.605,2.54999999888241,-1.3));
#19750=CARTESIAN_POINT('',(14.605,4.64999999888241,-1.3));
#19751=CARTESIAN_POINT('',(13.335,4.54999999888241,-1.3));
#19752=CARTESIAN_POINT('',(14.605,4.54999999888241,-1.3));
#19753=CARTESIAN_POINT('',(13.335,2.54999999888241,-1.3));
#19754=CARTESIAN_POINT('',(13.335,3.44999999888241,-1.3));
#19755=CARTESIAN_POINT('',(14.605,2.54999999888241,-1.3));
#19756=CARTESIAN_POINT('',(13.77,3.74999999888241,-1.3));
#19757=CARTESIAN_POINT('',(13.77,3.34999999888241,-1.3));
#19758=CARTESIAN_POINT('',(13.77,4.14999999888241,-1.3));
#19759=CARTESIAN_POINT('',(14.17,3.74999999888241,-1.3));
#19760=CARTESIAN_POINT('',(14.3875,3.74999999888241,-1.3));
#19761=CARTESIAN_POINT('',(14.17,3.34999999888241,-1.3));
#19762=CARTESIAN_POINT('',(14.17,3.94999999888241,-1.3));
#19763=CARTESIAN_POINT('',(14.1875,3.34999999888241,-1.3));
#19764=CARTESIAN_POINT('Origin',(14.605,4.54999999888241,-1.1));
#19765=CARTESIAN_POINT('',(14.605,4.54999999888241,-1.1));
#19766=CARTESIAN_POINT('',(14.605,4.54999999888241,-1.1));
#19767=CARTESIAN_POINT('',(13.335,4.54999999888241,-1.1));
#19768=CARTESIAN_POINT('',(14.2875,4.54999999888241,-1.1));
#19769=CARTESIAN_POINT('',(13.335,4.54999999888241,-1.1));
#19770=CARTESIAN_POINT('Origin',(14.605,2.54999999888241,-1.3));
#19771=CARTESIAN_POINT('',(14.605,2.54999999888241,-1.1));
#19772=CARTESIAN_POINT('',(14.605,2.54999999888241,-1.2));
#19773=CARTESIAN_POINT('',(13.335,2.54999999888241,-1.1));
#19774=CARTESIAN_POINT('',(13.335,2.54999999888241,-1.2));
#19775=CARTESIAN_POINT('',(14.2875,2.54999999888241,-1.1));
#19776=CARTESIAN_POINT('Origin',(13.335,2.34999999888241,-1.1));
#19777=CARTESIAN_POINT('',(13.335,4.64999999888241,-1.1));
#19778=CARTESIAN_POINT('',(13.335,4.74999999888241,-1.1));
#19779=CARTESIAN_POINT('',(13.335,4.64999999888241,-2.6));
#19780=CARTESIAN_POINT('',(13.335,4.64999999888241,-1.1));
#19781=CARTESIAN_POINT('',(13.335,2.44999999888241,-2.6));
#19782=CARTESIAN_POINT('',(13.335,4.74999999888241,-2.6));
#19783=CARTESIAN_POINT('',(13.335,2.44999999888241,-1.1));
#19784=CARTESIAN_POINT('',(13.335,2.44999999888241,-1.1));
#19785=CARTESIAN_POINT('',(13.335,4.74999999888241,-1.1));
#19786=CARTESIAN_POINT('Origin',(13.97,3.54999999888241,-1.1));
#19787=CARTESIAN_POINT('',(14.605,4.64999999888241,-1.1));
#19788=CARTESIAN_POINT('',(14.605,2.34999999888241,-1.1));
#19789=CARTESIAN_POINT('',(14.505,4.74999999888241,-1.1));
#19790=CARTESIAN_POINT('',(14.69625,4.55874999888241,-1.1));
#19791=CARTESIAN_POINT('',(13.435,4.74999999888241,-1.1));
#19792=CARTESIAN_POINT('',(14.605,4.74999999888241,-1.1));
#19793=CARTESIAN_POINT('',(13.24375,4.55874999888241,-1.1));
#19794=CARTESIAN_POINT('Origin',(14.17,3.34999999888241,-1.1));
#19795=CARTESIAN_POINT('',(14.17,3.74999999888241,-2.6));
#19796=CARTESIAN_POINT('',(14.17,3.74999999888241,-1.1));
#19797=CARTESIAN_POINT('',(14.17,3.34999999888241,-2.6));
#19798=CARTESIAN_POINT('',(14.17,3.74999999888241,-2.6));
#19799=CARTESIAN_POINT('',(14.17,3.34999999888241,-1.1));
#19800=CARTESIAN_POINT('Origin',(14.17,3.74999999888241,-1.1));
#19801=CARTESIAN_POINT('',(13.77,3.74999999888241,-2.6));
#19802=CARTESIAN_POINT('',(13.77,3.74999999888241,-1.1));
#19803=CARTESIAN_POINT('',(13.77,3.74999999888241,-2.6));
#19804=CARTESIAN_POINT('Origin',(13.385,2.39999999888241,-1.1));
#19805=CARTESIAN_POINT('',(13.435,2.34999999888241,-2.6));
#19806=CARTESIAN_POINT('',(13.24375,2.54124999888241,-2.6));
#19807=CARTESIAN_POINT('',(13.435,2.34999999888241,-1.1));
#19808=CARTESIAN_POINT('',(13.435,2.34999999888241,-1.1));
#19809=CARTESIAN_POINT('',(13.24375,2.54124999888241,-1.1));
#19810=CARTESIAN_POINT('Origin',(13.97,3.54999999888241,-1.1));
#19811=CARTESIAN_POINT('',(14.505,2.34999999888241,-1.1));
#19812=CARTESIAN_POINT('',(13.335,2.34999999888241,-1.1));
#19813=CARTESIAN_POINT('',(14.605,2.44999999888241,-1.1));
#19814=CARTESIAN_POINT('',(14.69625,2.54124999888241,-1.1));
#19815=CARTESIAN_POINT('',(14.605,2.34999999888241,-1.1));
#19816=CARTESIAN_POINT('Origin',(14.555,2.39999999888241,-1.1));
#19817=CARTESIAN_POINT('',(14.505,2.34999999888241,-2.6));
#19818=CARTESIAN_POINT('',(14.605,2.44999999888241,-2.6));
#19819=CARTESIAN_POINT('',(14.69625,2.54124999888241,-2.6));
#19820=CARTESIAN_POINT('',(14.605,2.44999999888241,-1.1));
#19821=CARTESIAN_POINT('',(14.505,2.34999999888241,-1.1));
#19822=CARTESIAN_POINT('Origin',(14.605,4.74999999888241,-1.1));
#19823=CARTESIAN_POINT('',(14.605,4.64999999888241,-2.6));
#19824=CARTESIAN_POINT('',(14.605,2.34999999888241,-2.6));
#19825=CARTESIAN_POINT('',(14.605,4.64999999888241,-1.1));
#19826=CARTESIAN_POINT('Origin',(14.555,4.69999999888241,-1.1));
#19827=CARTESIAN_POINT('',(14.505,4.74999999888241,-2.6));
#19828=CARTESIAN_POINT('',(14.69625,4.55874999888241,-2.6));
#19829=CARTESIAN_POINT('',(14.505,4.74999999888241,-1.1));
#19830=CARTESIAN_POINT('Origin',(13.385,4.69999999888241,-1.1));
#19831=CARTESIAN_POINT('',(13.435,4.74999999888241,-2.6));
#19832=CARTESIAN_POINT('',(13.24375,4.55874999888241,-2.6));
#19833=CARTESIAN_POINT('',(13.435,4.74999999888241,-1.1));
#19834=CARTESIAN_POINT('Origin',(13.77,3.74999999888241,-1.1));
#19835=CARTESIAN_POINT('',(13.77,3.34999999888241,-2.6));
#19836=CARTESIAN_POINT('',(13.77,3.34999999888241,-1.1));
#19837=CARTESIAN_POINT('',(13.77,3.34999999888241,-2.6));
#19838=CARTESIAN_POINT('Origin',(13.77,3.34999999888241,-1.1));
#19839=CARTESIAN_POINT('',(14.17,3.34999999888241,-2.6));
#19840=CARTESIAN_POINT('Origin',(13.335,4.74999999888241,-1.1));
#19841=CARTESIAN_POINT('',(14.605,4.74999999888241,-2.6));
#19842=CARTESIAN_POINT('Origin',(14.605,2.34999999888241,-1.1));
#19843=CARTESIAN_POINT('',(13.335,2.34999999888241,-2.6));
#19844=CARTESIAN_POINT('Origin',(13.97,3.54999999888241,-2.6));
#19845=CARTESIAN_POINT('Origin',(15.875,4.54999999888241,-1.3));
#19846=CARTESIAN_POINT('',(15.875,4.54999999888241,-1.3));
#19847=CARTESIAN_POINT('',(15.875,2.54999999888241,-1.3));
#19848=CARTESIAN_POINT('',(15.875,4.64999999888241,-1.3));
#19849=CARTESIAN_POINT('',(14.605,4.54999999888241,-1.3));
#19850=CARTESIAN_POINT('',(15.875,4.54999999888241,-1.3));
#19851=CARTESIAN_POINT('',(14.605,2.54999999888241,-1.3));
#19852=CARTESIAN_POINT('',(14.605,3.44999999888241,-1.3));
#19853=CARTESIAN_POINT('',(15.875,2.54999999888241,-1.3));
#19854=CARTESIAN_POINT('',(15.04,3.74999999888241,-1.3));
#19855=CARTESIAN_POINT('',(15.04,3.34999999888241,-1.3));
#19856=CARTESIAN_POINT('',(15.04,4.14999999888241,-1.3));
#19857=CARTESIAN_POINT('',(15.44,3.74999999888241,-1.3));
#19858=CARTESIAN_POINT('',(15.6575,3.74999999888241,-1.3));
#19859=CARTESIAN_POINT('',(15.44,3.34999999888241,-1.3));
#19860=CARTESIAN_POINT('',(15.44,3.94999999888241,-1.3));
#19861=CARTESIAN_POINT('',(15.4575,3.34999999888241,-1.3));
#19862=CARTESIAN_POINT('Origin',(15.875,4.54999999888241,-1.1));
#19863=CARTESIAN_POINT('',(15.875,4.54999999888241,-1.1));
#19864=CARTESIAN_POINT('',(15.875,4.54999999888241,-1.1));
#19865=CARTESIAN_POINT('',(14.605,4.54999999888241,-1.1));
#19866=CARTESIAN_POINT('',(15.5575,4.54999999888241,-1.1));
#19867=CARTESIAN_POINT('',(14.605,4.54999999888241,-1.1));
#19868=CARTESIAN_POINT('Origin',(15.875,2.54999999888241,-1.3));
#19869=CARTESIAN_POINT('',(15.875,2.54999999888241,-1.1));
#19870=CARTESIAN_POINT('',(15.875,2.54999999888241,-1.2));
#19871=CARTESIAN_POINT('',(14.605,2.54999999888241,-1.1));
#19872=CARTESIAN_POINT('',(14.605,2.54999999888241,-1.2));
#19873=CARTESIAN_POINT('',(15.5575,2.54999999888241,-1.1));
#19874=CARTESIAN_POINT('Origin',(14.605,2.34999999888241,-1.1));
#19875=CARTESIAN_POINT('',(14.605,4.64999999888241,-1.1));
#19876=CARTESIAN_POINT('',(14.605,4.74999999888241,-1.1));
#19877=CARTESIAN_POINT('',(14.605,4.64999999888241,-2.6));
#19878=CARTESIAN_POINT('',(14.605,4.64999999888241,-1.1));
#19879=CARTESIAN_POINT('',(14.605,2.44999999888241,-2.6));
#19880=CARTESIAN_POINT('',(14.605,4.74999999888241,-2.6));
#19881=CARTESIAN_POINT('',(14.605,2.44999999888241,-1.1));
#19882=CARTESIAN_POINT('',(14.605,2.44999999888241,-1.1));
#19883=CARTESIAN_POINT('',(14.605,4.74999999888241,-1.1));
#19884=CARTESIAN_POINT('Origin',(15.24,3.54999999888241,-1.1));
#19885=CARTESIAN_POINT('',(15.875,4.64999999888241,-1.1));
#19886=CARTESIAN_POINT('',(15.875,2.34999999888241,-1.1));
#19887=CARTESIAN_POINT('',(15.775,4.74999999888241,-1.1));
#19888=CARTESIAN_POINT('',(15.96625,4.55874999888241,-1.1));
#19889=CARTESIAN_POINT('',(14.705,4.74999999888241,-1.1));
#19890=CARTESIAN_POINT('',(15.875,4.74999999888241,-1.1));
#19891=CARTESIAN_POINT('',(14.51375,4.55874999888241,-1.1));
#19892=CARTESIAN_POINT('Origin',(15.44,3.34999999888241,-1.1));
#19893=CARTESIAN_POINT('',(15.44,3.74999999888241,-2.6));
#19894=CARTESIAN_POINT('',(15.44,3.74999999888241,-1.1));
#19895=CARTESIAN_POINT('',(15.44,3.34999999888241,-2.6));
#19896=CARTESIAN_POINT('',(15.44,3.74999999888241,-2.6));
#19897=CARTESIAN_POINT('',(15.44,3.34999999888241,-1.1));
#19898=CARTESIAN_POINT('Origin',(15.44,3.74999999888241,-1.1));
#19899=CARTESIAN_POINT('',(15.04,3.74999999888241,-2.6));
#19900=CARTESIAN_POINT('',(15.04,3.74999999888241,-1.1));
#19901=CARTESIAN_POINT('',(15.04,3.74999999888241,-2.6));
#19902=CARTESIAN_POINT('Origin',(14.655,2.39999999888241,-1.1));
#19903=CARTESIAN_POINT('',(14.705,2.34999999888241,-2.6));
#19904=CARTESIAN_POINT('',(14.51375,2.54124999888241,-2.6));
#19905=CARTESIAN_POINT('',(14.705,2.34999999888241,-1.1));
#19906=CARTESIAN_POINT('',(14.705,2.34999999888241,-1.1));
#19907=CARTESIAN_POINT('',(14.51375,2.54124999888241,-1.1));
#19908=CARTESIAN_POINT('Origin',(15.24,3.54999999888241,-1.1));
#19909=CARTESIAN_POINT('',(15.775,2.34999999888241,-1.1));
#19910=CARTESIAN_POINT('',(14.605,2.34999999888241,-1.1));
#19911=CARTESIAN_POINT('',(15.875,2.44999999888241,-1.1));
#19912=CARTESIAN_POINT('',(15.96625,2.54124999888241,-1.1));
#19913=CARTESIAN_POINT('',(15.875,2.34999999888241,-1.1));
#19914=CARTESIAN_POINT('Origin',(15.825,2.39999999888241,-1.1));
#19915=CARTESIAN_POINT('',(15.775,2.34999999888241,-2.6));
#19916=CARTESIAN_POINT('',(15.875,2.44999999888241,-2.6));
#19917=CARTESIAN_POINT('',(15.96625,2.54124999888241,-2.6));
#19918=CARTESIAN_POINT('',(15.875,2.44999999888241,-1.1));
#19919=CARTESIAN_POINT('',(15.775,2.34999999888241,-1.1));
#19920=CARTESIAN_POINT('Origin',(15.875,4.74999999888241,-1.1));
#19921=CARTESIAN_POINT('',(15.875,4.64999999888241,-2.6));
#19922=CARTESIAN_POINT('',(15.875,2.34999999888241,-2.6));
#19923=CARTESIAN_POINT('',(15.875,4.64999999888241,-1.1));
#19924=CARTESIAN_POINT('Origin',(15.825,4.69999999888241,-1.1));
#19925=CARTESIAN_POINT('',(15.775,4.74999999888241,-2.6));
#19926=CARTESIAN_POINT('',(15.96625,4.55874999888241,-2.6));
#19927=CARTESIAN_POINT('',(15.775,4.74999999888241,-1.1));
#19928=CARTESIAN_POINT('Origin',(14.655,4.69999999888241,-1.1));
#19929=CARTESIAN_POINT('',(14.705,4.74999999888241,-2.6));
#19930=CARTESIAN_POINT('',(14.51375,4.55874999888241,-2.6));
#19931=CARTESIAN_POINT('',(14.705,4.74999999888241,-1.1));
#19932=CARTESIAN_POINT('Origin',(15.04,3.74999999888241,-1.1));
#19933=CARTESIAN_POINT('',(15.04,3.34999999888241,-2.6));
#19934=CARTESIAN_POINT('',(15.04,3.34999999888241,-1.1));
#19935=CARTESIAN_POINT('',(15.04,3.34999999888241,-2.6));
#19936=CARTESIAN_POINT('Origin',(15.04,3.34999999888241,-1.1));
#19937=CARTESIAN_POINT('',(15.44,3.34999999888241,-2.6));
#19938=CARTESIAN_POINT('Origin',(14.605,4.74999999888241,-1.1));
#19939=CARTESIAN_POINT('',(15.875,4.74999999888241,-2.6));
#19940=CARTESIAN_POINT('Origin',(15.875,2.34999999888241,-1.1));
#19941=CARTESIAN_POINT('',(14.605,2.34999999888241,-2.6));
#19942=CARTESIAN_POINT('Origin',(15.24,3.54999999888241,-2.6));
#19943=CARTESIAN_POINT('Origin',(17.145,4.54999999888241,-1.3));
#19944=CARTESIAN_POINT('',(17.145,4.54999999888241,-1.3));
#19945=CARTESIAN_POINT('',(17.145,2.54999999888241,-1.3));
#19946=CARTESIAN_POINT('',(17.145,4.64999999888241,-1.3));
#19947=CARTESIAN_POINT('',(15.875,4.54999999888241,-1.3));
#19948=CARTESIAN_POINT('',(17.145,4.54999999888241,-1.3));
#19949=CARTESIAN_POINT('',(15.875,2.54999999888241,-1.3));
#19950=CARTESIAN_POINT('',(15.875,3.44999999888241,-1.3));
#19951=CARTESIAN_POINT('',(17.145,2.54999999888241,-1.3));
#19952=CARTESIAN_POINT('',(16.31,3.74999999888241,-1.3));
#19953=CARTESIAN_POINT('',(16.31,3.34999999888241,-1.3));
#19954=CARTESIAN_POINT('',(16.31,4.14999999888241,-1.3));
#19955=CARTESIAN_POINT('',(16.71,3.74999999888241,-1.3));
#19956=CARTESIAN_POINT('',(16.9275,3.74999999888241,-1.3));
#19957=CARTESIAN_POINT('',(16.71,3.34999999888241,-1.3));
#19958=CARTESIAN_POINT('',(16.71,3.94999999888241,-1.3));
#19959=CARTESIAN_POINT('',(16.7275,3.34999999888241,-1.3));
#19960=CARTESIAN_POINT('Origin',(17.145,4.54999999888241,-1.1));
#19961=CARTESIAN_POINT('',(17.145,4.54999999888241,-1.1));
#19962=CARTESIAN_POINT('',(17.145,4.54999999888241,-1.1));
#19963=CARTESIAN_POINT('',(15.875,4.54999999888241,-1.1));
#19964=CARTESIAN_POINT('',(16.8275,4.54999999888241,-1.1));
#19965=CARTESIAN_POINT('',(15.875,4.54999999888241,-1.1));
#19966=CARTESIAN_POINT('Origin',(17.145,2.54999999888241,-1.3));
#19967=CARTESIAN_POINT('',(17.145,2.54999999888241,-1.1));
#19968=CARTESIAN_POINT('',(17.145,2.54999999888241,-1.2));
#19969=CARTESIAN_POINT('',(15.875,2.54999999888241,-1.1));
#19970=CARTESIAN_POINT('',(15.875,2.54999999888241,-1.2));
#19971=CARTESIAN_POINT('',(16.8275,2.54999999888241,-1.1));
#19972=CARTESIAN_POINT('Origin',(15.875,2.34999999888241,-1.1));
#19973=CARTESIAN_POINT('',(15.875,4.64999999888241,-1.1));
#19974=CARTESIAN_POINT('',(15.875,4.74999999888241,-1.1));
#19975=CARTESIAN_POINT('',(15.875,4.64999999888241,-2.6));
#19976=CARTESIAN_POINT('',(15.875,4.64999999888241,-1.1));
#19977=CARTESIAN_POINT('',(15.875,2.44999999888241,-2.6));
#19978=CARTESIAN_POINT('',(15.875,4.74999999888241,-2.6));
#19979=CARTESIAN_POINT('',(15.875,2.44999999888241,-1.1));
#19980=CARTESIAN_POINT('',(15.875,2.44999999888241,-1.1));
#19981=CARTESIAN_POINT('',(15.875,4.74999999888241,-1.1));
#19982=CARTESIAN_POINT('Origin',(16.51,3.54999999888241,-1.1));
#19983=CARTESIAN_POINT('',(17.145,4.64999999888241,-1.1));
#19984=CARTESIAN_POINT('',(17.145,2.34999999888241,-1.1));
#19985=CARTESIAN_POINT('',(17.045,4.74999999888241,-1.1));
#19986=CARTESIAN_POINT('',(17.23625,4.55874999888241,-1.1));
#19987=CARTESIAN_POINT('',(15.975,4.74999999888241,-1.1));
#19988=CARTESIAN_POINT('',(17.145,4.74999999888241,-1.1));
#19989=CARTESIAN_POINT('',(15.78375,4.55874999888241,-1.1));
#19990=CARTESIAN_POINT('Origin',(16.71,3.34999999888241,-1.1));
#19991=CARTESIAN_POINT('',(16.71,3.74999999888241,-2.6));
#19992=CARTESIAN_POINT('',(16.71,3.74999999888241,-1.1));
#19993=CARTESIAN_POINT('',(16.71,3.34999999888241,-2.6));
#19994=CARTESIAN_POINT('',(16.71,3.74999999888241,-2.6));
#19995=CARTESIAN_POINT('',(16.71,3.34999999888241,-1.1));
#19996=CARTESIAN_POINT('Origin',(16.71,3.74999999888241,-1.1));
#19997=CARTESIAN_POINT('',(16.31,3.74999999888241,-2.6));
#19998=CARTESIAN_POINT('',(16.31,3.74999999888241,-1.1));
#19999=CARTESIAN_POINT('',(16.31,3.74999999888241,-2.6));
#20000=CARTESIAN_POINT('Origin',(15.925,2.39999999888241,-1.1));
#20001=CARTESIAN_POINT('',(15.975,2.34999999888241,-2.6));
#20002=CARTESIAN_POINT('',(15.78375,2.54124999888241,-2.6));
#20003=CARTESIAN_POINT('',(15.975,2.34999999888241,-1.1));
#20004=CARTESIAN_POINT('',(15.975,2.34999999888241,-1.1));
#20005=CARTESIAN_POINT('',(15.78375,2.54124999888241,-1.1));
#20006=CARTESIAN_POINT('Origin',(16.51,3.54999999888241,-1.1));
#20007=CARTESIAN_POINT('',(17.045,2.34999999888241,-1.1));
#20008=CARTESIAN_POINT('',(15.875,2.34999999888241,-1.1));
#20009=CARTESIAN_POINT('',(17.145,2.44999999888241,-1.1));
#20010=CARTESIAN_POINT('',(17.23625,2.54124999888241,-1.1));
#20011=CARTESIAN_POINT('',(17.145,2.34999999888241,-1.1));
#20012=CARTESIAN_POINT('Origin',(17.095,2.39999999888241,-1.1));
#20013=CARTESIAN_POINT('',(17.045,2.34999999888241,-2.6));
#20014=CARTESIAN_POINT('',(17.145,2.44999999888241,-2.6));
#20015=CARTESIAN_POINT('',(17.23625,2.54124999888241,-2.6));
#20016=CARTESIAN_POINT('',(17.145,2.44999999888241,-1.1));
#20017=CARTESIAN_POINT('',(17.045,2.34999999888241,-1.1));
#20018=CARTESIAN_POINT('Origin',(17.145,4.74999999888241,-1.1));
#20019=CARTESIAN_POINT('',(17.145,4.64999999888241,-2.6));
#20020=CARTESIAN_POINT('',(17.145,2.34999999888241,-2.6));
#20021=CARTESIAN_POINT('',(17.145,4.64999999888241,-1.1));
#20022=CARTESIAN_POINT('Origin',(17.095,4.69999999888241,-1.1));
#20023=CARTESIAN_POINT('',(17.045,4.74999999888241,-2.6));
#20024=CARTESIAN_POINT('',(17.23625,4.55874999888241,-2.6));
#20025=CARTESIAN_POINT('',(17.045,4.74999999888241,-1.1));
#20026=CARTESIAN_POINT('Origin',(15.925,4.69999999888241,-1.1));
#20027=CARTESIAN_POINT('',(15.975,4.74999999888241,-2.6));
#20028=CARTESIAN_POINT('',(15.78375,4.55874999888241,-2.6));
#20029=CARTESIAN_POINT('',(15.975,4.74999999888241,-1.1));
#20030=CARTESIAN_POINT('Origin',(16.31,3.74999999888241,-1.1));
#20031=CARTESIAN_POINT('',(16.31,3.34999999888241,-2.6));
#20032=CARTESIAN_POINT('',(16.31,3.34999999888241,-1.1));
#20033=CARTESIAN_POINT('',(16.31,3.34999999888241,-2.6));
#20034=CARTESIAN_POINT('Origin',(16.31,3.34999999888241,-1.1));
#20035=CARTESIAN_POINT('',(16.71,3.34999999888241,-2.6));
#20036=CARTESIAN_POINT('Origin',(15.875,4.74999999888241,-1.1));
#20037=CARTESIAN_POINT('',(17.145,4.74999999888241,-2.6));
#20038=CARTESIAN_POINT('Origin',(17.145,2.34999999888241,-1.1));
#20039=CARTESIAN_POINT('',(15.875,2.34999999888241,-2.6));
#20040=CARTESIAN_POINT('Origin',(16.51,3.54999999888241,-2.6));
#20041=CARTESIAN_POINT('Origin',(18.415,4.54999999888241,-1.3));
#20042=CARTESIAN_POINT('',(18.415,4.54999999888241,-1.3));
#20043=CARTESIAN_POINT('',(18.415,2.54999999888241,-1.3));
#20044=CARTESIAN_POINT('',(18.415,4.64999999888241,-1.3));
#20045=CARTESIAN_POINT('',(17.145,4.54999999888241,-1.3));
#20046=CARTESIAN_POINT('',(18.415,4.54999999888241,-1.3));
#20047=CARTESIAN_POINT('',(17.145,2.54999999888241,-1.3));
#20048=CARTESIAN_POINT('',(17.145,3.44999999888241,-1.3));
#20049=CARTESIAN_POINT('',(18.415,2.54999999888241,-1.3));
#20050=CARTESIAN_POINT('',(17.58,3.74999999888241,-1.3));
#20051=CARTESIAN_POINT('',(17.58,3.34999999888241,-1.3));
#20052=CARTESIAN_POINT('',(17.58,4.14999999888241,-1.3));
#20053=CARTESIAN_POINT('',(17.98,3.74999999888241,-1.3));
#20054=CARTESIAN_POINT('',(18.1975,3.74999999888241,-1.3));
#20055=CARTESIAN_POINT('',(17.98,3.34999999888241,-1.3));
#20056=CARTESIAN_POINT('',(17.98,3.94999999888241,-1.3));
#20057=CARTESIAN_POINT('',(17.9975,3.34999999888241,-1.3));
#20058=CARTESIAN_POINT('Origin',(18.415,4.54999999888241,-1.1));
#20059=CARTESIAN_POINT('',(18.415,4.54999999888241,-1.1));
#20060=CARTESIAN_POINT('',(18.415,4.54999999888241,-1.1));
#20061=CARTESIAN_POINT('',(17.145,4.54999999888241,-1.1));
#20062=CARTESIAN_POINT('',(18.0975,4.54999999888241,-1.1));
#20063=CARTESIAN_POINT('',(17.145,4.54999999888241,-1.1));
#20064=CARTESIAN_POINT('Origin',(18.415,2.54999999888241,-1.3));
#20065=CARTESIAN_POINT('',(18.415,2.54999999888241,-1.1));
#20066=CARTESIAN_POINT('',(18.415,2.54999999888241,-1.2));
#20067=CARTESIAN_POINT('',(17.145,2.54999999888241,-1.1));
#20068=CARTESIAN_POINT('',(17.145,2.54999999888241,-1.2));
#20069=CARTESIAN_POINT('',(18.0975,2.54999999888241,-1.1));
#20070=CARTESIAN_POINT('Origin',(17.145,2.34999999888241,-1.1));
#20071=CARTESIAN_POINT('',(17.145,4.64999999888241,-1.1));
#20072=CARTESIAN_POINT('',(17.145,4.74999999888241,-1.1));
#20073=CARTESIAN_POINT('',(17.145,4.64999999888241,-2.6));
#20074=CARTESIAN_POINT('',(17.145,4.64999999888241,-1.1));
#20075=CARTESIAN_POINT('',(17.145,2.44999999888241,-2.6));
#20076=CARTESIAN_POINT('',(17.145,4.74999999888241,-2.6));
#20077=CARTESIAN_POINT('',(17.145,2.44999999888241,-1.1));
#20078=CARTESIAN_POINT('',(17.145,2.44999999888241,-1.1));
#20079=CARTESIAN_POINT('',(17.145,4.74999999888241,-1.1));
#20080=CARTESIAN_POINT('Origin',(17.78,3.54999999888241,-1.1));
#20081=CARTESIAN_POINT('',(18.415,4.64999999888241,-1.1));
#20082=CARTESIAN_POINT('',(18.415,2.34999999888241,-1.1));
#20083=CARTESIAN_POINT('',(18.315,4.74999999888241,-1.1));
#20084=CARTESIAN_POINT('',(18.50625,4.55874999888241,-1.1));
#20085=CARTESIAN_POINT('',(17.245,4.74999999888241,-1.1));
#20086=CARTESIAN_POINT('',(18.415,4.74999999888241,-1.1));
#20087=CARTESIAN_POINT('',(17.05375,4.55874999888241,-1.1));
#20088=CARTESIAN_POINT('Origin',(17.98,3.34999999888241,-1.1));
#20089=CARTESIAN_POINT('',(17.98,3.74999999888241,-2.6));
#20090=CARTESIAN_POINT('',(17.98,3.74999999888241,-1.1));
#20091=CARTESIAN_POINT('',(17.98,3.34999999888241,-2.6));
#20092=CARTESIAN_POINT('',(17.98,3.74999999888241,-2.6));
#20093=CARTESIAN_POINT('',(17.98,3.34999999888241,-1.1));
#20094=CARTESIAN_POINT('Origin',(17.98,3.74999999888241,-1.1));
#20095=CARTESIAN_POINT('',(17.58,3.74999999888241,-2.6));
#20096=CARTESIAN_POINT('',(17.58,3.74999999888241,-1.1));
#20097=CARTESIAN_POINT('',(17.58,3.74999999888241,-2.6));
#20098=CARTESIAN_POINT('Origin',(17.195,2.39999999888241,-1.1));
#20099=CARTESIAN_POINT('',(17.245,2.34999999888241,-2.6));
#20100=CARTESIAN_POINT('',(17.05375,2.54124999888241,-2.6));
#20101=CARTESIAN_POINT('',(17.245,2.34999999888241,-1.1));
#20102=CARTESIAN_POINT('',(17.245,2.34999999888241,-1.1));
#20103=CARTESIAN_POINT('',(17.05375,2.54124999888241,-1.1));
#20104=CARTESIAN_POINT('Origin',(17.78,3.54999999888241,-1.1));
#20105=CARTESIAN_POINT('',(18.315,2.34999999888241,-1.1));
#20106=CARTESIAN_POINT('',(17.145,2.34999999888241,-1.1));
#20107=CARTESIAN_POINT('',(18.415,2.44999999888241,-1.1));
#20108=CARTESIAN_POINT('',(18.50625,2.54124999888241,-1.1));
#20109=CARTESIAN_POINT('',(18.415,2.34999999888241,-1.1));
#20110=CARTESIAN_POINT('Origin',(18.365,2.39999999888241,-1.1));
#20111=CARTESIAN_POINT('',(18.315,2.34999999888241,-2.6));
#20112=CARTESIAN_POINT('',(18.415,2.44999999888241,-2.6));
#20113=CARTESIAN_POINT('',(18.50625,2.54124999888241,-2.6));
#20114=CARTESIAN_POINT('',(18.415,2.44999999888241,-1.1));
#20115=CARTESIAN_POINT('',(18.315,2.34999999888241,-1.1));
#20116=CARTESIAN_POINT('Origin',(18.415,4.74999999888241,-1.1));
#20117=CARTESIAN_POINT('',(18.415,4.64999999888241,-2.6));
#20118=CARTESIAN_POINT('',(18.415,2.34999999888241,-2.6));
#20119=CARTESIAN_POINT('',(18.415,4.64999999888241,-1.1));
#20120=CARTESIAN_POINT('Origin',(18.365,4.69999999888241,-1.1));
#20121=CARTESIAN_POINT('',(18.315,4.74999999888241,-2.6));
#20122=CARTESIAN_POINT('',(18.50625,4.55874999888241,-2.6));
#20123=CARTESIAN_POINT('',(18.315,4.74999999888241,-1.1));
#20124=CARTESIAN_POINT('Origin',(17.195,4.69999999888241,-1.1));
#20125=CARTESIAN_POINT('',(17.245,4.74999999888241,-2.6));
#20126=CARTESIAN_POINT('',(17.05375,4.55874999888241,-2.6));
#20127=CARTESIAN_POINT('',(17.245,4.74999999888241,-1.1));
#20128=CARTESIAN_POINT('Origin',(17.58,3.74999999888241,-1.1));
#20129=CARTESIAN_POINT('',(17.58,3.34999999888241,-2.6));
#20130=CARTESIAN_POINT('',(17.58,3.34999999888241,-1.1));
#20131=CARTESIAN_POINT('',(17.58,3.34999999888241,-2.6));
#20132=CARTESIAN_POINT('Origin',(17.58,3.34999999888241,-1.1));
#20133=CARTESIAN_POINT('',(17.98,3.34999999888241,-2.6));
#20134=CARTESIAN_POINT('Origin',(17.145,4.74999999888241,-1.1));
#20135=CARTESIAN_POINT('',(18.415,4.74999999888241,-2.6));
#20136=CARTESIAN_POINT('Origin',(18.415,2.34999999888241,-1.1));
#20137=CARTESIAN_POINT('',(17.145,2.34999999888241,-2.6));
#20138=CARTESIAN_POINT('Origin',(17.78,3.54999999888241,-2.6));
#20139=CARTESIAN_POINT('Origin',(19.685,4.54999999888241,-1.3));
#20140=CARTESIAN_POINT('',(19.685,4.54999999888241,-1.3));
#20141=CARTESIAN_POINT('',(19.685,2.54999999888241,-1.3));
#20142=CARTESIAN_POINT('',(19.685,4.64999999888241,-1.3));
#20143=CARTESIAN_POINT('',(18.415,4.54999999888241,-1.3));
#20144=CARTESIAN_POINT('',(19.685,4.54999999888241,-1.3));
#20145=CARTESIAN_POINT('',(18.415,2.54999999888241,-1.3));
#20146=CARTESIAN_POINT('',(18.415,3.44999999888241,-1.3));
#20147=CARTESIAN_POINT('',(19.685,2.54999999888241,-1.3));
#20148=CARTESIAN_POINT('',(18.85,3.74999999888241,-1.3));
#20149=CARTESIAN_POINT('',(18.85,3.34999999888241,-1.3));
#20150=CARTESIAN_POINT('',(18.85,4.14999999888241,-1.3));
#20151=CARTESIAN_POINT('',(19.25,3.74999999888241,-1.3));
#20152=CARTESIAN_POINT('',(19.4675,3.74999999888241,-1.3));
#20153=CARTESIAN_POINT('',(19.25,3.34999999888241,-1.3));
#20154=CARTESIAN_POINT('',(19.25,3.94999999888241,-1.3));
#20155=CARTESIAN_POINT('',(19.2675,3.34999999888241,-1.3));
#20156=CARTESIAN_POINT('Origin',(19.685,4.54999999888241,-1.1));
#20157=CARTESIAN_POINT('',(19.685,4.54999999888241,-1.1));
#20158=CARTESIAN_POINT('',(19.685,4.54999999888241,-1.1));
#20159=CARTESIAN_POINT('',(18.415,4.54999999888241,-1.1));
#20160=CARTESIAN_POINT('',(19.3675,4.54999999888241,-1.1));
#20161=CARTESIAN_POINT('',(18.415,4.54999999888241,-1.1));
#20162=CARTESIAN_POINT('Origin',(19.685,2.54999999888241,-1.3));
#20163=CARTESIAN_POINT('',(19.685,2.54999999888241,-1.1));
#20164=CARTESIAN_POINT('',(19.685,2.54999999888241,-1.2));
#20165=CARTESIAN_POINT('',(18.415,2.54999999888241,-1.1));
#20166=CARTESIAN_POINT('',(18.415,2.54999999888241,-1.2));
#20167=CARTESIAN_POINT('',(19.3675,2.54999999888241,-1.1));
#20168=CARTESIAN_POINT('Origin',(18.415,2.34999999888241,-1.1));
#20169=CARTESIAN_POINT('',(18.415,4.64999999888241,-1.1));
#20170=CARTESIAN_POINT('',(18.415,4.74999999888241,-1.1));
#20171=CARTESIAN_POINT('',(18.415,4.64999999888241,-2.6));
#20172=CARTESIAN_POINT('',(18.415,4.64999999888241,-1.1));
#20173=CARTESIAN_POINT('',(18.415,2.44999999888241,-2.6));
#20174=CARTESIAN_POINT('',(18.415,4.74999999888241,-2.6));
#20175=CARTESIAN_POINT('',(18.415,2.44999999888241,-1.1));
#20176=CARTESIAN_POINT('',(18.415,2.44999999888241,-1.1));
#20177=CARTESIAN_POINT('',(18.415,4.74999999888241,-1.1));
#20178=CARTESIAN_POINT('Origin',(19.05,3.54999999888241,-1.1));
#20179=CARTESIAN_POINT('',(19.685,4.64999999888241,-1.1));
#20180=CARTESIAN_POINT('',(19.685,2.34999999888241,-1.1));
#20181=CARTESIAN_POINT('',(19.585,4.74999999888241,-1.1));
#20182=CARTESIAN_POINT('',(19.77625,4.55874999888241,-1.1));
#20183=CARTESIAN_POINT('',(18.515,4.74999999888241,-1.1));
#20184=CARTESIAN_POINT('',(19.685,4.74999999888241,-1.1));
#20185=CARTESIAN_POINT('',(18.32375,4.55874999888241,-1.1));
#20186=CARTESIAN_POINT('Origin',(19.25,3.34999999888241,-1.1));
#20187=CARTESIAN_POINT('',(19.25,3.74999999888241,-2.6));
#20188=CARTESIAN_POINT('',(19.25,3.74999999888241,-1.1));
#20189=CARTESIAN_POINT('',(19.25,3.34999999888241,-2.6));
#20190=CARTESIAN_POINT('',(19.25,3.74999999888241,-2.6));
#20191=CARTESIAN_POINT('',(19.25,3.34999999888241,-1.1));
#20192=CARTESIAN_POINT('Origin',(19.25,3.74999999888241,-1.1));
#20193=CARTESIAN_POINT('',(18.85,3.74999999888241,-2.6));
#20194=CARTESIAN_POINT('',(18.85,3.74999999888241,-1.1));
#20195=CARTESIAN_POINT('',(18.85,3.74999999888241,-2.6));
#20196=CARTESIAN_POINT('Origin',(18.465,2.39999999888241,-1.1));
#20197=CARTESIAN_POINT('',(18.515,2.34999999888241,-2.6));
#20198=CARTESIAN_POINT('',(18.32375,2.54124999888241,-2.6));
#20199=CARTESIAN_POINT('',(18.515,2.34999999888241,-1.1));
#20200=CARTESIAN_POINT('',(18.515,2.34999999888241,-1.1));
#20201=CARTESIAN_POINT('',(18.32375,2.54124999888241,-1.1));
#20202=CARTESIAN_POINT('Origin',(19.05,3.54999999888241,-1.1));
#20203=CARTESIAN_POINT('',(19.585,2.34999999888241,-1.1));
#20204=CARTESIAN_POINT('',(18.415,2.34999999888241,-1.1));
#20205=CARTESIAN_POINT('',(19.685,2.44999999888241,-1.1));
#20206=CARTESIAN_POINT('',(19.77625,2.54124999888241,-1.1));
#20207=CARTESIAN_POINT('',(19.685,2.34999999888241,-1.1));
#20208=CARTESIAN_POINT('Origin',(19.635,2.39999999888241,-1.1));
#20209=CARTESIAN_POINT('',(19.585,2.34999999888241,-2.6));
#20210=CARTESIAN_POINT('',(19.685,2.44999999888241,-2.6));
#20211=CARTESIAN_POINT('',(19.77625,2.54124999888241,-2.6));
#20212=CARTESIAN_POINT('',(19.685,2.44999999888241,-1.1));
#20213=CARTESIAN_POINT('',(19.585,2.34999999888241,-1.1));
#20214=CARTESIAN_POINT('Origin',(19.685,4.74999999888241,-1.1));
#20215=CARTESIAN_POINT('',(19.685,4.64999999888241,-2.6));
#20216=CARTESIAN_POINT('',(19.685,2.34999999888241,-2.6));
#20217=CARTESIAN_POINT('',(19.685,4.64999999888241,-1.1));
#20218=CARTESIAN_POINT('Origin',(19.635,4.69999999888241,-1.1));
#20219=CARTESIAN_POINT('',(19.585,4.74999999888241,-2.6));
#20220=CARTESIAN_POINT('',(19.77625,4.55874999888241,-2.6));
#20221=CARTESIAN_POINT('',(19.585,4.74999999888241,-1.1));
#20222=CARTESIAN_POINT('Origin',(18.465,4.69999999888241,-1.1));
#20223=CARTESIAN_POINT('',(18.515,4.74999999888241,-2.6));
#20224=CARTESIAN_POINT('',(18.32375,4.55874999888241,-2.6));
#20225=CARTESIAN_POINT('',(18.515,4.74999999888241,-1.1));
#20226=CARTESIAN_POINT('Origin',(18.85,3.74999999888241,-1.1));
#20227=CARTESIAN_POINT('',(18.85,3.34999999888241,-2.6));
#20228=CARTESIAN_POINT('',(18.85,3.34999999888241,-1.1));
#20229=CARTESIAN_POINT('',(18.85,3.34999999888241,-2.6));
#20230=CARTESIAN_POINT('Origin',(18.85,3.34999999888241,-1.1));
#20231=CARTESIAN_POINT('',(19.25,3.34999999888241,-2.6));
#20232=CARTESIAN_POINT('Origin',(18.415,4.74999999888241,-1.1));
#20233=CARTESIAN_POINT('',(19.685,4.74999999888241,-2.6));
#20234=CARTESIAN_POINT('Origin',(19.685,2.34999999888241,-1.1));
#20235=CARTESIAN_POINT('',(18.415,2.34999999888241,-2.6));
#20236=CARTESIAN_POINT('Origin',(19.05,3.54999999888241,-2.6));
#20237=CARTESIAN_POINT('Origin',(20.955,4.54999999888241,-1.3));
#20238=CARTESIAN_POINT('',(20.955,4.54999999888241,-1.3));
#20239=CARTESIAN_POINT('',(20.955,2.54999999888241,-1.3));
#20240=CARTESIAN_POINT('',(20.955,4.64999999888241,-1.3));
#20241=CARTESIAN_POINT('',(19.685,4.54999999888241,-1.3));
#20242=CARTESIAN_POINT('',(20.955,4.54999999888241,-1.3));
#20243=CARTESIAN_POINT('',(19.685,2.54999999888241,-1.3));
#20244=CARTESIAN_POINT('',(19.685,3.44999999888241,-1.3));
#20245=CARTESIAN_POINT('',(20.955,2.54999999888241,-1.3));
#20246=CARTESIAN_POINT('',(20.12,3.74999999888241,-1.3));
#20247=CARTESIAN_POINT('',(20.12,3.34999999888241,-1.3));
#20248=CARTESIAN_POINT('',(20.12,4.14999999888241,-1.3));
#20249=CARTESIAN_POINT('',(20.52,3.74999999888241,-1.3));
#20250=CARTESIAN_POINT('',(20.7375,3.74999999888241,-1.3));
#20251=CARTESIAN_POINT('',(20.52,3.34999999888241,-1.3));
#20252=CARTESIAN_POINT('',(20.52,3.94999999888241,-1.3));
#20253=CARTESIAN_POINT('',(20.5375,3.34999999888241,-1.3));
#20254=CARTESIAN_POINT('Origin',(20.955,4.54999999888241,-1.1));
#20255=CARTESIAN_POINT('',(20.955,4.54999999888241,-1.1));
#20256=CARTESIAN_POINT('',(20.955,4.54999999888241,-1.1));
#20257=CARTESIAN_POINT('',(19.685,4.54999999888241,-1.1));
#20258=CARTESIAN_POINT('',(20.6375,4.54999999888241,-1.1));
#20259=CARTESIAN_POINT('',(19.685,4.54999999888241,-1.1));
#20260=CARTESIAN_POINT('Origin',(20.955,2.54999999888241,-1.3));
#20261=CARTESIAN_POINT('',(20.955,2.54999999888241,-1.1));
#20262=CARTESIAN_POINT('',(20.955,2.54999999888241,-1.2));
#20263=CARTESIAN_POINT('',(19.685,2.54999999888241,-1.1));
#20264=CARTESIAN_POINT('',(19.685,2.54999999888241,-1.2));
#20265=CARTESIAN_POINT('',(20.6375,2.54999999888241,-1.1));
#20266=CARTESIAN_POINT('Origin',(19.685,2.34999999888241,-1.1));
#20267=CARTESIAN_POINT('',(19.685,4.64999999888241,-1.1));
#20268=CARTESIAN_POINT('',(19.685,4.74999999888241,-1.1));
#20269=CARTESIAN_POINT('',(19.685,4.64999999888241,-2.6));
#20270=CARTESIAN_POINT('',(19.685,4.64999999888241,-1.1));
#20271=CARTESIAN_POINT('',(19.685,2.44999999888241,-2.6));
#20272=CARTESIAN_POINT('',(19.685,4.74999999888241,-2.6));
#20273=CARTESIAN_POINT('',(19.685,2.44999999888241,-1.1));
#20274=CARTESIAN_POINT('',(19.685,2.44999999888241,-1.1));
#20275=CARTESIAN_POINT('',(19.685,4.74999999888241,-1.1));
#20276=CARTESIAN_POINT('Origin',(20.32,3.54999999888241,-1.1));
#20277=CARTESIAN_POINT('',(20.955,4.64999999888241,-1.1));
#20278=CARTESIAN_POINT('',(20.955,2.34999999888241,-1.1));
#20279=CARTESIAN_POINT('',(20.855,4.74999999888241,-1.1));
#20280=CARTESIAN_POINT('',(21.04625,4.55874999888241,-1.1));
#20281=CARTESIAN_POINT('',(19.785,4.74999999888241,-1.1));
#20282=CARTESIAN_POINT('',(20.955,4.74999999888241,-1.1));
#20283=CARTESIAN_POINT('',(19.59375,4.55874999888241,-1.1));
#20284=CARTESIAN_POINT('Origin',(20.52,3.34999999888241,-1.1));
#20285=CARTESIAN_POINT('',(20.52,3.74999999888241,-2.6));
#20286=CARTESIAN_POINT('',(20.52,3.74999999888241,-1.1));
#20287=CARTESIAN_POINT('',(20.52,3.34999999888241,-2.6));
#20288=CARTESIAN_POINT('',(20.52,3.74999999888241,-2.6));
#20289=CARTESIAN_POINT('',(20.52,3.34999999888241,-1.1));
#20290=CARTESIAN_POINT('Origin',(20.52,3.74999999888241,-1.1));
#20291=CARTESIAN_POINT('',(20.12,3.74999999888241,-2.6));
#20292=CARTESIAN_POINT('',(20.12,3.74999999888241,-1.1));
#20293=CARTESIAN_POINT('',(20.12,3.74999999888241,-2.6));
#20294=CARTESIAN_POINT('Origin',(19.735,2.39999999888241,-1.1));
#20295=CARTESIAN_POINT('',(19.785,2.34999999888241,-2.6));
#20296=CARTESIAN_POINT('',(19.59375,2.54124999888241,-2.6));
#20297=CARTESIAN_POINT('',(19.785,2.34999999888241,-1.1));
#20298=CARTESIAN_POINT('',(19.785,2.34999999888241,-1.1));
#20299=CARTESIAN_POINT('',(19.59375,2.54124999888241,-1.1));
#20300=CARTESIAN_POINT('Origin',(20.32,3.54999999888241,-1.1));
#20301=CARTESIAN_POINT('',(20.855,2.34999999888241,-1.1));
#20302=CARTESIAN_POINT('',(19.685,2.34999999888241,-1.1));
#20303=CARTESIAN_POINT('',(20.955,2.44999999888241,-1.1));
#20304=CARTESIAN_POINT('',(21.04625,2.54124999888241,-1.1));
#20305=CARTESIAN_POINT('',(20.955,2.34999999888241,-1.1));
#20306=CARTESIAN_POINT('Origin',(20.905,2.39999999888241,-1.1));
#20307=CARTESIAN_POINT('',(20.855,2.34999999888241,-2.6));
#20308=CARTESIAN_POINT('',(20.955,2.44999999888241,-2.6));
#20309=CARTESIAN_POINT('',(21.04625,2.54124999888241,-2.6));
#20310=CARTESIAN_POINT('',(20.955,2.44999999888241,-1.1));
#20311=CARTESIAN_POINT('',(20.855,2.34999999888241,-1.1));
#20312=CARTESIAN_POINT('Origin',(20.955,4.74999999888241,-1.1));
#20313=CARTESIAN_POINT('',(20.955,4.64999999888241,-2.6));
#20314=CARTESIAN_POINT('',(20.955,2.34999999888241,-2.6));
#20315=CARTESIAN_POINT('',(20.955,4.64999999888241,-1.1));
#20316=CARTESIAN_POINT('Origin',(20.905,4.69999999888241,-1.1));
#20317=CARTESIAN_POINT('',(20.855,4.74999999888241,-2.6));
#20318=CARTESIAN_POINT('',(21.04625,4.55874999888241,-2.6));
#20319=CARTESIAN_POINT('',(20.855,4.74999999888241,-1.1));
#20320=CARTESIAN_POINT('Origin',(19.735,4.69999999888241,-1.1));
#20321=CARTESIAN_POINT('',(19.785,4.74999999888241,-2.6));
#20322=CARTESIAN_POINT('',(19.59375,4.55874999888241,-2.6));
#20323=CARTESIAN_POINT('',(19.785,4.74999999888241,-1.1));
#20324=CARTESIAN_POINT('Origin',(20.12,3.74999999888241,-1.1));
#20325=CARTESIAN_POINT('',(20.12,3.34999999888241,-2.6));
#20326=CARTESIAN_POINT('',(20.12,3.34999999888241,-1.1));
#20327=CARTESIAN_POINT('',(20.12,3.34999999888241,-2.6));
#20328=CARTESIAN_POINT('Origin',(20.12,3.34999999888241,-1.1));
#20329=CARTESIAN_POINT('',(20.52,3.34999999888241,-2.6));
#20330=CARTESIAN_POINT('Origin',(19.685,4.74999999888241,-1.1));
#20331=CARTESIAN_POINT('',(20.955,4.74999999888241,-2.6));
#20332=CARTESIAN_POINT('Origin',(20.955,2.34999999888241,-1.1));
#20333=CARTESIAN_POINT('',(19.685,2.34999999888241,-2.6));
#20334=CARTESIAN_POINT('Origin',(20.32,3.54999999888241,-2.6));
#20335=CARTESIAN_POINT('Origin',(22.225,4.54999999888241,-1.3));
#20336=CARTESIAN_POINT('',(22.225,4.54999999888241,-1.3));
#20337=CARTESIAN_POINT('',(22.225,2.54999999888241,-1.3));
#20338=CARTESIAN_POINT('',(22.225,4.64999999888241,-1.3));
#20339=CARTESIAN_POINT('',(20.955,4.54999999888241,-1.3));
#20340=CARTESIAN_POINT('',(22.225,4.54999999888241,-1.3));
#20341=CARTESIAN_POINT('',(20.955,2.54999999888241,-1.3));
#20342=CARTESIAN_POINT('',(20.955,3.44999999888241,-1.3));
#20343=CARTESIAN_POINT('',(22.225,2.54999999888241,-1.3));
#20344=CARTESIAN_POINT('',(21.39,3.74999999888241,-1.3));
#20345=CARTESIAN_POINT('',(21.39,3.34999999888241,-1.3));
#20346=CARTESIAN_POINT('',(21.39,4.14999999888241,-1.3));
#20347=CARTESIAN_POINT('',(21.79,3.74999999888241,-1.3));
#20348=CARTESIAN_POINT('',(22.0075,3.74999999888241,-1.3));
#20349=CARTESIAN_POINT('',(21.79,3.34999999888241,-1.3));
#20350=CARTESIAN_POINT('',(21.79,3.94999999888241,-1.3));
#20351=CARTESIAN_POINT('',(21.8075,3.34999999888241,-1.3));
#20352=CARTESIAN_POINT('Origin',(22.225,4.54999999888241,-1.1));
#20353=CARTESIAN_POINT('',(22.225,4.54999999888241,-1.1));
#20354=CARTESIAN_POINT('',(22.225,4.54999999888241,-1.1));
#20355=CARTESIAN_POINT('',(20.955,4.54999999888241,-1.1));
#20356=CARTESIAN_POINT('',(21.9075,4.54999999888241,-1.1));
#20357=CARTESIAN_POINT('',(20.955,4.54999999888241,-1.1));
#20358=CARTESIAN_POINT('Origin',(22.225,2.54999999888241,-1.3));
#20359=CARTESIAN_POINT('',(22.225,2.54999999888241,-1.1));
#20360=CARTESIAN_POINT('',(22.225,2.54999999888241,-1.2));
#20361=CARTESIAN_POINT('',(20.955,2.54999999888241,-1.1));
#20362=CARTESIAN_POINT('',(20.955,2.54999999888241,-1.2));
#20363=CARTESIAN_POINT('',(21.9075,2.54999999888241,-1.1));
#20364=CARTESIAN_POINT('Origin',(20.955,2.34999999888241,-1.1));
#20365=CARTESIAN_POINT('',(20.955,4.64999999888241,-1.1));
#20366=CARTESIAN_POINT('',(20.955,4.74999999888241,-1.1));
#20367=CARTESIAN_POINT('',(20.955,4.64999999888241,-2.6));
#20368=CARTESIAN_POINT('',(20.955,4.64999999888241,-1.1));
#20369=CARTESIAN_POINT('',(20.955,2.44999999888241,-2.6));
#20370=CARTESIAN_POINT('',(20.955,4.74999999888241,-2.6));
#20371=CARTESIAN_POINT('',(20.955,2.44999999888241,-1.1));
#20372=CARTESIAN_POINT('',(20.955,2.44999999888241,-1.1));
#20373=CARTESIAN_POINT('',(20.955,4.74999999888241,-1.1));
#20374=CARTESIAN_POINT('Origin',(21.59,3.54999999888241,-1.1));
#20375=CARTESIAN_POINT('',(22.225,4.64999999888241,-1.1));
#20376=CARTESIAN_POINT('',(22.225,2.34999999888241,-1.1));
#20377=CARTESIAN_POINT('',(22.125,4.74999999888241,-1.1));
#20378=CARTESIAN_POINT('',(22.31625,4.55874999888241,-1.1));
#20379=CARTESIAN_POINT('',(21.055,4.74999999888241,-1.1));
#20380=CARTESIAN_POINT('',(22.225,4.74999999888241,-1.1));
#20381=CARTESIAN_POINT('',(20.86375,4.55874999888241,-1.1));
#20382=CARTESIAN_POINT('Origin',(21.79,3.34999999888241,-1.1));
#20383=CARTESIAN_POINT('',(21.79,3.74999999888241,-2.6));
#20384=CARTESIAN_POINT('',(21.79,3.74999999888241,-1.1));
#20385=CARTESIAN_POINT('',(21.79,3.34999999888241,-2.6));
#20386=CARTESIAN_POINT('',(21.79,3.74999999888241,-2.6));
#20387=CARTESIAN_POINT('',(21.79,3.34999999888241,-1.1));
#20388=CARTESIAN_POINT('Origin',(21.79,3.74999999888241,-1.1));
#20389=CARTESIAN_POINT('',(21.39,3.74999999888241,-2.6));
#20390=CARTESIAN_POINT('',(21.39,3.74999999888241,-1.1));
#20391=CARTESIAN_POINT('',(21.39,3.74999999888241,-2.6));
#20392=CARTESIAN_POINT('Origin',(21.005,2.39999999888241,-1.1));
#20393=CARTESIAN_POINT('',(21.055,2.34999999888241,-2.6));
#20394=CARTESIAN_POINT('',(20.86375,2.54124999888241,-2.6));
#20395=CARTESIAN_POINT('',(21.055,2.34999999888241,-1.1));
#20396=CARTESIAN_POINT('',(21.055,2.34999999888241,-1.1));
#20397=CARTESIAN_POINT('',(20.86375,2.54124999888241,-1.1));
#20398=CARTESIAN_POINT('Origin',(21.59,3.54999999888241,-1.1));
#20399=CARTESIAN_POINT('',(22.125,2.34999999888241,-1.1));
#20400=CARTESIAN_POINT('',(20.955,2.34999999888241,-1.1));
#20401=CARTESIAN_POINT('',(22.225,2.44999999888241,-1.1));
#20402=CARTESIAN_POINT('',(22.31625,2.54124999888241,-1.1));
#20403=CARTESIAN_POINT('',(22.225,2.34999999888241,-1.1));
#20404=CARTESIAN_POINT('Origin',(22.175,2.39999999888241,-1.1));
#20405=CARTESIAN_POINT('',(22.125,2.34999999888241,-2.6));
#20406=CARTESIAN_POINT('',(22.225,2.44999999888241,-2.6));
#20407=CARTESIAN_POINT('',(22.31625,2.54124999888241,-2.6));
#20408=CARTESIAN_POINT('',(22.225,2.44999999888241,-1.1));
#20409=CARTESIAN_POINT('',(22.125,2.34999999888241,-1.1));
#20410=CARTESIAN_POINT('Origin',(22.225,4.74999999888241,-1.1));
#20411=CARTESIAN_POINT('',(22.225,4.64999999888241,-2.6));
#20412=CARTESIAN_POINT('',(22.225,2.34999999888241,-2.6));
#20413=CARTESIAN_POINT('',(22.225,4.64999999888241,-1.1));
#20414=CARTESIAN_POINT('Origin',(22.175,4.69999999888241,-1.1));
#20415=CARTESIAN_POINT('',(22.125,4.74999999888241,-2.6));
#20416=CARTESIAN_POINT('',(22.31625,4.55874999888241,-2.6));
#20417=CARTESIAN_POINT('',(22.125,4.74999999888241,-1.1));
#20418=CARTESIAN_POINT('Origin',(21.005,4.69999999888241,-1.1));
#20419=CARTESIAN_POINT('',(21.055,4.74999999888241,-2.6));
#20420=CARTESIAN_POINT('',(20.86375,4.55874999888241,-2.6));
#20421=CARTESIAN_POINT('',(21.055,4.74999999888241,-1.1));
#20422=CARTESIAN_POINT('Origin',(21.39,3.74999999888241,-1.1));
#20423=CARTESIAN_POINT('',(21.39,3.34999999888241,-2.6));
#20424=CARTESIAN_POINT('',(21.39,3.34999999888241,-1.1));
#20425=CARTESIAN_POINT('',(21.39,3.34999999888241,-2.6));
#20426=CARTESIAN_POINT('Origin',(21.39,3.34999999888241,-1.1));
#20427=CARTESIAN_POINT('',(21.79,3.34999999888241,-2.6));
#20428=CARTESIAN_POINT('Origin',(20.955,4.74999999888241,-1.1));
#20429=CARTESIAN_POINT('',(22.225,4.74999999888241,-2.6));
#20430=CARTESIAN_POINT('Origin',(22.225,2.34999999888241,-1.1));
#20431=CARTESIAN_POINT('',(20.955,2.34999999888241,-2.6));
#20432=CARTESIAN_POINT('Origin',(21.59,3.54999999888241,-2.6));
#20433=CARTESIAN_POINT('Origin',(23.495,4.54999999888241,-1.3));
#20434=CARTESIAN_POINT('',(23.495,4.54999999888241,-1.3));
#20435=CARTESIAN_POINT('',(23.495,2.54999999888241,-1.3));
#20436=CARTESIAN_POINT('',(23.495,4.64999999888241,-1.3));
#20437=CARTESIAN_POINT('',(22.225,4.54999999888241,-1.3));
#20438=CARTESIAN_POINT('',(23.495,4.54999999888241,-1.3));
#20439=CARTESIAN_POINT('',(22.225,2.54999999888241,-1.3));
#20440=CARTESIAN_POINT('',(22.225,3.44999999888241,-1.3));
#20441=CARTESIAN_POINT('',(23.495,2.54999999888241,-1.3));
#20442=CARTESIAN_POINT('',(22.66,3.74999999888241,-1.3));
#20443=CARTESIAN_POINT('',(22.66,3.34999999888241,-1.3));
#20444=CARTESIAN_POINT('',(22.66,4.14999999888241,-1.3));
#20445=CARTESIAN_POINT('',(23.06,3.74999999888241,-1.3));
#20446=CARTESIAN_POINT('',(23.2775,3.74999999888241,-1.3));
#20447=CARTESIAN_POINT('',(23.06,3.34999999888241,-1.3));
#20448=CARTESIAN_POINT('',(23.06,3.94999999888241,-1.3));
#20449=CARTESIAN_POINT('',(23.0775,3.34999999888241,-1.3));
#20450=CARTESIAN_POINT('Origin',(23.495,4.54999999888241,-1.1));
#20451=CARTESIAN_POINT('',(23.495,4.54999999888241,-1.1));
#20452=CARTESIAN_POINT('',(23.495,4.54999999888241,-1.1));
#20453=CARTESIAN_POINT('',(22.225,4.54999999888241,-1.1));
#20454=CARTESIAN_POINT('',(23.1775,4.54999999888241,-1.1));
#20455=CARTESIAN_POINT('',(22.225,4.54999999888241,-1.1));
#20456=CARTESIAN_POINT('Origin',(23.495,2.54999999888241,-1.3));
#20457=CARTESIAN_POINT('',(23.495,2.54999999888241,-1.1));
#20458=CARTESIAN_POINT('',(23.495,2.54999999888241,-1.2));
#20459=CARTESIAN_POINT('',(22.225,2.54999999888241,-1.1));
#20460=CARTESIAN_POINT('',(22.225,2.54999999888241,-1.2));
#20461=CARTESIAN_POINT('',(23.1775,2.54999999888241,-1.1));
#20462=CARTESIAN_POINT('Origin',(22.225,2.34999999888241,-1.1));
#20463=CARTESIAN_POINT('',(22.225,4.64999999888241,-1.1));
#20464=CARTESIAN_POINT('',(22.225,4.74999999888241,-1.1));
#20465=CARTESIAN_POINT('',(22.225,4.64999999888241,-2.6));
#20466=CARTESIAN_POINT('',(22.225,4.64999999888241,-1.1));
#20467=CARTESIAN_POINT('',(22.225,2.44999999888241,-2.6));
#20468=CARTESIAN_POINT('',(22.225,4.74999999888241,-2.6));
#20469=CARTESIAN_POINT('',(22.225,2.44999999888241,-1.1));
#20470=CARTESIAN_POINT('',(22.225,2.44999999888241,-1.1));
#20471=CARTESIAN_POINT('',(22.225,4.74999999888241,-1.1));
#20472=CARTESIAN_POINT('Origin',(22.86,3.54999999888241,-1.1));
#20473=CARTESIAN_POINT('',(23.495,4.64999999888241,-1.1));
#20474=CARTESIAN_POINT('',(23.495,2.34999999888241,-1.1));
#20475=CARTESIAN_POINT('',(23.395,4.74999999888241,-1.1));
#20476=CARTESIAN_POINT('',(23.58625,4.55874999888241,-1.1));
#20477=CARTESIAN_POINT('',(22.325,4.74999999888241,-1.1));
#20478=CARTESIAN_POINT('',(23.495,4.74999999888241,-1.1));
#20479=CARTESIAN_POINT('',(22.13375,4.55874999888241,-1.1));
#20480=CARTESIAN_POINT('Origin',(23.06,3.34999999888241,-1.1));
#20481=CARTESIAN_POINT('',(23.06,3.74999999888241,-2.6));
#20482=CARTESIAN_POINT('',(23.06,3.74999999888241,-1.1));
#20483=CARTESIAN_POINT('',(23.06,3.34999999888241,-2.6));
#20484=CARTESIAN_POINT('',(23.06,3.74999999888241,-2.6));
#20485=CARTESIAN_POINT('',(23.06,3.34999999888241,-1.1));
#20486=CARTESIAN_POINT('Origin',(23.06,3.74999999888241,-1.1));
#20487=CARTESIAN_POINT('',(22.66,3.74999999888241,-2.6));
#20488=CARTESIAN_POINT('',(22.66,3.74999999888241,-1.1));
#20489=CARTESIAN_POINT('',(22.66,3.74999999888241,-2.6));
#20490=CARTESIAN_POINT('Origin',(22.275,2.39999999888241,-1.1));
#20491=CARTESIAN_POINT('',(22.325,2.34999999888241,-2.6));
#20492=CARTESIAN_POINT('',(22.13375,2.54124999888241,-2.6));
#20493=CARTESIAN_POINT('',(22.325,2.34999999888241,-1.1));
#20494=CARTESIAN_POINT('',(22.325,2.34999999888241,-1.1));
#20495=CARTESIAN_POINT('',(22.13375,2.54124999888241,-1.1));
#20496=CARTESIAN_POINT('Origin',(22.86,3.54999999888241,-1.1));
#20497=CARTESIAN_POINT('',(23.395,2.34999999888241,-1.1));
#20498=CARTESIAN_POINT('',(22.225,2.34999999888241,-1.1));
#20499=CARTESIAN_POINT('',(23.495,2.44999999888241,-1.1));
#20500=CARTESIAN_POINT('',(23.58625,2.54124999888241,-1.1));
#20501=CARTESIAN_POINT('',(23.495,2.34999999888241,-1.1));
#20502=CARTESIAN_POINT('Origin',(23.445,2.39999999888241,-1.1));
#20503=CARTESIAN_POINT('',(23.395,2.34999999888241,-2.6));
#20504=CARTESIAN_POINT('',(23.495,2.44999999888241,-2.6));
#20505=CARTESIAN_POINT('',(23.58625,2.54124999888241,-2.6));
#20506=CARTESIAN_POINT('',(23.495,2.44999999888241,-1.1));
#20507=CARTESIAN_POINT('',(23.395,2.34999999888241,-1.1));
#20508=CARTESIAN_POINT('Origin',(23.495,4.74999999888241,-1.1));
#20509=CARTESIAN_POINT('',(23.495,4.64999999888241,-2.6));
#20510=CARTESIAN_POINT('',(23.495,2.34999999888241,-2.6));
#20511=CARTESIAN_POINT('',(23.495,4.64999999888241,-1.1));
#20512=CARTESIAN_POINT('Origin',(23.445,4.69999999888241,-1.1));
#20513=CARTESIAN_POINT('',(23.395,4.74999999888241,-2.6));
#20514=CARTESIAN_POINT('',(23.58625,4.55874999888241,-2.6));
#20515=CARTESIAN_POINT('',(23.395,4.74999999888241,-1.1));
#20516=CARTESIAN_POINT('Origin',(22.275,4.69999999888241,-1.1));
#20517=CARTESIAN_POINT('',(22.325,4.74999999888241,-2.6));
#20518=CARTESIAN_POINT('',(22.13375,4.55874999888241,-2.6));
#20519=CARTESIAN_POINT('',(22.325,4.74999999888241,-1.1));
#20520=CARTESIAN_POINT('Origin',(22.66,3.74999999888241,-1.1));
#20521=CARTESIAN_POINT('',(22.66,3.34999999888241,-2.6));
#20522=CARTESIAN_POINT('',(22.66,3.34999999888241,-1.1));
#20523=CARTESIAN_POINT('',(22.66,3.34999999888241,-2.6));
#20524=CARTESIAN_POINT('Origin',(22.66,3.34999999888241,-1.1));
#20525=CARTESIAN_POINT('',(23.06,3.34999999888241,-2.6));
#20526=CARTESIAN_POINT('Origin',(22.225,4.74999999888241,-1.1));
#20527=CARTESIAN_POINT('',(23.495,4.74999999888241,-2.6));
#20528=CARTESIAN_POINT('Origin',(23.495,2.34999999888241,-1.1));
#20529=CARTESIAN_POINT('',(22.225,2.34999999888241,-2.6));
#20530=CARTESIAN_POINT('Origin',(22.86,3.54999999888241,-2.6));
#20531=CARTESIAN_POINT('Origin',(24.765,4.54999999888241,-1.3));
#20532=CARTESIAN_POINT('',(24.765,4.54999999888241,-1.3));
#20533=CARTESIAN_POINT('',(24.765,2.54999999888241,-1.3));
#20534=CARTESIAN_POINT('',(24.765,4.64999999888241,-1.3));
#20535=CARTESIAN_POINT('',(23.495,4.54999999888241,-1.3));
#20536=CARTESIAN_POINT('',(24.765,4.54999999888241,-1.3));
#20537=CARTESIAN_POINT('',(23.495,2.54999999888241,-1.3));
#20538=CARTESIAN_POINT('',(23.495,3.44999999888241,-1.3));
#20539=CARTESIAN_POINT('',(24.765,2.54999999888241,-1.3));
#20540=CARTESIAN_POINT('',(23.93,3.74999999888241,-1.3));
#20541=CARTESIAN_POINT('',(23.93,3.34999999888241,-1.3));
#20542=CARTESIAN_POINT('',(23.93,4.14999999888241,-1.3));
#20543=CARTESIAN_POINT('',(24.33,3.74999999888241,-1.3));
#20544=CARTESIAN_POINT('',(24.5475,3.74999999888241,-1.3));
#20545=CARTESIAN_POINT('',(24.33,3.34999999888241,-1.3));
#20546=CARTESIAN_POINT('',(24.33,3.94999999888241,-1.3));
#20547=CARTESIAN_POINT('',(24.3475,3.34999999888241,-1.3));
#20548=CARTESIAN_POINT('Origin',(24.765,4.54999999888241,-1.1));
#20549=CARTESIAN_POINT('',(24.765,4.54999999888241,-1.1));
#20550=CARTESIAN_POINT('',(24.765,4.54999999888241,-1.1));
#20551=CARTESIAN_POINT('',(23.495,4.54999999888241,-1.1));
#20552=CARTESIAN_POINT('',(24.4475,4.54999999888241,-1.1));
#20553=CARTESIAN_POINT('',(23.495,4.54999999888241,-1.1));
#20554=CARTESIAN_POINT('Origin',(24.765,2.54999999888241,-1.3));
#20555=CARTESIAN_POINT('',(24.765,2.54999999888241,-1.1));
#20556=CARTESIAN_POINT('',(24.765,2.54999999888241,-1.2));
#20557=CARTESIAN_POINT('',(23.495,2.54999999888241,-1.1));
#20558=CARTESIAN_POINT('',(23.495,2.54999999888241,-1.2));
#20559=CARTESIAN_POINT('',(24.4475,2.54999999888241,-1.1));
#20560=CARTESIAN_POINT('Origin',(23.495,2.34999999888241,-1.1));
#20561=CARTESIAN_POINT('',(23.495,4.64999999888241,-1.1));
#20562=CARTESIAN_POINT('',(23.495,4.74999999888241,-1.1));
#20563=CARTESIAN_POINT('',(23.495,4.64999999888241,-2.6));
#20564=CARTESIAN_POINT('',(23.495,4.64999999888241,-1.1));
#20565=CARTESIAN_POINT('',(23.495,2.44999999888241,-2.6));
#20566=CARTESIAN_POINT('',(23.495,4.74999999888241,-2.6));
#20567=CARTESIAN_POINT('',(23.495,2.44999999888241,-1.1));
#20568=CARTESIAN_POINT('',(23.495,2.44999999888241,-1.1));
#20569=CARTESIAN_POINT('',(23.495,4.74999999888241,-1.1));
#20570=CARTESIAN_POINT('Origin',(24.13,3.54999999888241,-1.1));
#20571=CARTESIAN_POINT('',(24.765,4.64999999888241,-1.1));
#20572=CARTESIAN_POINT('',(24.765,2.34999999888241,-1.1));
#20573=CARTESIAN_POINT('',(24.665,4.74999999888241,-1.1));
#20574=CARTESIAN_POINT('',(24.85625,4.55874999888241,-1.1));
#20575=CARTESIAN_POINT('',(23.595,4.74999999888241,-1.1));
#20576=CARTESIAN_POINT('',(24.765,4.74999999888241,-1.1));
#20577=CARTESIAN_POINT('',(23.40375,4.55874999888241,-1.1));
#20578=CARTESIAN_POINT('Origin',(24.33,3.34999999888241,-1.1));
#20579=CARTESIAN_POINT('',(24.33,3.74999999888241,-2.6));
#20580=CARTESIAN_POINT('',(24.33,3.74999999888241,-1.1));
#20581=CARTESIAN_POINT('',(24.33,3.34999999888241,-2.6));
#20582=CARTESIAN_POINT('',(24.33,3.74999999888241,-2.6));
#20583=CARTESIAN_POINT('',(24.33,3.34999999888241,-1.1));
#20584=CARTESIAN_POINT('Origin',(24.33,3.74999999888241,-1.1));
#20585=CARTESIAN_POINT('',(23.93,3.74999999888241,-2.6));
#20586=CARTESIAN_POINT('',(23.93,3.74999999888241,-1.1));
#20587=CARTESIAN_POINT('',(23.93,3.74999999888241,-2.6));
#20588=CARTESIAN_POINT('Origin',(23.545,2.39999999888241,-1.1));
#20589=CARTESIAN_POINT('',(23.595,2.34999999888241,-2.6));
#20590=CARTESIAN_POINT('',(23.40375,2.54124999888241,-2.6));
#20591=CARTESIAN_POINT('',(23.595,2.34999999888241,-1.1));
#20592=CARTESIAN_POINT('',(23.595,2.34999999888241,-1.1));
#20593=CARTESIAN_POINT('',(23.40375,2.54124999888241,-1.1));
#20594=CARTESIAN_POINT('Origin',(24.13,3.54999999888241,-1.1));
#20595=CARTESIAN_POINT('',(24.665,2.34999999888241,-1.1));
#20596=CARTESIAN_POINT('',(23.495,2.34999999888241,-1.1));
#20597=CARTESIAN_POINT('',(24.765,2.44999999888241,-1.1));
#20598=CARTESIAN_POINT('',(24.85625,2.54124999888241,-1.1));
#20599=CARTESIAN_POINT('',(24.765,2.34999999888241,-1.1));
#20600=CARTESIAN_POINT('Origin',(24.715,2.39999999888241,-1.1));
#20601=CARTESIAN_POINT('',(24.665,2.34999999888241,-2.6));
#20602=CARTESIAN_POINT('',(24.765,2.44999999888241,-2.6));
#20603=CARTESIAN_POINT('',(24.85625,2.54124999888241,-2.6));
#20604=CARTESIAN_POINT('',(24.765,2.44999999888241,-1.1));
#20605=CARTESIAN_POINT('',(24.665,2.34999999888241,-1.1));
#20606=CARTESIAN_POINT('Origin',(24.765,4.74999999888241,-1.1));
#20607=CARTESIAN_POINT('',(24.765,4.64999999888241,-2.6));
#20608=CARTESIAN_POINT('',(24.765,2.34999999888241,-2.6));
#20609=CARTESIAN_POINT('',(24.765,4.64999999888241,-1.1));
#20610=CARTESIAN_POINT('Origin',(24.715,4.69999999888241,-1.1));
#20611=CARTESIAN_POINT('',(24.665,4.74999999888241,-2.6));
#20612=CARTESIAN_POINT('',(24.85625,4.55874999888241,-2.6));
#20613=CARTESIAN_POINT('',(24.665,4.74999999888241,-1.1));
#20614=CARTESIAN_POINT('Origin',(23.545,4.69999999888241,-1.1));
#20615=CARTESIAN_POINT('',(23.595,4.74999999888241,-2.6));
#20616=CARTESIAN_POINT('',(23.40375,4.55874999888241,-2.6));
#20617=CARTESIAN_POINT('',(23.595,4.74999999888241,-1.1));
#20618=CARTESIAN_POINT('Origin',(23.93,3.74999999888241,-1.1));
#20619=CARTESIAN_POINT('',(23.93,3.34999999888241,-2.6));
#20620=CARTESIAN_POINT('',(23.93,3.34999999888241,-1.1));
#20621=CARTESIAN_POINT('',(23.93,3.34999999888241,-2.6));
#20622=CARTESIAN_POINT('Origin',(23.93,3.34999999888241,-1.1));
#20623=CARTESIAN_POINT('',(24.33,3.34999999888241,-2.6));
#20624=CARTESIAN_POINT('Origin',(23.495,4.74999999888241,-1.1));
#20625=CARTESIAN_POINT('',(24.765,4.74999999888241,-2.6));
#20626=CARTESIAN_POINT('Origin',(24.765,2.34999999888241,-1.1));
#20627=CARTESIAN_POINT('',(23.495,2.34999999888241,-2.6));
#20628=CARTESIAN_POINT('Origin',(24.13,3.54999999888241,-2.6));
#20629=UNCERTAINTY_MEASURE_WITH_UNIT(LENGTH_MEASURE(0.01),#20633,
'DISTANCE_ACCURACY_VALUE',
'Maximum model space distance between geometric entities at asserted c
onnectivities');
#20630=UNCERTAINTY_MEASURE_WITH_UNIT(LENGTH_MEASURE(0.01),#20633,
'DISTANCE_ACCURACY_VALUE',
'Maximum model space distance between geometric entities at asserted c
onnectivities');
#20631=(
GEOMETRIC_REPRESENTATION_CONTEXT(3)
GLOBAL_UNCERTAINTY_ASSIGNED_CONTEXT((#20629))
GLOBAL_UNIT_ASSIGNED_CONTEXT((#20633,#20635,#20636))
REPRESENTATION_CONTEXT('','3D')
);
#20632=(
GEOMETRIC_REPRESENTATION_CONTEXT(3)
GLOBAL_UNCERTAINTY_ASSIGNED_CONTEXT((#20630))
GLOBAL_UNIT_ASSIGNED_CONTEXT((#20633,#20635,#20636))
REPRESENTATION_CONTEXT('','3D')
);
#20633=(
LENGTH_UNIT()
NAMED_UNIT(*)
SI_UNIT(.MILLI.,.METRE.)
);
#20634=(
LENGTH_UNIT()
NAMED_UNIT(*)
SI_UNIT($,.METRE.)
);
#20635=(
NAMED_UNIT(*)
PLANE_ANGLE_UNIT()
SI_UNIT($,.RADIAN.)
);
#20636=(
NAMED_UNIT(*)
SI_UNIT($,.STERADIAN.)
SOLID_ANGLE_UNIT()
);
#20637=SHAPE_DEFINITION_REPRESENTATION(#20638,#20639);
#20638=PRODUCT_DEFINITION_SHAPE('',$,#20641);
#20639=SHAPE_REPRESENTATION('',(#12945),#20631);
#20640=PRODUCT_DEFINITION_CONTEXT('part definition',#20645,'design');
#20641=PRODUCT_DEFINITION('1.27mm Right Angle','1.27mm Right Angle v3',
#20642,#20640);
#20642=PRODUCT_DEFINITION_FORMATION('',$,#20647);
#20643=PRODUCT_RELATED_PRODUCT_CATEGORY('1.27mm Right Angle v3',
'1.27mm Right Angle v3',(#20647));
#20644=APPLICATION_PROTOCOL_DEFINITION('international standard',
'automotive_design',2009,#20645);
#20645=APPLICATION_CONTEXT(
'Core Data for Automotive Mechanical Design Process');
#20646=PRODUCT_CONTEXT('part definition',#20645,'mechanical');
#20647=PRODUCT('1.27mm Right Angle','1.27mm Right Angle v3',$,(#20646));
#20648=PRESENTATION_STYLE_ASSIGNMENT((#20651));
#20649=PRESENTATION_STYLE_ASSIGNMENT((#20652));
#20650=PRESENTATION_STYLE_ASSIGNMENT((#20653));
#20651=SURFACE_STYLE_USAGE(.BOTH.,#20654);
#20652=SURFACE_STYLE_USAGE(.BOTH.,#20655);
#20653=SURFACE_STYLE_USAGE(.BOTH.,#20656);
#20654=SURFACE_SIDE_STYLE('',(#20657));
#20655=SURFACE_SIDE_STYLE('',(#20658));
#20656=SURFACE_SIDE_STYLE('',(#20659));
#20657=SURFACE_STYLE_FILL_AREA(#20660);
#20658=SURFACE_STYLE_FILL_AREA(#20661);
#20659=SURFACE_STYLE_FILL_AREA(#20662);
#20660=FILL_AREA_STYLE('Steel - Satin',(#20663));
#20661=FILL_AREA_STYLE('Brass - Polished',(#20664));
#20662=FILL_AREA_STYLE('Plastic - Glossy (Black)',(#20665));
#20663=FILL_AREA_STYLE_COLOUR('Steel - Satin',#20666);
#20664=FILL_AREA_STYLE_COLOUR('Brass - Polished',#20667);
#20665=FILL_AREA_STYLE_COLOUR('Plastic - Glossy (Black)',#20668);
#20666=COLOUR_RGB('Steel - Satin',0.627450980392157,0.627450980392157,0.627450980392157);
#20667=COLOUR_RGB('Brass - Polished',0.952941176470588,0.796078431372549,
0.486274509803922);
#20668=COLOUR_RGB('Plastic - Glossy (Black)',0.0980392156862745,0.0980392156862745,
0.0980392156862745);
ENDSEC;
END-ISO-10303-21;
